datetime,oahu0012_0001,oahu0012_0002,oahu0012_0003,oahu0012_0004,oahu0012_0005,oahu0012_0006,oahu0012_0007,oahu0012_0008,oahu0012_0009,oahu0012_0010,oahu0012_0011,oahu0012_0012,oahu0012_0013,oahu0012_0014,oahu0012_0015,oahu0012_0016,oahu0012_0017,oahu0012_0018,oahu0012_0019,oahu0012_0020,oahu0012_0021,oahu0012_0022,oahu0012_0023,oahu0012_0024,oahu0012_0025,oahu0012_0026,oahu0012_0027,oahu0012_0028,oahu0012_0029,oahu0012_0030,oahu0012_0031,oahu0012_0032,oahu0012_0033,oahu0012_0034,oahu0012_0035,oahu0012_0036,oahu0012_0037,oahu0012_0038,oahu0012_0039,oahu0012_0040,oahu0012_0041,oahu0012_0042,oahu0012_0043,oahu0012_0044,oahu0012_0045,oahu0012_0046,oahu0012_0047,oahu0012_0048,oahu0012_0049,oahu0012_0050,oahu0012_0051,oahu0012_0052,oahu0012_0053,oahu0012_0054,oahu0012_0055,oahu0012_0056,oahu0012_0057,oahu0012_0058,oahu0012_0059,oahu0012_0060,oahu0012_0061,oahu0012_0062,oahu0012_0063,oahu0012_0064,oahu0012_0065,oahu0012_0066,oahu0012_0067,oahu0012_0068,oahu0012_0069,oahu0012_0070,oahu0012_0071,oahu0012_0072,oahu0012_0073,oahu0012_0074,oahu0012_0075,oahu0012_0076,oahu0012_0077,oahu0012_0078,oahu0012_0079,oahu0012_0080,oahu0012_0081,oahu0012_0082,oahu0012_0083,oahu0012_0084,oahu0012_0085,oahu0012_0086,oahu0012_0087,oahu0012_0088,oahu0012_0089,oahu0012_0090,oahu0012_0091,oahu0012_0092,oahu0012_0093,oahu0012_0094,oahu0012_0095,oahu0012_0096,oahu0012_0097,oahu0012_0098,oahu0012_0099,oahu0012_0100,oahu0012_0101,oahu0012_0102,oahu0012_0103,oahu0012_0104,oahu0012_0105,oahu0012_0106,oahu0012_0107,oahu0012_0108,oahu0012_0109,oahu0012_0110,oahu0012_0111,oahu0012_0112,oahu0012_0113,oahu0012_0114,oahu0012_0115,oahu0012_0116,oahu0012_0117,oahu0012_0118,oahu0012_0119,oahu0012_0120,oahu0012_0121,oahu0012_0122,oahu0012_0123,oahu0012_0124,oahu0012_0125,oahu0012_0126,oahu0012_0127,oahu0012_0128,oahu0012_0129,oahu0012_0130,oahu0012_0131,oahu0012_0132,oahu0012_0133,oahu0012_0134,oahu0012_0135,oahu0012_0136,oahu0012_0137,oahu0012_0138,oahu0012_0139,oahu0012_0140,oahu0012_0141,oahu0012_0142,oahu0012_0143,oahu0012_0144,oahu0012_0145,oahu0012_0146,oahu0012_0147,oahu0012_0148,oahu0012_0149,oahu0012_0150,oahu0012_0151,oahu0012_0152,oahu0012_0153,oahu0012_0154,oahu0012_0155,oahu0012_0156,oahu0012_0157,oahu0012_0158,oahu0012_0159,oahu0012_0160,oahu0012_0161,oahu0012_0162,oahu0012_0163,oahu0012_0164,oahu0012_0165,oahu0012_0166,oahu0012_0167,oahu0012_0168,oahu0012_0169,oahu0012_0170,oahu0012_0171,oahu0012_0172,oahu0012_0173,oahu0012_0174,oahu0012_0175,oahu0012_0176,oahu0012_0177,oahu0012_0178,oahu0012_0179,oahu0012_0180,oahu0012_0181,oahu0012_0182,oahu0012_0183,oahu0012_0184,oahu0012_0185,oahu0012_0186,oahu0012_0187,oahu0012_0188,oahu0012_0189,oahu0012_0190,oahu0012_0191,oahu0012_0192,oahu0012_0193,oahu0012_0194,oahu0012_0195,oahu0012_0196,oahu0012_0197,oahu0012_0198,oahu0012_0199,oahu0012_0200,oahu0012_0201,oahu0012_0202,oahu0012_0203,oahu0012_0204,oahu0012_0205,oahu0012_0206,oahu0012_0207,oahu0012_0208,oahu0012_0209,oahu0012_0210,oahu0012_0211,oahu0012_0212,oahu0012_0213,oahu0012_0214,oahu0012_0215,oahu0012_0216,oahu0012_0217,oahu0012_0218,oahu0012_0219,oahu0012_0220,oahu0012_0221,oahu0012_0222,oahu0012_0223,oahu0012_0224,oahu0012_0225,oahu0012_0226,oahu0012_0227,oahu0012_0228,oahu0012_0229,oahu0012_0230,oahu0012_0231,oahu0012_0232,oahu0012_0233,oahu0012_0234,oahu0012_0235,oahu0012_0236,oahu0012_0237,oahu0012_0238,oahu0012_0239,oahu0012_0240,oahu0012_0241,oahu0012_0242,oahu0012_0243,oahu0012_0244,oahu0012_0245,oahu0012_0246
1999-07-31 00:00:00-10:00,92.94887748,90.36068275,101.8017573,101.9595848,93.93271487,87.5683501,80.73440333,77.74705093,76.86452281,76.20312869,69.74333814,,68.65091227,,86.24146356,93.0738898,100.0087909,94.58433902,77.36596456,74.41541111,62.13372965,56.27552236,52.92146763,49.86353983,50.08446802,49.40606206,50.88007434,52.03425959,52.76670937,52.5833154,58.19642781,62.26055119,66.57228052,71.28249706,74.76425904,104.9779287,75.05775904,64.99428883,61.9590138,63.54947501,62.90544171,65.70038406,66.06630371,67.73601795,68.79694142,78.76622576,83.05116661,89.93410788,91.37275763,,,86.18098192,92.51364856,78.80208102,68.58812645,62.50172612,60.6658463,59.2935016,63.44377179,64.86978545,59.01753855,55.04238551,56.14855576,53.76606657,53.39872707,55.17275016,52.92465913,53.15106213,54.18176114,48.07496622,47.42687338,48.81293795,53.1839222,,,,,,,46.17123551,47.81769291,48.15675322,55.54383393,,,,,60.45204936,56.46566664,55.03687648,52.18590682,,,,,,56.99863609,53.13695591,46.22097782,39.32822428,35.86512748,32.88361467,,,,45.65360761,46.1892319,44.35967819,48.98329392,52.70842265,91.65490064,69.28749543,58.35781569,56.56861315,59.86964994,59.40848927,55.60803397,53.81688919,55.4229661,56.84393865,53.85675927,44.42016496,37.00041288,31.9419137,23.93419182,25.7473624,27.82887811,28.56007956,28.34132534,27.92379669,28.33081432,31.21127675,36.28111464,38.93442075,44.39622688,46.69928182,45.68783792,45.76987035,39.5175925,27.9005256,27.40630032,34.05594899,39.67959989,37.90745499,35.28044918,33.76738571,32.98450853,37.77223761,52.21471351,49.40228069,49.57131091,47.85273657,48.39258742,44.34872203,37.82764612,32.17357896,31.16088617,29.69845841,26.47251126,23.43999162,24.76425878,27.03002736,31.33784141,37.40974386,38.26851954,39.62340423,36.79306058,38.46331339,36.38738832,37.97994934,34.93659929,33.48042453,34.2594261,34.42593869,39.64349766,36.27022889,36.0267587,33.18813578,23.4047139,29.41758224,32.80889555,46.61745456,43.70694914,30.21806419,30.60844236,32.19509186,35.12027231,34.47080468,35.61791997,32.0593031,30.02870635,26.91522572,22.79711897,24.45635064,30.32601798,32.47263996,35.63677116,35.59375561,35.70878737,32.84743749,29.77279062,27.75243046,25.17603024,23.89914374,22.45016108,24.68188565,23.93178185,24.92373671,23.55612124,21.07632252,18.11507897,16.65686021,17.95338897,16.91743823,15.25408355,13.18548631,14.00676496,14.29192376,14.30250882,14.42606328,15.31808274,20.03952922,23.01349112,27.28463676,29.31593604,31.12068753,27.76704514,23.84714982,22.48306405,21.19143161,23.95088378,27.80503887,39.41658309,39.56877198,27.10088978,24.24048548,26.72526711,21.37076002,20.29776614,21.77287973,25.41365905,23.24477904,24.31495961,29.0938784,34.77381335,37.5787349
1999-08-31 00:00:00-10:00,93.05439624,90.11111347,101.3056694,101.5220771,93.75985569,87.33748136,80.70535072,77.70511035,76.80094978,76.13433967,69.72234928,65.41171503,68.60450314,72.41495519,86.03662349,92.98274772,99.82572024,94.44347834,77.39404188,74.45651639,62.26395482,56.44696071,53.1312212,50.05198827,50.20183654,49.49970747,50.89701363,51.98862711,52.66407444,52.48180223,58.08414744,62.26024994,66.62083461,71.29713313,74.97778405,105.0366896,75.00171971,64.95998705,61.95190373,63.46071824,62.91557107,65.64324077,65.97758062,67.63490397,68.67082111,78.57846628,82.70423009,89.40655142,91.05055527,,,86.22858875,92.38957319,79.00444256,68.81324207,62.81701543,61.01737669,59.64464904,63.75473696,64.88959902,59.0928432,55.138124,56.3578857,54.0115385,53.60094639,55.35595795,53.08648638,53.26017629,54.18317888,48.22230138,47.60082489,48.98405354,53.23323519,52.44299054,49.883379,,,,,46.07537082,47.68078968,47.8927637,55.1101526,,,,,60.22510821,56.21979695,54.76399838,51.89882403,,,,,,56.85908569,52.82834697,45.89578306,39.08501847,35.73471729,32.84653487,40.80771413,44.14259074,44.16946288,45.30972102,45.87869334,44.05610746,48.68038621,52.43314946,91.4150572,69.12868694,58.18727781,56.4134019,59.7096086,59.26317711,55.40769683,53.63500329,55.23135144,56.68104147,53.69254223,44.15547143,36.8223002,31.73993361,23.80235991,25.53731335,27.60423841,28.33552167,28.16409241,27.77141741,28.18670829,31.09811512,36.14659873,38.79126575,44.28639472,46.54185609,45.51553622,45.68106003,39.42401106,27.78401013,27.34680093,33.95429928,39.57387575,37.80561973,35.20746976,33.69372308,32.89466395,37.71739124,52.10723294,49.35052635,49.53138258,47.89964006,48.40461523,44.31826925,37.79702374,32.19128743,31.11384516,29.64070409,26.41985597,23.45629895,24.79991546,26.99189157,31.24996787,37.29435551,38.15602131,39.49852789,36.64860232,38.32526349,36.22858808,37.83410256,34.81510736,33.35271076,34.1219028,34.25717761,39.44840415,36.17353311,35.87156477,33.09529306,23.3545064,29.38408282,32.74888799,46.51829192,43.65093547,30.22520486,30.60979191,32.11533302,34.97496294,34.38818037,35.55575937,32.04002319,30.05738875,26.91075632,22.74410445,24.40415622,30.20226492,32.34474096,35.430213,35.36302548,35.48565385,32.68471272,29.67271395,27.64130595,25.07674213,23.81127727,22.36854773,24.57577506,23.79171853,24.76434387,23.41749283,20.95406002,18.00068765,16.55024267,17.7860757,16.75519401,15.15971486,13.04122427,13.79408234,14.0387141,14.06205765,14.24504264,15.17719068,19.86343079,22.8349722,27.04193297,29.05496294,30.81322398,27.66727383,23.74051611,22.37485299,21.08999408,23.75151529,27.55930086,39.14419739,39.44065995,26.99965267,24.12112258,26.45216647,21.22418714,20.11991246,21.62839521,25.09619575,22.9937163,24.15936412,28.96871193,34.64730614,37.45406251
1999-09-30 00:00:00-10:00,93.15603617,89.86535793,100.8201659,101.095698,93.59996244,87.11623286,80.6896457,77.67426719,76.74686732,76.0729414,69.70835409,65.35436999,68.56319538,72.40141588,85.83685911,92.89701927,99.65226083,94.3128825,77.43271005,74.50628707,62.39978676,56.62135504,53.34302034,50.24055095,50.31805169,49.59136668,50.91014084,51.93800582,52.55651312,52.3759959,57.96772071,62.25742435,66.66885535,71.31371486,75.19212278,105.0970931,74.9497952,64.92747853,61.9466002,63.37668989,62.93365552,65.5958285,65.89834819,67.53875382,68.55352518,78.40229941,82.37511374,88.89391357,90.73959497,,,86.27886926,92.2675059,79.21383197,69.04871795,63.13959431,61.37414034,59.99933383,64.05907798,64.89434067,59.15465215,55.21996058,56.55159483,54.24249637,53.78910846,55.52574127,53.23536703,53.35790656,54.17127407,48.35506187,47.76013121,49.14029667,53.27248021,52.10865893,49.58661545,49.61683233,45.87523369,43.80360319,,45.98258034,47.54535398,47.64122115,54.68032749,,,,,60.00625528,55.98161561,54.49677194,51.61886372,,,,,,56.72709066,52.53051508,45.58232253,38.85113875,35.61032864,32.8143857,40.74357333,44.07137314,44.02575074,44.9690462,45.57108047,43.75445874,48.38050891,52.15970924,91.17698948,68.97016361,58.01978489,56.26114297,59.55156945,59.11867255,55.20886945,53.45521662,55.04113315,56.51929187,53.52894335,43.89004709,36.64361807,31.537934,23.66988771,25.32910498,27.38283663,28.11408988,27.98926203,27.62027892,28.04305085,30.98476524,36.01188196,38.64799978,44.17519024,46.38440485,45.34391421,45.59256843,39.331244,27.66932185,27.28669865,33.85346732,39.46949086,37.70607388,35.13792092,33.6250893,32.81012821,37.66473283,51.99776108,49.29696876,49.49256807,47.94619953,48.41692642,44.28736804,37.76696784,32.20975498,31.06838916,29.58578796,26.37013329,23.47287195,24.83449042,26.9535566,31.16237955,37.17999217,38.04581961,39.37583834,36.50780395,38.18882965,36.07232879,37.69082341,34.69642312,33.2279135,33.98662701,34.09079462,39.25484575,36.0788815,35.71870786,33.0042953,23.30619228,29.35214985,32.69075283,46.42016354,43.59535559,30.23449162,30.61249434,32.03635157,34.83037652,34.30695828,35.49274685,32.02013278,30.08483589,26.90695008,22.69331832,24.35375582,30.08135525,32.21972007,35.22604229,35.13524562,35.2649747,32.52219058,29.5729197,27.53174557,24.97889432,23.72493727,22.28792431,24.47090829,23.65181986,24.60547029,23.27990816,20.833818,17.88858305,16.44530272,17.62047806,16.59455591,15.0658287,12.89913036,13.58464101,13.7883283,13.8245421,14.06598971,15.03707312,19.68804828,22.65703906,26.80158816,28.79643535,30.50787451,27.56815768,23.63585234,22.26850209,20.98999739,23.55420615,27.31593944,38.87349301,39.31259646,26.89999785,24.00421744,26.18478813,21.08274452,19.94662455,21.4895219,24.7831958,22.7451737,24.00486195,28.84371963,34.52176738,37.33019346
1999-10-31 00:00:00-10:00,93.25205289,89.62267284,100.344725,100.6799945,93.45283835,86.90433293,80.6874724,77.65491742,76.70277098,76.01941169,69.70185856,65.30389835,68.52653133,72.38808788,85.64165492,92.81626175,99.48786629,94.19191308,77.48129302,74.56414998,62.54055087,56.79798347,53.55611536,50.42842914,50.43254324,49.68051503,50.91886556,51.88179787,52.44332694,52.26517493,57.84643649,62.25132475,66.71552045,71.33126166,75.40625565,105.1580323,74.90104435,64.89584271,61.9423252,63.29656964,62.95909181,65.55762748,65.82824884,67.4467414,68.44409867,78.23696477,82.0633573,88.39543408,90.43863388,85.98855925,89.63091919,86.33163647,92.1473556,79.42941034,69.29389467,63.46866024,61.7352496,60.35669328,64.35593665,64.88334542,59.20247993,55.28744856,56.72911648,54.45815743,53.96242226,55.68139257,53.37078091,53.44395451,54.14591434,48.47264183,47.90416122,49.28090821,53.30065821,51.76658197,49.28230578,49.42217685,45.87026136,43.81198945,41.2911269,45.89215536,47.41067277,47.4018058,54.25413074,,58.64967678,59.7156355,56.57674652,59.79434648,55.7501558,54.23441538,51.34523854,44.5301522,45.95392992,48.1641754,48.00079333,49.8961229,56.60228244,52.24351776,45.28060181,38.62642731,35.49163415,32.78694787,40.68286875,44.00373956,43.88520128,44.63164548,45.26642891,43.45474402,48.08353365,51.88791912,90.94035086,68.81155075,57.85493697,56.11138706,59.39517859,58.97475086,55.01140981,53.27742921,54.85226473,56.3585857,53.36582567,43.62342475,36.46374403,31.33540475,23.53661981,25.12256578,27.16450316,27.89557433,27.8166517,27.47018833,27.89973649,30.87113384,35.87686732,38.50436531,44.06219053,46.2264187,45.17260404,45.50398497,39.23888487,27.55617942,27.22558978,33.75306745,39.36603102,37.60837554,35.07143955,33.56114589,32.73056202,37.61389657,51.8862551,49.24108122,49.45435724,47.99204092,48.42919773,44.25573841,37.73713993,32.22867706,31.0243201,29.53350226,26.32282016,23.4893464,24.86774096,26.91462732,31.07475139,37.06621479,37.93736961,39.25475473,36.37028045,38.05375722,35.9184278,37.54992377,34.58042312,33.1059404,33.85340395,33.92650816,39.06232275,35.98555846,35.56774776,32.91470068,23.25948466,29.32154813,32.6342765,46.32281409,43.53983291,30.2455642,30.61628037,31.95784685,34.68617967,34.22689353,35.42854854,31.99925129,30.11058386,26.90344317,22.64443197,24.30476853,29.96274929,32.09696842,35.02363751,34.90994565,35.04643286,32.35956431,29.47316773,27.42350253,24.88232702,23.63996466,22.20807665,24.3668044,23.511535,24.44655729,23.1428256,20.71509784,17.77833068,16.34161965,17.45627603,16.43513022,14.97215109,12.75912276,13.37845036,13.54095518,13.59004088,13.8888187,14.89749881,19.51314972,22.47938958,26.56338991,28.540149,30.20443212,27.46930672,23.53265971,22.16352287,20.89090529,23.35871182,27.07491682,38.60458664,39.18450885,26.80169447,23.8893894,25.92273202,20.94612169,19.77766998,21.35591961,24.47469301,22.49925928,23.85135963,28.71878813,34.39699148,37.20682704
1999-11-30 00:00:00-10:00,93.34009064,89.38213562,99.87818198,100.2738875,93.31769993,86.70097962,80.69855481,77.6471355,76.66890395,75.97403407,69.70319877,65.26029921,68.49391903,72.37466398,85.45016807,92.73962784,99.3314974,94.07937817,77.53853749,74.62906866,62.68515282,56.97575043,53.7693984,50.61448577,50.5444352,49.76627913,50.92224686,51.81903393,52.32342952,52.14821789,57.7191749,62.24075517,66.75958482,71.34830123,75.61895378,105.2181403,74.85405208,64.86370472,61.93783286,63.21876968,62.99053874,65.52739481,65.76625021,67.35737747,68.34087383,78.08101829,81.76790731,87.90976339,90.1457447,86.11310186,89.56904339,86.3864877,92.02875206,79.64973088,69.54752576,63.80291334,62.09936864,60.71548269,64.64438535,64.85614712,59.23619613,55.34053916,56.89032455,54.65819299,54.12053254,55.8226701,53.49267715,53.51850088,54.10749305,48.574851,48.03266116,49.40546973,53.31710183,51.41738182,48.97032596,49.22138888,45.85897293,43.81659569,41.53480268,45.80313651,47.27577452,47.17375166,53.83110575,51.55357982,58.61902751,59.75859605,56.69205726,59.58769048,55.52398381,53.97578146,51.07671096,44.65106007,46.02373367,48.21192323,48.09026259,49.95558328,56.483996,51.96707057,44.99026379,38.41040819,35.37802725,32.76372753,40.62518409,43.93933686,43.7480378,44.29770059,44.96491417,43.15715041,47.78931139,51.61755704,90.70472619,68.65232953,57.69209926,55.96342929,59.23980946,58.8309924,54.81501162,53.10137211,54.66451899,56.1986159,53.20285976,43.35493079,36.28181983,31.13158771,23.40222055,24.91733841,26.94880429,27.67951187,27.64584544,27.3207361,27.75644566,30.75693745,35.74134748,38.36004097,43.94690512,46.06732812,45.00096111,45.41473843,39.14630895,27.44410247,27.16293897,33.65261325,39.2629743,37.51191826,35.00743981,33.50125682,32.6552974,37.56419424,51.77251333,49.18233978,49.41623372,48.03671588,48.44095071,44.22282274,37.70696776,32.24757562,30.98125606,29.48343666,26.27714247,23.50514467,24.89921486,26.87458097,30.98669771,36.95255425,37.82993617,39.13450602,36.23537682,37.91958262,35.76649157,37.41099605,34.46679092,32.98652148,33.72183147,33.76380767,38.87003012,35.8925582,35.41805209,32.82591982,23.21398138,29.29190857,32.57909938,46.2258343,43.4838865,30.25785627,30.62072174,31.87928777,34.54184374,34.14754286,35.36269497,31.97685418,30.13410977,26.89978494,22.59699719,24.25671085,29.84564509,31.97562093,34.82213988,34.68638162,34.82942626,32.19647046,29.37320868,27.31627151,24.78680035,23.55610655,22.12868583,24.26287881,23.37022929,24.28695661,23.00562963,20.59725437,17.66935918,16.23860688,17.29298442,16.27636528,14.87836405,12.62100111,13.17542314,13.296771,13.35862067,13.71353837,14.75836472,19.33860986,22.30188918,26.32698733,28.28574147,29.9024955,27.37018718,23.43026921,22.05926186,20.79209339,23.16460153,26.83600412,38.33743941,39.0563818,26.70448628,23.77619608,25.66527161,20.81370769,19.61254083,21.2269078,24.17045774,22.25594632,23.69863108,28.59371652,34.27261811,37.08353662
1999-12-31 00:00:00-10:00,93.41755226,89.1428365,99.4189679,99.87580582,93.1932645,86.50491657,80.72220894,77.65066798,76.64520971,75.93685656,69.71252121,65.22346565,68.46480312,72.36085445,85.26139089,92.66595248,99.181756,93.97367515,77.60273942,74.69966109,62.83222553,57.15340098,53.98163484,50.79753981,50.65284103,49.84773976,50.91933011,51.74875898,52.19576374,52.02403131,57.58483098,62.22446407,66.79970857,71.36314478,75.82899845,105.2759714,74.80700808,64.82928779,61.93143091,63.14122015,63.02617754,65.50341337,65.71083472,67.26873701,68.24167472,77.93253542,81.48723942,87.4351061,89.85843243,86.22818474,89.50459439,86.44279768,91.91136221,79.87297567,69.80794215,64.14073498,62.46491949,61.07429161,64.92360497,64.81262886,59.25607013,55.37971842,57.0356814,54.84288886,54.26371265,55.94997809,53.60163519,53.58231613,54.05698971,48.6619453,48.14579427,49.51395586,53.32152564,51.06223002,48.65098701,49.01467148,45.8409847,43.8168335,41.77194375,45.71443168,47.13947657,46.95582239,53.41055555,51.36164409,58.58160313,59.79374155,56.80150572,59.38425615,55.30139067,53.71951797,50.81172315,44.76874907,46.09252069,48.25895167,48.17902396,50.01476362,56.37134532,51.70056022,44.71060693,38.20241139,35.2688482,32.74416934,40.57007496,43.87780861,43.61457061,43.96756818,44.66687146,42.86202459,47.49778694,51.34844883,90.46976584,68.49198729,57.53055566,55.81646362,59.08468678,58.68679735,54.61914595,52.92655779,54.47743989,56.03882567,53.03946409,43.08365502,36.09682543,30.92569977,23.26634958,24.71305673,26.7352096,27.46540472,27.47638081,27.1714415,27.61273587,30.64176018,35.60504955,38.21465885,43.82872587,45.90648958,44.82820999,45.32418688,39.05279201,27.33249179,27.09804669,33.55144769,39.15962344,37.41589396,34.94508818,33.44451132,32.58337566,37.51469567,51.65619567,49.12024048,49.37770085,48.07979597,48.45172008,44.18794828,37.67579321,32.2658939,30.93873588,29.43509426,26.23226818,23.51964402,24.92840934,26.8329053,30.89778202,36.83846709,37.72268631,39.01424251,36.10229842,37.78575685,35.61603438,37.27352394,34.35511207,32.86927828,33.59145438,33.60212795,38.67716841,35.79891458,35.26895779,32.73736105,23.16921645,29.26275898,32.5247588,46.12872115,43.4269461,30.27066948,30.62525581,31.80002593,34.39667745,34.06829902,35.29458838,31.952283,30.15484052,26.89544085,22.5504765,24.20905962,29.72920426,31.85477997,34.62062875,34.46368302,34.61318519,32.03250712,29.27283403,27.20978236,24.69207683,23.47310595,22.04944548,24.1586383,23.22742586,24.12617077,22.86784563,20.47970055,17.56115477,16.13574657,17.13017374,16.11777702,14.7841947,12.48449822,12.97543298,13.05589607,13.13030958,13.54013508,14.6195587,19.1643011,22.12443814,26.09199983,28.03276258,29.6015928,27.27022905,23.32800149,21.95506285,20.69291301,22.97133827,26.59881921,38.07184556,38.92805614,26.60796082,23.66401659,25.41154808,20.68474185,19.45061359,21.10161618,23.87015244,22.01514801,23.54645269,28.46834541,34.14824672,36.95989565
2000-01-31 00:00:00-10:00,93.48214013,88.9040325,98.96551749,99.4839716,93.07798738,86.31461934,80.75747063,77.66497469,76.63132883,75.90767889,69.72977517,65.19320868,68.4387746,72.3465329,85.07437991,92.59406775,99.03714265,93.87310055,77.6720588,74.77441947,62.98039097,57.32981027,54.19175563,50.97663794,50.75711717,49.92423197,50.90944075,51.67034359,52.05962463,51.89187865,57.4426508,62.20151704,66.83482112,71.37437066,76.03536927,105.3301674,74.75808425,64.79080235,61.92139543,63.0618461,63.06414094,65.48385016,65.6602856,67.17868963,68.14405719,77.78937627,81.21961244,86.96943758,89.57393899,86.33182235,89.43671617,86.49989629,91.79515949,80.09736305,70.07340892,64.48058798,62.83047092,61.43190618,65.19313209,64.75319358,59.26289468,55.40608904,57.1663217,55.01319407,54.39292069,56.06440378,53.69889203,53.6367257,53.99593759,48.73466076,48.24423104,49.60685325,53.31413821,50.70289243,48.32514337,48.80267696,45.81621325,43.81231148,42.00169467,45.62496167,47.00048116,46.74634152,52.99158847,51.16781062,58.53619105,59.81999174,56.90413575,59.18212283,55.08075586,53.46438444,50.54875865,44.88234479,46.1594906,48.30453594,48.26639847,50.07294862,56.26334829,51.44318028,44.44071684,38.00179012,35.16359513,32.72785722,40.51726083,43.81894108,43.48526718,43.64182325,44.37291564,42.56999139,47.20917756,51.08062882,90.23533158,68.33022373,57.36977216,55.66985288,58.92917335,58.54165493,54.42331918,52.75255269,54.29066669,55.87881635,52.87526413,42.80892847,35.90799936,30.71722351,23.12890146,24.50954007,26.52339835,27.25297852,27.30799694,27.02198713,27.46827891,30.52523732,35.46776229,38.06798004,43.70720333,45.74344603,44.653766,45.2318963,38.95782496,27.22091888,27.03038654,33.44904325,39.05541511,37.31959061,34.88362009,33.39001545,32.51386997,37.46455974,51.53704348,49.05440431,49.33838674,48.1209898,48.46116921,44.15058229,37.64302552,32.28320936,30.8964199,29.38807399,26.18753538,23.53241544,24.95502122,26.78929404,30.80776348,36.72359478,37.61499241,38.89331191,35.97043548,37.65192456,35.46674443,37.13716752,34.24512113,32.75396481,33.46195314,33.44105112,38.48318186,35.70391192,35.12002645,32.64863346,23.12489441,29.23376824,32.47094334,46.03113367,43.36863095,30.28347416,30.62943044,31.71957379,34.25014357,33.98866662,35.22379854,31.92502426,30.17237216,26.89003602,22.5044707,24.16145018,29.61276688,31.73372519,34.41835371,34.24111011,34.39707943,31.86737147,29.17195741,27.10391073,24.5980442,23.39083899,21.97021351,24.05384133,23.0829432,23.96398884,22.7292559,20.362066,17.4534065,16.03274558,16.96762331,15.9590655,14.68950902,12.34939901,12.77840401,12.8185141,12.90519579,13.36868542,14.48110787,18.99028136,21.94718192,25.8583164,27.78100457,29.30150258,27.16905764,23.22539812,21.85050348,20.59297044,22.77861828,26.36320235,37.80771499,38.79958098,26.51190127,23.55242268,25.16087745,20.55861738,19.2914225,20.97936395,23.57365948,21.77699779,23.39475157,28.34263434,34.02364033,36.83568149
2000-02-29 00:00:00-10:00,93.53199181,88.66516093,98.51638102,99.09660418,92.97026515,86.12846045,80.80321022,77.689289,76.6266508,75.88606659,69.75469624,65.16924587,68.41554542,72.33172922,84.88834112,92.52293794,98.8962288,93.7762179,77.74490849,74.85199406,63.12847582,57.50410096,54.39894919,51.15109585,50.85687866,49.99537655,50.89222923,51.58353462,51.91470802,51.75142774,57.29227557,62.17133237,66.86418213,71.38094582,76.2373274,105.3795626,74.70563432,64.7466703,61.90621025,62.97880226,63.10273975,65.46697787,65.61295459,67.08517719,68.0456314,77.64940749,80.96329864,86.51074858,89.2895486,86.42203963,89.36450673,86.55714122,91.68042723,80.32142922,70.34236229,64.82120271,63.19488677,61.78743744,65.45284218,64.67870909,59.25787737,55.42121541,57.28389066,55.1704997,54.50956893,56.16747116,53.78610759,53.68337062,53.92619797,48.79414432,48.3290981,49.68512371,53.29560762,50.34156585,47.99410587,48.58649742,45.78499979,43.80301015,42.22344782,45.53388645,46.8576471,46.543455,52.57338922,50.9719421,58.4818818,59.83660753,56.99929422,58.97970924,54.86077656,53.20946946,50.28660398,44.99122546,46.22406062,48.3482141,48.35198555,50.12967978,56.15918853,51.19406929,44.17964677,37.80797981,35.06194785,32.71454762,40.46666481,43.762693,43.36065336,43.32114307,44.08382306,42.28183911,46.92391875,50.81433516,90.00150765,68.16700906,57.20948247,55.52322703,58.77290727,58.39528878,54.22721937,52.579117,54.10406311,55.71847088,52.71021484,42.53045231,35.71495093,30.50597464,22.99007021,24.30687758,26.31334769,27.04224819,27.1406926,26.87227743,27.32293559,30.40714793,35.32937882,37.91993611,43.58213608,45.57800353,44.47730538,45.13770619,38.86118896,27.10919799,26.95971136,33.34512662,38.95004444,37.22252928,34.82248792,33.33703205,32.44602499,37.41315564,51.41492501,48.98461041,49.29808165,48.16018037,48.46911098,44.11038686,37.60821805,32.29928424,30.85412497,29.34210472,26.14250844,23.54328562,24.97901101,26.74370383,30.71667748,36.60785178,37.50651965,38.77132314,35.83945724,37.51799841,35.31855336,37.0018416,34.13677036,32.64053856,33.33319909,33.28036304,38.28781094,35.60712736,34.97111242,32.55960535,23.08096063,29.2048212,32.41756986,45.93297319,43.30883307,30.29599258,30.63299181,31.63768175,34.10194862,33.90833312,35.15014681,31.89479627,30.18653965,26.88341702,22.45877927,24.11372138,29.49590069,31.61196109,34.21479011,34.01811901,34.18070034,31.70092559,29.07065793,26.99870399,24.50474271,23.30934337,21.89104553,23.94853838,22.93693608,23.80053658,22.58994835,20.24424818,17.34603878,15.92956443,16.8053534,15.80013181,14.59431616,12.21553939,12.58430246,12.58485622,12.68340971,13.19936633,14.34321331,18.81685189,21.77057383,25.6261743,27.53058717,29.00233386,27.0665348,23.12225884,21.74544011,20.49220995,22.58646626,26.12935483,37.54525906,38.67136873,26.41640471,23.44130323,24.91281923,20.43495508,19.13472259,20.8597609,23.28122524,21.54193911,23.24367748,28.21672491,33.8988064,36.71095624
2000-03-31 00:00:00-10:00,93.56570486,88.42582014,98.07025239,98.71208177,92.86861239,85.9448593,80.85824535,77.72268804,76.63038632,75.87137135,69.78678532,65.15118172,68.3948882,72.31658378,84.70267562,92.4517327,98.75778857,93.68190772,77.82005813,74.93134924,63.27562538,57.67570191,54.60269858,51.32047703,50.95193298,50.06101211,50.86762388,51.48840208,51.76105488,51.60269069,57.13366799,62.13360206,66.88734761,71.38224244,76.43447674,105.4232755,74.64832192,64.69567457,61.88472242,62.89062129,63.14061666,65.45134501,65.56749867,66.98647249,67.94434507,77.5106984,80.71678984,86.05727403,89.00283822,86.49729384,89.28709133,86.61395153,91.567695,80.54419198,70.61357446,65.16167914,63.55739732,62.14038038,65.70282359,64.59031633,59.24240649,55.42684011,57.39022622,55.3162864,54.61514197,56.26074887,53.86497888,53.72386862,53.84962817,48.84183252,48.40185025,49.75009585,53.26695447,49.98061089,47.65948236,48.36762061,45.74817949,43.78938438,42.43700231,45.44077288,46.71019329,46.34543016,52.15544972,50.77431028,58.41829395,59.84336924,57.08684005,58.77590813,54.64060025,52.95432349,50.02448758,45.09524558,46.28612682,48.39004566,48.43589199,50.18492007,56.05834709,50.952437,43.92658186,37.62051222,34.96374528,32.70416588,40.41841995,43.7092029,43.24117564,43.00614514,43.80032264,41.99830818,46.64248356,50.54992672,89.76855333,68.00260196,57.0497209,55.37652802,58.61587938,58.24774066,54.03080017,52.4062772,53.9177669,55.55797138,52.54459518,42.24829363,35.5176633,30.29210424,22.85036976,24.10547229,26.10535415,26.83353443,26.97472725,26.72244925,27.17677994,30.28746542,35.18991264,37.7706167,43.45357994,45.41021247,44.29874585,45.04172221,38.76294947,26.99738309,26.88607171,33.2397213,38.84350843,37.124522,34.76141741,33.28504711,32.37931593,37.3601008,51.28981801,48.91080195,49.25675122,48.1974406,48.47551118,44.06721816,37.57111811,32.3140608,30.81180546,29.29703854,26.09697585,23.55235466,25.00061938,26.69637401,30.62485443,36.49144361,37.3972433,38.6481405,35.70932791,37.38417143,35.17164648,36.86773067,34.03024356,32.529176,33.20527562,33.12007349,38.09110949,35.50844599,34.82237802,32.47042414,23.03761724,29.17603526,32.36479973,45.83440466,43.24772963,30.30821177,30.63591192,31.554354,33.95205478,33.82717067,35.07371598,31.86156283,30.19743173,26.87564579,22.41340398,24.06591077,29.37841275,31.48922799,34.00964786,33.79437144,33.96387457,31.53323231,28.96921181,26.89438542,24.41236567,23.22881465,21.81219503,23.84307526,22.78991048,23.63630186,22.45034187,20.12643047,17.23922154,15.82641956,16.64362652,15.64107368,14.49874142,12.08276566,12.39309839,12.35513286,12.46506283,13.03241145,14.20622337,18.64454456,21.59535912,25.3961684,27.2819577,28.70452896,26.96273489,23.01861308,21.63998632,20.390929,22.39524798,25.89786478,37.28507239,38.54418948,26.32189415,23.33088298,24.66717805,20.31360939,18.98049283,20.74271994,22.99349802,21.31073332,23.09364465,28.09099495,33.77402789,36.58609421
2000-04-30 00:00:00-10:00,93.58236881,88.18575425,97.62600452,98.32907912,92.7718132,85.76241638,80.92145498,77.76416771,76.64164531,75.86275005,69.82528316,65.13848752,68.37657527,72.30130147,84.51702781,92.37989653,98.62090858,93.58921867,77.89651474,75.01176312,63.42132785,57.8443722,54.80277576,51.48453186,51.0421763,50.12107144,50.83570561,51.38519614,51.59890454,51.44587564,56.96697331,62.08817911,66.90410676,71.37802963,76.62679627,105.4607917,74.5852296,64.63707436,61.8562464,62.79630964,63.1768486,65.43588937,65.52301662,66.88134273,67.83863798,77.37168742,80.47898332,85.60767948,88.71184275,86.55669387,89.20369658,86.66984511,91.45766976,80.76520216,70.88627225,65.50157541,63.91767517,62.49068194,65.94329899,64.48923127,59.21783553,55.42461132,57.48704132,55.4518231,54.71087465,56.34552691,53.93692459,53.759559,53.76784104,48.87931485,48.46411798,49.80333792,53.22942356,49.62230741,47.32301285,48.14780257,45.7070461,43.77234872,42.64260475,45.34565506,46.55774711,46.15079538,51.73762637,50.57567413,58.34559235,59.84062668,57.16718352,58.57016111,54.4198328,52.69896425,49.76209198,45.19478715,46.34615804,48.43067843,48.51873538,50.23890785,55.96056601,50.71766963,43.68093706,37.43904813,34.86898412,32.69680741,40.37286795,43.65877583,43.12708726,42.69724689,43.52292008,41.71991985,46.36520778,50.28776453,89.53680619,67.83749984,56.89077038,55.22996516,58.45838994,58.0993375,53.83425701,52.23429609,53.73214996,55.39772786,52.37892004,41.96282492,35.31644913,30.07605624,22.71060256,23.90601208,25.90003201,26.62746418,26.81060374,26.57287805,27.03012172,30.16639291,35.04951804,37.62024423,43.32183367,45.24030333,44.11817859,44.9442736,38.66340925,26.88574912,26.80980942,33.13314941,38.73612746,37.02568398,34.70038814,33.23379434,32.31347423,37.30527753,51.16179369,48.83306619,49.21451666,48.23300263,48.48046307,44.0210976,37.53168293,32.32763512,30.76950865,29.25281025,26.05090625,23.55996784,25.02033108,26.6477917,30.53286331,36.37480934,37.28739487,38.5238234,35.58025794,37.25086192,35.02641047,36.73524342,33.92591445,32.4202391,33.07847351,32.96042434,37.89346238,35.4080865,34.6742845,32.38150208,22.99529784,29.14773613,32.31300823,45.73581899,43.18573725,30.32034077,30.63836918,31.46985919,33.80069431,33.74523519,34.9948448,31.82553867,30.20537945,26.86698162,22.36853414,24.01824004,29.26035481,31.36550454,33.80288771,33.56976304,33.74668445,31.36457944,28.86810837,26.79134365,24.32124156,23.14958273,21.73409163,23.73805461,22.64268791,23.47209829,22.31116242,20.00906342,17.1333664,15.72377733,16.48293986,15.48217504,14.40299522,11.95091786,12.20474377,12.12949161,12.25020872,12.86806708,14.07058696,18.47408048,21.42253184,25.16921804,27.0358598,28.40882929,26.85789406,22.91467043,21.53446544,20.28975485,22.20564587,25.66965136,37.02808243,38.41905327,26.2290629,23.22168468,24.42400082,20.19464475,18.82890062,20.62840514,22.71141557,21.0843861,22.94530996,27.96605968,33.64984167,36.46175878
2000-05-31 00:00:00-10:00,93.58160807,87.94484164,97.18273498,97.94664111,92.67900086,85.57999618,80.99187915,77.81273689,76.65953922,75.8592382,69.86922331,65.13055374,68.36038779,72.28613734,84.33133234,92.30720295,98.48505696,93.49759468,77.97372265,75.09291152,63.56547085,58.01016188,54.99913515,51.64308946,51.1275019,50.17544834,50.79651847,51.27413985,51.42847431,51.28117636,56.79238441,62.03499928,66.91440639,71.36836809,76.81456619,105.4919919,74.51589475,64.57062336,61.82053671,62.69533168,63.21094767,65.41994048,65.47901798,66.76909678,67.72750105,77.23131049,80.24933432,85.16119417,88.415134,86.60000911,89.11372679,86.72448273,91.35116298,80.98448586,71.16020218,65.8409858,64.27592074,62.8388243,66.17482671,64.37670378,59.18543894,55.41595227,57.57574599,55.57811723,54.79769989,56.42276268,54.00301865,53.79144724,53.68214527,48.90819488,48.51755113,49.84652319,53.18434702,49.26875083,46.98645931,47.92868483,45.66298542,43.75295681,42.84075992,45.24904576,46.40040273,45.95833957,51.32018433,50.37711187,58.26437341,59.82913817,57.24096044,58.3623394,54.19831476,52.44363717,49.49940479,45.2905109,46.40508353,48.47127605,48.6016206,50.29224081,55.86586057,50.48932215,43.44228707,37.26337512,34.7778125,32.6926835,40.330462,43.61174811,43.01838483,42.39458207,43.25180898,41.44689969,46.09220937,50.02806164,89.30649928,67.67216366,56.73286104,55.08372353,58.30072504,57.95037613,53.63772645,52.0633787,53.54754077,55.23807729,52.21365444,41.67452011,35.11177102,29.85839526,22.57162419,23.70922248,25.69818477,26.42485579,26.64896283,26.42410556,26.88345306,30.04432299,34.90846567,37.46908798,43.18731699,45.06852983,43.93567986,44.84572951,38.56290588,26.77467058,26.73141286,33.02586956,38.62843192,36.92628559,34.63942861,33.18313773,32.2483814,37.24878568,51.03100253,48.7515407,49.17148006,48.26703958,48.48403312,43.97207074,37.48997724,32.3401476,30.72724642,29.20927903,26.00429592,23.56650802,25.03863953,26.59844728,30.44119585,36.25830243,37.17718124,38.3984224,35.45246301,37.11843277,34.88317745,36.60476554,33.82412215,32.31407161,32.95317977,32.80182875,37.6955407,35.30660198,34.52745708,32.29335434,22.95447804,29.1202755,32.2625792,45.63758169,43.1232604,30.33256887,30.64056986,31.38466645,33.64832563,33.66270927,34.9140223,31.78712845,30.21082744,26.85780174,22.32444682,23.97104242,29.14197761,31.24094908,33.59471412,33.34445134,33.52944645,31.19541638,28.76795528,26.69003326,24.23172907,23.07199755,21.65721467,23.63415277,22.49619427,23.30882738,22.17325382,19.89272864,17.02903496,15.62228787,16.3239773,15.32388152,14.30734334,11.81988729,12.01920746,11.90806505,12.03891173,12.70658374,13.93675655,18.30622955,21.25317579,24.9463716,26.79320469,28.11613752,26.75233643,22.81076781,21.4293295,20.18947422,22.01849357,25.44572273,36.77528508,38.29690831,26.13858178,23.1142543,24.18348337,20.0781702,18.68010182,20.51694209,22.43575845,20.8638496,22.79935947,27.84261176,33.52686674,36.33874503
2000-06-30 00:00:00-10:00,93.56362697,87.70314954,96.73985596,97.56415553,92.58962584,85.39671641,81.06877751,77.86755614,76.68334405,75.85999577,69.91774628,65.12697494,68.34636484,72.27149966,84.14585185,92.23376879,98.35008466,93.40693273,78.05163112,75.17490871,63.70837757,58.17348691,55.19206146,51.79626206,51.20801163,50.2242627,50.7503547,51.1557315,51.25026244,51.10906867,56.61037716,61.97428028,66.91848378,71.35365437,76.99843234,105.5171916,74.44033878,64.49663017,61.77786207,62.5877513,63.24304913,65.4034163,65.43561851,66.64970353,67.61055027,77.08905036,80.02787804,84.71763475,88.11185514,86.62763824,89.01684529,86.77772283,91.24901293,81.20248993,71.43564127,66.18057493,64.63289801,63.18583465,66.3984163,64.25401743,59.14640841,55.40200423,57.65737666,55.69592235,54.87625736,56.49308666,54.06397449,53.82018815,53.59351676,48.92995893,48.56367613,49.88129668,53.13300895,48.92177704,46.65150822,47.71166474,45.61733254,43.73231348,43.03209695,45.15184918,46.2387191,45.7670626,50.90378384,50.17987132,58.17555164,59.8099459,57.30885092,58.15254465,53.97605474,52.18877162,49.23656997,45.38319445,46.46392396,48.51308539,48.68573468,50.34550642,55.77420776,50.2668804,43.21007285,37.09317467,34.6903238,32.69194706,40.29158781,43.56834294,42.9147704,42.0979916,42.98687705,41.17919617,45.8233985,49.77092105,89.07780588,67.50703566,56.57627428,54.93810502,58.1433872,57.80132174,53.44142149,51.89381756,53.36438299,55.07947483,52.04942072,41.38407989,34.90430843,29.63981113,22.43420798,23.51575989,25.50058217,26.22648808,26.49041897,26.27666728,26.73726742,29.92164926,34.76698119,37.31735648,43.05044013,44.89510908,43.75131591,44.74638035,38.46169446,26.664414,26.65133832,32.91828836,38.52093397,36.82657957,34.57854508,33.13291243,32.18388662,37.19082325,50.89766209,48.66648221,49.12762265,48.29958258,48.48618577,43.92016457,37.44605136,32.35169886,30.68494989,29.16621138,25.95712328,23.57230547,25.05594048,26.54873899,30.35021744,36.14213903,37.06680447,38.27206181,35.32616319,36.98718406,34.74219728,36.47661777,33.72513401,32.21093132,32.82979247,32.64478231,37.49810551,35.20470822,34.38253249,32.20648383,22.91556738,29.09393869,32.21381831,45.53996369,43.06065293,30.34502505,30.64269314,31.29927832,33.49544124,33.5797566,34.83174154,31.74675271,30.2142237,26.84849125,22.28141906,23.92465607,29.02365564,31.11581615,33.38545109,33.11872703,33.31255739,31.02619111,28.66927868,26.59081944,24.1441008,22.99630523,21.58194376,23.53194568,22.35126194,23.14728591,22.03736059,19.77799471,16.92678645,15.52262643,16.16746689,15.16673418,14.21205309,11.68961107,11.83649568,11.69101335,11.83136684,12.54828722,13.80515535,18.14167985,21.08826967,24.7286824,26.55501051,27.8275218,26.64658524,22.70745686,21.32517386,20.09093589,21.8346472,25.22706359,36.52761534,38.17852028,26.05094075,23.00894926,23.94569735,19.96415512,18.53406712,20.40823714,22.16701386,20.64991101,22.6563881,27.72128216,33.40570192,36.21785704
2000-07-31 00:00:00-10:00,93.52921342,87.46111234,96.29721071,97.18142543,92.50354207,85.2119962,81.15167112,77.92796076,76.71251963,75.86433002,69.97012562,65.12758031,68.33483703,72.25797084,83.96119391,92.16004831,98.21621161,93.31756849,78.13068504,75.25829218,63.85081709,58.33514905,55.38223363,51.94454421,51.2841438,50.26800494,50.69791797,51.03094851,51.06528548,50.93054786,56.42194237,61.90673177,66.91704413,71.33479908,77.17949537,105.5371249,74.35907368,64.41596079,61.72901425,62.47422581,63.27389934,65.38680354,65.39350518,66.52372224,67.48789452,76.94473012,79.81488105,84.277075,87.80151741,86.64028021,88.91293834,86.82958296,91.1519993,81.4201385,71.71326423,66.52139566,64.98968593,63.53292984,66.61517277,64.12244407,59.10179981,55.38366264,57.73268924,55.80571925,54.9469165,56.55681619,54.12013741,53.84606925,53.50256715,48.94587533,48.60379229,49.90915802,53.07653788,48.58287792,46.31967582,47.4978658,45.57122942,43.71140092,43.21715804,45.05516656,46.07359757,45.57601876,50.48940479,49.98526205,58.08005615,59.78409426,57.37146916,57.94107126,53.75315912,51.93501488,48.9740351,45.47371257,46.5236596,48.55717907,48.77211983,50.39922186,55.68562299,50.04985225,42.98375307,36.92819157,34.60673989,32.69486832,40.25673258,43.52884221,42.81587746,41.80723993,42.72793171,40.91670941,45.55867731,49.51655403,88.85105629,67.34276393,56.42147737,54.79362544,57.98710344,57.65286629,53.24571698,51.72608855,53.18331118,54.9225534,51.88703183,41.09245847,34.69498639,29.42113198,22.29909746,23.32623072,25.30791414,26.03308914,26.33555416,26.13114804,26.59213848,29.79883289,34.62529123,37.16528192,42.91161467,44.72028218,43.56528607,44.64649673,38.36002717,26.55514312,26.56995354,32.8106908,38.41404169,36.72671122,34.51767261,33.08299288,32.11988715,37.13154388,50.76200396,48.57831266,49.08305462,48.33076432,48.48699786,43.86555221,37.40005679,32.36246687,30.6426338,29.1234573,25.90947094,23.57764764,25.07254897,26.49908165,30.26029177,36.02654638,36.95652556,38.14497606,35.20169556,36.85747708,34.60364011,36.35101682,33.62909836,32.11093295,32.70863378,32.48976178,37.30184347,35.10310149,34.24007947,32.12130363,22.8788654,29.06889175,32.1669054,45.44319565,42.99837121,30.35791396,30.64500608,31.21418809,33.34252869,33.49653609,34.74850477,31.70483456,30.21603184,26.83939847,22.2396441,23.87934334,28.9057776,30.99037204,33.17544587,32.89302648,33.09649842,30.85731631,28.57246613,26.49391556,24.05848866,22.92262048,21.50853655,23.43184529,22.20857324,22.98810317,21.90406799,19.66531549,16.82707673,15.42536936,16.01406128,15.01125649,14.11733491,11.56013138,11.6567132,11.47858336,11.62782712,12.39351403,13.67610634,17.98098102,20.92861025,24.51708537,26.32225529,27.54405047,26.54124469,22.60535709,21.22258542,19.99490061,21.65484813,25.01451042,36.28586247,38.06443826,25.96640163,22.90588665,23.71046756,19.85233794,18.39051683,20.30190424,21.90534413,20.44314987,22.51685381,27.6025841,33.28685328,36.09979725
2000-08-31 00:00:00-10:00,93.47969643,87.21923615,95.854784,96.79836372,92.4207739,85.02539679,81.24021462,77.99335651,76.74655485,75.87155879,70.02566238,65.13227322,68.32615509,72.24609594,83.77812286,92.08657824,98.08381129,93.23001577,78.21157522,75.34385912,63.99390966,58.49625654,55.57067704,52.0887998,51.35668327,50.30752416,50.64029672,50.90121924,50.87505045,50.74708639,56.22852546,61.83344748,66.91112007,71.31296911,77.35896792,105.5525856,74.27273105,64.32965264,61.67497275,62.35563023,63.30445135,65.37075393,65.35348919,66.39189995,67.35974924,76.79815878,79.61041185,83.83938237,87.48358216,86.63847071,88.80169292,86.87985746,91.06074097,81.6383489,71.99370654,66.86452261,65.34734244,63.88119114,66.82607546,63.98307856,59.05235459,55.36141039,57.80201343,55.90766964,55.00989801,56.61405553,54.17156976,53.86905376,53.40956827,48.95698861,48.6389561,49.93140961,53.0158911,48.25311446,45.9922361,47.28811819,45.52558577,43.69102055,43.39635224,44.96006318,45.90597997,45.38398905,50.07802962,49.79439624,57.97866158,59.75236819,57.42913994,57.72817894,53.52963041,51.68297422,48.71221527,45.56266453,46.58493033,48.6042432,48.86147064,50.45368319,55.60006089,49.83760221,42.76263271,36.76804213,34.52717973,32.70161338,40.22623888,43.49343694,42.72119619,41.52190958,42.47464832,40.65920714,45.29788667,49.26519426,88.62662243,67.18005471,56.268919,54.65081419,57.83260492,57.5057527,53.05104141,51.56074368,53.00504718,54.76803746,51.72728981,40.80063451,34.48474849,29.20318402,22.16689173,23.14108079,25.12069312,25.84524004,26.18480548,25.98804795,26.4485583,29.67629059,34.48359099,37.01299786,42.77114612,44.54416972,43.3776753,44.5461574,38.25797525,26.4468315,26.48746158,32.70316554,38.30795928,36.62667428,34.45664901,33.0331421,32.0561255,37.07096371,50.62408955,48.48739056,49.0378281,48.36065083,48.48649581,43.80841274,37.35213605,32.37256073,30.60025296,29.08085139,25.8614155,23.58270388,25.08865871,26.4498407,30.17169178,35.91173243,36.84664479,38.01740071,35.07942028,36.72961403,34.46757803,36.22802193,33.53598589,32.01399493,32.58988477,32.33714289,37.10728094,35.0023593,34.10053774,32.03807251,22.84451898,29.04513259,32.12184473,45.34735311,42.93679829,30.37134594,30.64770471,31.12981653,33.18998772,33.41323087,34.66473502,31.66174014,30.21666627,26.83073469,22.19913825,23.83520784,28.78861447,30.86475684,32.96495301,32.66775524,32.88167814,30.68908267,28.47772705,26.39937211,23.97490005,22.85096556,21.43716601,23.33407239,22.06863356,22.8317046,21.77378584,19.55503824,16.73027357,15.3309882,15.86432142,14.85789427,14.0233089,11.43143496,11.47990835,11.27093837,11.42845867,12.2425286,13.54977754,17.82452435,20.77479277,24.31231289,26.0957632,27.26664985,26.43684016,22.50498884,21.1220121,19.90196692,21.4796467,24.80866641,36.0505941,37.9549633,25.88496858,22.80492412,23.47736051,19.74224975,18.24894179,20.19724713,21.65054701,20.2438941,22.38104214,27.48689557,33.17068224,35.98513758
2000-09-30 00:00:00-10:00,93.41679154,86.97782167,95.41244016,96.41475336,92.34132711,84.83650768,81.33416279,78.06324781,76.78500269,75.88105056,70.08371832,65.14094502,68.3206586,72.23627882,83.59745655,92.01381086,97.95324273,93.14479717,78.29509601,75.43256277,64.13901329,58.65815907,55.75871992,52.23025576,51.42674341,50.34401549,50.57887504,50.76826218,50.68133037,50.56039008,56.03176655,61.75564853,66.90184246,71.28935622,77.53798503,105.5643027,74.18192059,64.23864963,61.61662676,62.23275844,63.33554235,65.35584662,65.31617773,66.25488633,67.22639527,76.64908602,79.41426238,83.40413773,87.1574306,86.62257099,88.68257204,86.92805644,90.97555813,81.85783651,72.2774199,67.21095878,65.70684926,64.23153097,67.0320274,63.83692343,58.99856387,55.3353899,57.86536794,56.00178644,55.06543621,56.6648809,54.21818876,53.88889755,53.31454585,48.96418887,48.67002319,49.9491991,52.95185659,47.93299697,45.67013131,47.08292873,45.48106549,43.67176973,43.56995855,44.86751533,45.73676039,45.18949274,49.67049397,49.60805894,57.87191441,59.71523055,57.48185611,57.51407307,53.30536585,51.43304575,48.45131835,45.65022306,46.6479168,48.65449289,48.95404812,50.5089022,55.51740795,49.62935295,42.54586477,36.6121853,34.45158022,32.71214967,40.2002212,43.46220078,42.63018412,41.24157764,42.22672243,40.40646173,45.04088418,49.01712831,88.40488787,67.01958777,56.11888474,54.51005453,57.68047999,57.3606474,52.85777501,51.3983104,52.83031735,54.61664035,51.57087602,40.50945869,34.27441569,28.98671237,22.03796969,22.96055599,24.9391917,25.66330805,26.03839602,25.84774608,26.30688925,29.55435674,34.34200651,36.86047438,42.62918317,44.36668494,43.18834485,44.4451738,38.15539338,26.33927996,26.40392306,32.59558727,38.20265007,36.52627584,34.395198,32.98301017,31.99218993,37.00900413,50.48378841,48.39396127,48.99189217,48.38916329,48.48459262,43.74886027,37.30236674,32.3819522,30.55763691,29.03818284,25.81302459,23.58749088,25.1042971,26.4012405,30.08452572,35.79785759,36.73742466,37.88955162,34.9596322,36.60375535,34.33394492,36.10750768,33.44556361,31.91982361,32.47357639,32.18718204,36.91474244,34.90290268,33.96415411,31.95684155,22.81246545,29.02246035,32.07843,45.25230852,42.87615558,30.38525696,30.65082647,31.0464485,33.03807847,33.32998985,34.58071191,31.61772278,30.21643941,26.82254685,22.15974602,23.7921716,28.67227892,30.73894605,32.75412152,32.44323041,32.66837534,30.52162419,28.38507183,26.30710816,23.8931899,22.78121299,21.36785578,23.23869413,21.93175423,22.67828675,21.64668816,19.44733588,16.63658724,15.23979764,15.71867251,14.7070235,13.93006674,11.30349245,11.30610398,11.0681732,11.2333765,12.09554942,13.42621546,17.67251556,20.6271582,24.11485205,25.87616047,26.99606109,26.3337887,22.40674619,21.02373946,19.81253507,21.30934961,24.60985599,35.8221137,37.85013618,25.80643413,22.70569308,23.24587174,19.63338402,18.10874211,20.09343458,21.4020566,20.05217323,22.24904198,27.37442329,33.05739713,35.87426643
2000-10-31 00:00:00-10:00,93.34249422,86.73676611,94.96970291,96.03005904,92.26502393,84.64485744,81.43337661,78.13729226,76.82755584,75.89229676,70.14377563,65.15346422,68.31873779,72.2287086,83.42001368,91.94204221,97.82472029,93.0623328,78.38207863,75.52546415,64.28765744,58.82241294,55.94796814,52.37050457,51.49574198,50.37900892,50.51524682,50.6339475,50.48600392,50.3722294,55.83334243,61.67452172,66.89034473,71.2651226,77.71758384,105.5728898,74.08716375,64.1436513,61.55460222,62.1061565,63.36771262,65.34240606,65.28175809,66.11309492,67.08826148,76.49725558,79.22596128,82.97067121,86.82247693,86.5929108,88.55495668,86.97351394,90.89630555,82.07904483,72.56461821,67.56163694,66.06915678,64.58479759,67.23407878,63.68516162,58.94091355,55.30566982,57.92278428,56.08824202,55.11401169,56.70960361,54.25998413,53.90534464,53.21744936,48.9684107,48.69782105,49.96370561,52.88515901,47.62241466,45.35389729,46.88242984,45.43805769,43.65400088,43.73812162,44.77839738,45.5667579,44.9909625,49.26738547,49.42662648,57.76006117,59.67279767,57.52929044,57.29896838,53.08023389,51.18527377,48.19127769,45.73608322,46.71228661,48.70760492,49.049617,50.56456891,55.43750498,49.42427525,42.33257916,36.46002817,34.37977945,32.72632757,40.178602,43.43513932,42.54241546,40.96601457,41.984042,40.1584256,44.78766809,48.77277346,88.18626623,66.86198078,55.97151289,54.37159209,57.53117149,57.21812683,52.66622412,51.23927051,52.65979095,54.46896017,51.41827396,40.21956776,34.06461791,28.77231555,21.91244795,22.78466978,24.763385,25.48739133,25.8962618,25.71049087,26.1673836,29.43328951,34.20058409,36.70754113,42.48575137,44.18755903,42.99695907,44.34313945,38.05199694,26.23225323,26.31937768,32.48769836,38.09785718,36.42512125,34.33292705,32.93221175,31.92765991,36.94561373,50.34082691,48.29818769,48.94513476,48.41607039,48.48109526,43.68693887,37.25076936,32.39048249,30.51449222,28.99522161,25.76442581,23.59188273,25.1193061,26.35331601,29.99870157,35.6850385,36.62903782,37.76165828,34.84251248,36.47987936,34.2025098,35.9891658,33.35740435,31.82794427,32.3596152,32.04002114,36.72433772,34.80498088,33.83093336,31.87742334,22.78239268,29.00047776,32.03623682,45.15775065,42.81648832,30.39940922,30.65422063,30.96421221,32.88689816,33.24686601,34.49654057,31.57289793,30.21553546,26.81474943,22.12127377,23.7500767,28.55677831,30.61283271,32.54302516,32.21967847,32.45672837,30.35491263,28.29435712,26.21705695,23.81319207,22.71321306,21.30057455,23.1457371,21.79805845,22.52782668,21.52269312,19.34222201,16.5460792,15.15198847,15.57741923,14.55901845,13.83777787,11.17638031,11.13539245,10.87039641,11.04273003,11.95279935,13.30542354,17.52500004,20.48580798,23.92493178,25.66385012,26.73281877,26.23240351,22.31091232,20.92791161,19.72680979,21.14398735,24.41811413,35.60042678,37.74973942,25.73053596,22.60780662,23.01570526,19.52533006,17.96939861,19.98977167,21.15911802,19.86769499,22.12074069,27.26519853,32.94707427,35.76734935
2000-11-30 00:00:00-10:00,93.25926922,86.49547109,94.52563365,95.64333987,92.1914013,84.44989789,81.5378625,78.21526095,76.87398648,75.90482619,70.20532822,65.16978625,68.32083683,72.22325788,83.24660591,91.87147796,97.69831862,92.98294017,78.47348413,75.62382509,64.44160993,58.99082609,56.1403294,52.51150721,51.56537424,50.41433441,50.45126171,50.50034436,50.29112616,50.18446818,55.63497375,61.59123569,66.87779632,71.24142624,77.89867997,105.5787592,73.98879215,64.04503772,61.4891592,61.97605275,63.40110469,65.33035166,65.24985707,65.9667756,66.94603449,76.34247443,79.04478313,82.53811294,86.47833068,86.54996876,88.41832493,87.01556486,90.82233104,82.30219672,72.85528292,67.91750836,66.43531488,64.94192979,67.43380418,63.52952225,58.88019724,55.2725655,57.97464517,56.16768263,55.15664275,56.74904711,54.29730877,53.91836451,53.11835125,48.97101911,48.72354622,49.97656332,52.81691023,47.32085565,45.04378194,46.68635839,45.39666226,43.63778601,43.90083711,44.69344891,45.39666918,44.78697562,48.86891099,49.24997907,57.64295406,59.62479301,57.5707992,57.08316978,52.85417787,50.93930553,47.93186332,45.81953038,46.77720757,48.76267127,49.14741427,50.62004746,55.3601063,49.22157228,42.12207869,36.31113845,34.31179733,32.74415094,40.16122403,43.41225828,42.45756399,40.69520249,41.74667265,39.91524661,44.53840001,48.53264241,87.97119635,66.70778493,55.82712077,54.23587346,57.38529864,57.07893107,52.47678491,51.0842344,52.49404275,54.32538641,51.26969367,39.93138308,33.85581003,28.56039136,21.79017516,22.61310906,24.59290822,25.31728678,25.75801366,25.57631149,26.03011422,29.31328861,34.05936328,36.55407253,42.34092169,44.00648418,42.80329092,44.23971209,37.94747173,26.12552631,26.23388103,32.37921214,37.9931999,36.32275083,34.26942949,32.88039247,31.86219209,36.88086853,50.19481828,48.20019702,48.89742551,48.44104729,48.47576076,43.6227447,37.19746432,32.39802958,30.47051656,28.95180022,25.71593553,23.5957685,25.13347733,26.30602185,29.91403674,35.57345095,36.52172607,37.6341081,34.7282269,36.35786155,34.07299407,35.87264023,33.27101988,31.73781902,32.24785713,31.895743,36.53607723,34.70879659,33.70073572,31.79948809,22.75386652,28.97874363,31.99476389,45.06335198,42.75781769,30.41357504,30.65764732,30.88309131,32.7364829,33.16388506,34.41226155,31.52737065,30.21412513,26.80722618,22.08355313,23.70874899,28.4421159,30.48633181,32.33173604,31.99727968,32.24676866,30.18878666,28.20530924,26.1291581,23.73474267,22.64682683,21.23528826,23.0552466,21.6675809,22.38019793,21.40159253,19.23967302,16.45876874,15.06773605,15.44082125,14.41432288,13.74671723,11.05029016,10.9678991,10.67766389,10.85663497,11.81446295,13.18734708,17.38187454,20.3506294,23.74255999,25.45900409,26.47718767,26.13289576,22.21768126,20.83457827,19.64488012,20.98336042,24.23321093,35.38525177,37.65333479,25.65704293,22.51097247,22.78682205,19.41785852,17.83053111,19.88575731,20.92085545,19.68985961,21.99589409,27.15912787,32.83971405,35.66439885
2000-12-31 00:00:00-10:00,93.17080338,86.25305161,94.07913374,95.2536107,92.11997575,84.2512486,81.64797146,78.29716518,76.92419612,75.91816904,70.26767835,65.18974229,68.32733966,72.21943318,83.07822266,91.8025444,97.57445641,92.90725043,78.57086185,75.72940977,64.60300759,59.16550891,56.33799258,52.65554989,51.63754186,50.45206154,50.38919903,50.3698017,50.09903151,49.9992136,55.43863347,61.50725705,66.86573509,71.2197778,78.08226664,105.5822067,73.88703256,63.94304173,61.42033514,61.84253744,63.43564542,65.31942212,65.21976203,65.81643941,66.8009168,76.18480716,78.86985659,82.10557727,86.12516442,86.49468098,88.27249381,87.05377874,90.75283041,82.52782601,73.14941738,68.27971413,66.80660023,65.30405227,67.63344494,63.37242294,58.81750414,55.23655327,58.02162941,56.241133,55.19477896,56.78439387,54.33068672,53.92792232,53.01718671,48.97355062,48.74848757,49.98967143,52.74865108,47.02729286,44.73988521,46.49424385,45.35683315,43.6230287,44.05799976,44.61332429,45.22711061,44.57652664,48.47488674,49.07753859,57.52010154,59.57063464,57.60554535,56.86732756,52.62746214,50.69486629,47.67301882,45.89970354,46.84154571,48.81840707,49.24631937,50.67456236,55.28497518,49.0205906,41.91392565,36.1653315,34.24794811,32.76586968,40.148014,43.39365257,42.37530443,40.42922654,41.51472452,39.6771769,44.29337687,48.29726656,87.76014427,66.55751684,55.68606744,54.10340952,57.24345025,56.94371557,52.28972648,50.93372373,52.33343071,54.18603502,51.12496714,39.64508609,33.64836171,28.35128714,21.67087813,22.44545383,24.42738247,25.15279841,25.62323132,25.44512695,25.89504037,29.19452542,33.91840173,36.40008332,42.19506247,43.82339347,42.60739036,44.13470538,37.84165105,26.01895064,26.14758444,32.26995535,37.88835324,36.21887378,34.20446008,32.8273418,31.79563216,36.81509922,50.04529409,48.10016173,48.84869146,48.46377109,48.46837444,43.55655448,37.14285726,32.40469516,30.42555356,28.90791555,25.66821228,23.59927577,25.14676531,26.2594802,29.8304573,35.46345795,36.41603707,37.50763514,34.61712721,36.23763996,33.94523731,35.75770156,33.18600514,31.64897071,32.1382263,31.7544977,36.35011911,34.61483776,33.57351995,31.72283532,22.72654211,28.9569501,31.95360566,44.96895748,42.7003531,30.42776214,30.66097879,30.80312873,32.5870023,33.08118265,34.32806639,31.48152197,30.21266797,26.79998492,22.04651547,23.66808144,28.32846345,30.35954717,32.12047566,31.77630475,32.03854173,30.02304612,28.11756365,26.04330253,23.6576511,22.58189904,21.17197524,22.967347,21.54042953,22.23537417,21.28328178,19.13980791,16.37477974,14.98730747,15.30916524,14.27349107,13.6572378,10.92546626,10.80366889,10.48984006,10.67506841,11.68062713,13.07185371,17.24291429,20.22134394,23.56761661,25.26161966,26.22914698,26.03543714,22.12724914,20.74381124,19.56689346,20.82718934,24.05471115,35.17607039,37.56033343,25.58583159,22.41511077,22.55942616,19.31083782,17.6918047,19.78109814,20.68629889,19.51779433,21.87424136,27.05608135,32.7353359,35.56543883
2001-01-31 00:00:00-10:00,93.08256854,86.00899029,93.62965037,94.86052659,92.05076279,84.0491128,81.76470775,78.38350259,76.97833873,75.93194576,70.3300946,65.21324438,68.33892427,72.21662827,82.91641147,91.73627669,97.45436843,92.83690052,78.67699148,75.84498273,64.7746259,59.34901043,56.54347964,52.80527131,51.71433238,50.49447397,50.33172247,50.24500034,49.91247042,49.81905803,55.24683235,61.42472979,66.856555,71.20276228,78.27014752,105.5843195,73.78299836,63.83885004,61.34900699,61.70667963,63.47202787,65.31008749,65.19128959,65.66386547,66.65543311,76.02525574,78.70073448,81.67285118,85.76470784,86.42905743,88.11797799,87.0882365,90.68702889,82.75755306,73.44763662,68.64985029,67.18469783,65.67254994,67.83574426,63.21663548,58.7537479,55.19778533,58.06433765,56.3097367,55.23005098,56.81689405,54.36050855,53.93362188,52.91335272,48.97744367,48.77380546,50.00512581,52.68250188,46.73999344,44.44227642,46.3056005,45.31866111,43.60976875,44.20975419,44.53909989,45.05918386,44.35938195,48.08534945,48.90872547,57.39131082,59.5100726,57.63302326,56.65325477,52.40132741,50.45238039,47.41552665,45.97606028,46.90432097,48.87357104,49.34515699,50.72726299,55.21200625,48.82104791,41.70817502,36.02285356,34.18898584,32.79210116,40.13916295,43.37961794,42.2951805,40.16806201,41.28816401,39.4443239,44.05290119,48.06716993,87.55369925,66.41181591,55.54906443,53.9750966,57.10634479,56.81308581,52.10548077,50.78843668,52.17840288,54.05114867,50.98398592,39.36115881,33.44313626,28.14572175,21.55437365,22.28138295,24.26658565,24.9939064,25.49159807,25.31697356,25.76220924,29.07724812,33.77784299,36.24571272,42.04888681,43.63868858,42.40980229,44.02834148,37.73480213,25.91269916,26.06110814,32.1600839,37.78332086,36.1136258,34.1381812,32.77327224,31.72828292,36.74910047,49.89173716,47.99844237,48.79907937,48.48400472,48.45879049,43.48871493,37.08763359,32.41088663,30.37969562,28.86379954,25.62238439,23.60296213,25.15945638,26.21417192,29.74815127,35.35563346,36.31293346,37.38345631,34.50997062,36.11937147,33.81928071,35.64434155,33.10210497,31.56105005,32.03085889,31.61672548,36.16705286,34.52412715,33.44956558,31.6475651,22.70028399,28.93503101,31.91253246,44.87466609,42.64450514,30.44228026,30.66433199,30.72464234,32.43888971,32.99911962,34.24445052,31.43620246,30.21213596,26.79329869,22.01038544,23.62822741,28.21644359,30.23308056,31.90992961,31.5574633,31.83241686,29.85767764,28.03079271,25.95939193,23.58169589,22.51821789,21.11061483,22.88238009,21.4169438,22.09367426,21.16796171,19.04303688,16.29442693,14.91102562,15.18270944,14.13712224,13.56967818,10.80209056,10.64253495,10.30646255,10.49787519,11.55131136,12.95884727,17.10788214,20.097608,23.3999992,25.07174968,25.9886798,25.94045194,22.04013436,20.65599461,19.49333873,20.67537485,23.88208443,34.97222725,37.47009311,25.51696537,22.32054663,22.33423536,19.20449167,17.55311936,19.67597425,20.45443513,19.35037505,21.75560708,26.95598122,32.63411959,35.47062575
2001-02-28 00:00:00-10:00,93.00243812,85.76360288,93.17784621,94.46508468,91.98487122,83.84478913,81.89012537,78.47562945,77.03707795,75.94595499,70.39189301,65.24035268,68.35669683,72.21409339,82.76351986,91.67464336,97.3405943,92.77523725,78.79644761,75.97491747,64.9604423,59.54473875,56.76000564,52.96394908,51.79818591,50.54418286,50.28196532,50.12900539,49.73468145,49.64714304,55.06266336,61.34668234,66.85386681,71.19458877,78.46539537,105.5877707,73.67961995,63.73559435,61.27785264,61.57157168,63.51258184,65.30440526,65.16558284,65.51318555,66.5147072,75.86686844,78.53836683,81.241457,85.40162925,86.35653718,87.95629969,87.1199986,90.62438341,82.99509477,73.75213205,69.03075249,67.57259382,66.05003742,68.04392752,63.06479862,58.68917326,55.15552138,58.102379,56.37408573,55.2636634,56.84723285,54.38635231,53.93413617,52.80502134,48.983717,48.80027155,50.02502818,52.62122526,46.45608596,44.15088859,46.11991579,45.28251374,43.59840302,44.35684212,44.47294927,44.89532818,44.1367534,47.70105919,48.74295371,57.25693079,59.44347214,57.65318272,56.44469746,52.17865938,50.21360318,47.16174113,46.04860655,46.96491463,48.92717165,49.4429241,50.7775059,55.14184611,48.6234111,41.50587414,35.88475346,34.13630774,32.82397904,40.13533363,43.37083331,42.21652163,39.9113219,41.06659518,39.21633113,43.81715417,47.84291727,87.35277105,66.27169812,55.41751044,53.8525531,56.97521993,56.68794409,51.92483211,50.64944337,52.02967352,53.92127819,50.84687864,39.0806831,33.24187764,27.94506221,21.44066914,22.12078671,24.11061846,24.84092569,25.36303507,25.19218496,25.63189398,28.96207468,33.63813604,36.09141816,41.90383118,43.45345891,42.21172785,43.92145216,37.62787131,25.80748821,25.97590405,32.05044182,37.67877394,36.00796254,34.07156457,32.71924874,31.66134825,36.68444746,49.73362579,47.89573077,48.74914195,48.50178523,48.44708488,43.41982127,37.03280756,32.41735903,30.33342599,28.82013395,25.58040316,23.60804997,25.17232726,26.17110399,29.66765107,35.2509617,36.21420375,37.26370393,34.40820088,36.00363881,33.69554357,35.53290269,33.01930448,31.47391912,31.92620093,31.48326129,35.98811823,34.43853162,33.32968921,31.57433921,22.67533491,28.91333666,31.87168364,44.78104011,42.59106269,30.45799835,30.66828763,30.64850698,32.29312829,32.91852109,34.16243099,31.39302806,30.21429921,26.78785869,21.97590877,23.58982753,28.10743251,30.1083831,31.701624,31.34220252,31.62932796,29.69303594,27.94483851,25.87748556,23.50676523,22.4556673,21.05136305,22.80116266,21.29794969,21.9559844,21.05634378,18.95026375,16.21836947,14.83947795,15.06187446,14.00612274,13.48456207,10.68049477,10.48426074,10.12675238,10.32480135,11.42648035,12.84833263,16.97658789,19.97906041,23.23977025,24.88965703,25.75595962,25.84884663,21.95746222,20.57211816,19.4252947,20.52820997,23.71492422,34.77310148,37.38195777,25.45078215,22.22816829,22.11286925,19.0997643,17.41492898,19.57145239,20.22444274,19.18626075,21.64000593,26.85888713,32.5365653,35.38044525
2001-03-31 00:00:00-10:00,92.94144816,85.51896942,92.72699257,94.07117645,91.92598694,83.64199705,82.02847892,78.57679779,77.10266113,75.96112764,70.45331601,65.27186793,68.38258402,72.21095974,82.62302016,91.62104618,97.23779754,92.72837227,78.9363557,76.12568654,65.16592427,59.75715718,56.99159036,53.13574313,51.89204337,50.60424377,50.24365121,50.02534019,49.56970575,49.48765531,54.89018595,61.27787728,66.86348238,71.20213647,78.67327106,105.5979814,73.58302117,63.63957857,61.21254057,61.44379727,63.56270638,65.30746169,65.14653791,65.37253116,66.38837139,75.71667266,78.3868739,80.81657825,85.04602817,86.28223977,87.79024867,87.15176261,90.56482465,83.24809226,74.06836383,69.42799896,67.97601473,66.44160355,68.2615478,62.91849786,58.62227952,55.10686389,58.13297911,56.43301485,55.29519938,56.87434518,54.40569802,53.92598514,52.68769539,48.99192921,48.8272626,50.05040155,52.56735906,46.17025742,43.86439697,45.93584057,45.24846539,43.58943297,44.50082356,44.41903518,44.74035515,43.91284136,47.32429067,48.57979043,57.11807895,59.37204066,57.66676484,56.24895414,51.96534685,49.98271787,46.91686606,46.11801867,47.02312851,48.97849284,49.53879021,50.82497841,55.07695049,48.42984476,41.31013361,35.75366939,34.09249372,32.86345904,40.13785326,43.36860003,42.13867415,39.65829204,40.84922877,38.99228477,43.58642343,47.6254386,87.15894489,66.13885144,55.29408262,53.73876573,56.85244888,56.57000337,51.74943138,50.51869149,51.88863503,53.79765571,50.71435125,38.80568937,33.04766265,27.75162523,21.32999848,21.96402621,23.96023358,24.69475038,25.23799232,25.07170107,25.50486941,28.85019616,33.50026104,35.93829916,41.76256221,43.26995798,42.01561556,43.81595261,37.52297285,25.7050065,25.89458494,31.9429896,37.57652069,35.90424062,34.00700485,32.66792762,31.59767851,36.62389346,49.57048273,47.79314147,48.70025163,48.51771401,48.43388063,43.35102291,36.98001228,32.42548144,30.28791194,28.77846235,25.54545485,23.61669205,25.18675099,26.13207577,29.5901032,35.15123196,36.12303841,37.15201771,34.3145476,35.89183063,33.57520867,35.42447965,32.93814269,31.38795495,31.82531847,31.35571353,35.81573424,34.36134694,33.21569984,31.50481511,22.65257305,28.89287336,31.83185392,44.68943694,42.54161435,30.47690037,30.67432006,30.57660425,32.15173384,32.84118957,34.0839459,31.35483423,30.22212778,26.78520159,21.944828,23.55445761,28.00418579,29.98835737,31.4985782,31.13328491,31.43127617,29.53007117,27.85990446,25.79805613,23.43307836,22.39445278,20.99475752,22.72524171,21.1849571,21.82396106,20.94986023,18.86327167,16.14795327,14.77382919,14.94749338,13.88203804,13.40286411,10.56161958,10.32897208,9.949879269,10.15579229,11.30624196,12.74054553,16.84894692,19.865415,23.08746111,24.71617148,25.53170618,25.76241474,21.88147238,20.4942262,19.36476397,20.38673732,23.5532511,34.57831218,37.29531464,25.38832404,22.14007283,21.89866086,18.99904129,17.2788565,19.47028958,19.99612803,19.02397572,21.52772927,26.76495413,32.44371185,35.29597799
2001-04-30 00:00:00-10:00,92.91421814,85.28047661,92.28583702,93.68880206,91.88348877,83.44946094,82.18868801,78.69426577,77.1808676,75.98118664,70.51705736,65.31025924,68.41996541,72.2059782,82.50001841,91.58117421,97.15435887,92.70712252,79.10771717,76.30721445,65.3988979,59.99239368,57.24343252,53.32612445,51.99956515,50.67826727,50.22109173,49.93778958,49.42217295,49.34567782,54.73443395,61.22515618,66.89425668,71.23647325,78.90264437,105.6247345,73.5047916,63.56211477,61.16354473,61.33594545,63.63368168,65.33037293,65.14400777,65.25669585,66.29371691,75.58953584,78.25747127,80.41106374,84.71812217,86.21320339,87.6241271,87.18888235,90.50903654,83.53125921,74.40840653,69.85243734,68.40559169,66.85641647,68.49149392,62.77563264,58.54701682,55.04355857,58.1473218,56.48050537,55.31965001,56.89245625,54.41088253,53.90070782,52.55099381,48.99726652,48.84991371,50.07841551,52.5214308,45.8728037,43.57863049,45.75038187,45.21572501,43.58310776,44.64406698,44.38486364,44.60304562,43.69842403,46.96072415,48.4189353,56.97661946,59.29796231,57.67547767,56.0792622,51.7724101,49.76833755,46.69133362,46.18575449,47.07924957,49.02704235,49.63208106,50.86984242,55.02373936,48.24658329,41.12862617,35.63554269,34.06203431,32.91355832,40.14864995,43.37489546,42.06085873,39.408188,40.63509698,38.77079782,43.36167963,47.41644906,86.97486338,66.01577878,55.1836461,53.6390662,56.74239485,56.46238956,51.5824012,50.39952395,51.75774545,53.6825619,50.58803967,38.53943908,32.86534478,27.56893076,21.22267689,21.81231986,23.81745179,24.55730075,25.11800025,24.95754196,25.38275652,28.74359631,33.36590526,35.78840084,41.6292888,43.09208398,41.82581361,43.71525824,37.42385773,25.60842645,25.82115432,31.8412947,37.48013194,35.80713253,33.94942815,32.62493579,31.54320552,36.5718968,49.40188527,47.6921192,48.65499067,48.5330426,48.42057933,43.2842086,36.93168811,32.43754642,30.24540742,28.74182024,25.52261105,23.63215465,25.20454571,26.09969958,29.5173341,35.05922758,36.04463972,37.05410521,34.23390652,35.78655781,33.46075064,35.32153458,32.86024379,31.3046333,31.73035545,31.23704461,35.65423343,34.29813034,33.1110693,31.44225812,22.63390917,28.87566872,31.79490443,44.60232057,42.49881326,30.50272621,30.68527888,30.51233446,32.01829126,32.77056527,34.01206084,31.32615759,30.24023848,26.78827154,21.92064745,23.52526243,27.9118623,29.87841709,31.30627559,30.93587633,31.24220003,29.37060833,27.77669439,25.72240081,23.36160692,22.33556278,20.9421429,22.65733714,21.08040573,21.70039892,20.85116997,18.78547339,16.08586522,14.71628106,14.84120606,13.76752223,13.3261906,10.44780041,10.17798451,9.775418856,9.991426641,11.19101308,12.63597884,16.72496483,19.75630936,22.94444642,24.55316313,25.31763788,25.68428061,21.81620387,20.42598927,19.31492405,20.25330266,23.3980062,34.38797341,37.20930065,25.33179817,22.06044572,21.69809306,18.90750516,17.14890345,19.37841856,19.77105358,18.86227024,21.41956565,26.67449884,32.35745161,35.21920929
2001-05-31 00:00:00-10:00,92.93686045,85.05846523,91.87375399,93.33989775,91.87847015,83.28513359,82.38881569,78.8432625,77.28476638,76.01595255,70.59138274,65.36132278,68.47438726,72.19713373,82.40145243,91.56441302,97.10529524,92.72993756,79.32690286,76.5347545,65.67030199,60.25850599,57.52156125,53.54125254,52.12427708,50.76931256,50.21756592,49.86809793,49.29477098,49.22487458,54.5993577,61.19624451,66.95748613,71.31328258,79.16647341,105.6829608,73.46421195,63.52117624,61.14797854,61.27010198,63.74728587,65.39550439,65.17995063,65.19038555,66.2598977,75.51453473,78.17592787,80.05235908,84.45509813,86.15850821,87.46403131,87.24106449,90.45874558,83.87039526,74.79685075,70.32342123,68.87910936,67.30889231,68.7322957,62.62360777,58.44628766,54.94486079,58.12210313,56.4982445,55.32033906,56.88421321,54.38245337,53.83907542,52.37239559,48.98343607,48.85216069,50.09538752,52.47707966,45.54635123,43.28356319,45.55755158,45.18158089,43.57880483,44.78940456,44.3822768,44.49735312,43.51783265,46.62264623,48.25968462,56.83526768,59.22448922,57.68205624,55.95769153,51.6186798,49.58613383,46.50424346,46.2542805,47.1342385,49.07266361,49.72240464,50.91303511,54.99686689,48.08888218,40.97844989,35.54283325,34.05322919,32.97943156,40.17082561,43.39274863,41.98250291,39.16047959,40.42362392,38.55011533,43.14520653,47.21834683,86.80397872,65.90505211,55.09403462,53.56183085,56.65199041,56.3698144,51.42875751,50.2973971,51.64092916,53.57950191,50.47039425,38.28555582,32.70085483,27.40103487,21.11822219,21.66800378,23.68635251,24.43223986,25.00647428,24.85322748,25.26827771,28.6455027,33.2376607,35.64442761,41.50874506,42.92475287,41.64861821,43.62402169,37.33593907,25.52301297,25.76061522,31.75096459,37.39556769,35.72486046,33.90815804,32.60130527,31.50959723,36.53500341,49.22727962,47.59346493,48.61659734,48.54854533,48.40875239,43.22127028,36.8903477,32.45642664,30.20935391,28.71534341,25.51953951,23.65855513,25.22722031,26.07664835,29.45119093,34.97832811,35.98645927,36.97786904,34.17421438,35.69187316,33.35653428,35.2285176,32.78898143,31.22737017,31.64478897,31.13183839,35.50995491,34.25690377,33.02116511,31.39185602,22.62266807,28.86524875,31.76423584,44.523416,42.46579002,30.54116354,30.7054698,30.46045179,31.89782337,32.71218837,33.94990633,31.31264067,30.27398597,26.80144715,21.90939397,23.50737142,27.83890135,29.78730946,31.1332237,30.75850339,31.06877284,29.21690659,27.69579923,25.65286422,23.29445023,22.28126583,20.89581811,22.60098367,20.98662204,21.58827973,20.76362672,18.72212155,16.03651819,14.67018058,14.74561499,13.66655251,13.25671986,10.34419585,10.03546615,9.604308752,9.833619605,11.08164521,12.53497758,16.6042694,19.6505116,22.81306144,24.40367221,25.11655616,25.61858001,21.76761232,20.37268715,19.27945884,20.1316461,23.25132787,34.20275932,37.12180808,25.28448703,21.99593532,21.52268285,18.83505202,17.03324556,19.30684384,19.55462379,18.70100642,21.31665066,26.58759198,32.28026275,35.15259025
2001-06-30 00:00:00-10:00,93.01594529,84.86503949,91.52420927,93.06256171,91.94931483,83.17904261,82.66090883,79.05224062,77.44045342,76.08740776,70.69617712,65.43717678,68.55270623,72.18064337,82.3334538,91.58322043,97.11307589,92.82162141,79.61219008,76.82644014,65.99071094,60.5617055,57.82872501,53.7836952,52.26645138,50.87684798,50.2310596,49.81074701,49.18211034,49.12154454,54.48245848,61.19501717,67.06104291,71.44712587,79.47482993,105.7860923,73.48410005,63.53557697,61.18476121,61.27581039,63.93705458,65.5394062,65.29350931,65.20590758,66.32652074,75.53782237,78.1886498,79.78621861,84.31122009,86.12875704,87.31820001,87.32383275,90.41593125,84.29927178,75.27381207,70.86658909,69.41749161,67.81334984,68.96835702,62.42711958,58.28197951,54.76739258,58.00715652,56.44353871,55.25743337,56.81007707,54.28007729,53.70429982,52.11089698,48.91067697,48.79493795,50.06395563,52.4098971,45.16209811,42.95781347,45.34568982,45.13882834,43.57332874,44.93952143,44.42339114,44.43748705,43.41690011,46.33062042,48.10053228,56.69730349,59.15570239,57.69015417,55.9120201,51.52820045,49.45642048,46.38173032,46.32683673,47.18930613,49.11506449,49.80910424,50.95626252,55.02182286,47.98665024,40.89097224,35.49762202,34.07914956,33.06917706,40.20915135,43.4268114,41.90570827,38.91641567,40.21553123,38.32826634,42.94037785,47.0332956,86.64885563,65.80652744,55.03494804,53.5169839,56.58893697,56.29717642,51.29502621,50.22005656,51.54345663,53.49247051,50.36343241,38.04388037,32.5563834,27.24873076,21.01246937,21.53300827,23.57171923,24.32347568,24.90812528,24.76271338,25.16457993,28.55966457,33.11805434,35.50740082,41.40157726,42.77002724,41.49008818,43.54496897,37.26357064,25.45477237,25.7148429,31.6764853,37.32824994,35.66717298,33.89639447,32.61426502,31.51523703,36.52009252,49.04539208,47.49355282,48.58551855,48.56103613,48.39780137,43.16222004,36.85627261,32.48352989,30.18362386,28.70622105,25.54464847,23.69820058,25.25347783,26.06254347,29.39115618,34.90993504,35.955437,36.93032886,34.14481232,35.61162682,33.26801274,35.15116138,32.72944064,31.16179302,31.57281231,31.04528109,35.38802227,34.24402242,32.95073753,31.35803056,22.62202419,28.86576112,31.74421861,44.45652486,42.44348684,30.59790064,30.73894229,30.4246723,31.79423815,32.67252758,33.8964853,31.31648753,30.32359889,26.82741819,21.91816675,23.50573154,27.7946949,29.72462439,30.98806286,30.61141907,30.91921454,29.06923558,27.61502423,25.59143867,23.23420976,22.23467135,20.85750641,22.55715143,20.90072802,21.48553014,20.68651047,18.67707268,16.00389524,14.63770745,14.66234163,13.5823074,13.19556788,10.26028379,9.911110472,9.440745026,9.686615601,10.97904952,12.43613819,16.48426333,19.54323249,22.69439267,24.26976843,24.93014876,25.56730413,21.74035436,20.3378599,19.25848866,20.02462839,23.11555598,34.02355338,37.02794168,25.24913007,21.95371225,21.38919655,18.79723341,16.94569342,19.27233491,19.35746943,18.54197501,21.21963468,26.50289529,32.2135163,35.0962298
2001-07-31 00:00:00-10:00,92.73756503,84.53604743,91.10091869,92.7140057,92.13545763,82.96863698,82.96999232,79.29749407,77.65402382,76.19160125,70.80303909,65.55628706,68.57729823,72.14870723,82.20139009,91.52159145,97.06574649,92.85290545,79.76327344,77.07312181,66.25067583,60.79662039,58.05855956,53.9365335,52.34253802,50.91271654,50.15675797,49.6511896,48.95187969,48.90395731,54.25391322,61.04178789,67.03154441,71.47479832,79.66635256,105.6491845,73.26750875,63.27994921,60.95934507,61.05688031,64.015683,65.6117102,65.38362091,65.00716013,66.2344891,75.47671995,78.2875335,79.52357421,84.02790337,86.13292939,87.19707929,87.43992799,90.45220463,84.73910196,75.82321498,71.40779392,69.92857994,68.2898859,68.98360809,61.94145242,57.84881815,54.30978259,57.53702019,56.03369904,54.90250435,56.48523753,53.95972916,53.41460119,51.73500843,48.67017079,48.61197851,49.88462475,52.24319022,44.68569763,42.56483217,45.09348131,45.07036409,43.55655449,45.09502688,44.43230102,44.27075066,43.3828273,46.13735598,47.93792315,56.56374806,59.09300212,57.7016275,55.79602448,51.37068703,49.29849601,46.24534323,46.40531906,47.24457453,49.15237254,49.88980333,51.00081626,55.14372143,48.06217394,40.93595556,35.56672953,34.20255115,33.22731778,40.26484374,43.47909686,41.83901228,38.80058849,40.15918479,38.23760615,42.82092561,46.9069003,86.52943499,65.72237735,55.05051282,53.53409005,56.58027392,56.2778935,51.16583995,50.24348529,51.54443652,53.46930193,50.28999094,37.74681707,32.35649327,27.0705604,20.91108742,21.46157495,23.54506777,24.30359869,24.88215454,24.71418624,25.08650866,28.45872202,32.96583771,35.33127195,41.21193785,42.53271208,41.25780368,43.42961882,37.15268253,25.38868775,25.5930199,31.54564957,37.21113587,35.55846483,33.86535778,32.6046752,31.50173438,36.42614465,48.73901933,47.27468509,48.4624246,48.44609699,48.28039294,43.00659772,36.75597314,32.44119729,30.12464305,28.67319289,25.52908452,23.68018252,25.21903655,26.00946819,29.31828236,34.82598539,35.90531971,36.85648576,34.15401619,35.55124204,33.21629158,35.11114486,32.70283039,31.14238279,31.53216486,30.99342396,35.28295333,34.21606632,32.90937794,31.320789,22.6251173,28.85196813,31.72302188,44.39004558,42.3798965,30.59204303,30.71089249,30.35880713,31.67135749,32.62483373,33.79373411,31.25509437,30.28888187,26.81675306,21.94037576,23.49492444,27.72873996,29.60805237,30.77578811,30.41966967,30.73590354,28.86420194,27.50182959,25.53510253,23.19053735,22.20483669,20.82975987,22.50819463,20.80355183,21.36822639,20.59463331,18.6258761,15.98065286,14.61356709,14.62795791,13.53306184,13.15708004,10.24966373,9.906892945,9.411527528,9.657548491,10.96372213,12.38211762,16.42412257,19.51504236,22.66973944,24.21890431,24.83175956,25.50473918,21.71456149,20.30195288,19.23977402,19.96232671,23.04835904,33.89621011,36.94176329,25.23312642,21.92385927,21.33097801,18.79310218,16.91021624,19.27115925,19.31155262,18.50275997,21.15833752,26.44309759,32.16250796,35.05638938
2001-08-31 00:00:00-10:00,92.40983915,84.18934784,90.67956679,92.36619252,92.32835728,82.75293542,83.23066646,79.49643766,77.82800222,76.26539686,70.86946077,65.65323567,68.57302432,72.00077174,82.05102196,91.44280907,97.00208091,92.84999941,79.8383669,77.27070514,66.46355024,60.99182327,58.24668337,54.0529656,52.38854645,50.916771,50.06347725,49.47219236,48.70477758,48.67010204,54.01018737,60.86834578,66.97625433,71.47598609,79.82660589,105.4850264,73.02561205,62.99259876,60.70081821,60.81053448,64.04899167,65.6476943,65.44578612,64.77490353,66.11949571,75.40749911,78.38045284,79.27583714,83.76105329,86.16713612,87.11098497,87.5637303,90.47598067,85.166276,76.37705271,71.93729534,70.43230836,68.76353996,68.97358395,61.41360932,57.37329384,53.80879668,57.01369721,55.5788646,54.51573151,56.13392262,53.61844184,53.11470629,51.33998625,48.40662785,48.42671733,49.69451559,52.07830138,44.40690238,42.24704681,44.77112003,44.94362184,43.50379886,45.24867826,44.43458638,44.1060485,43.3961204,45.97363155,47.7641768,56.4253076,59.02577211,57.70959404,55.69082628,51.22200148,49.14406827,46.1199858,46.48441861,47.29457276,49.17686192,49.95631583,51.0445952,55.29250592,48.17934465,41.00988113,35.66147035,34.3482607,33.39731018,40.34048937,43.55307196,41.8515443,38.70827215,40.13107258,38.17300622,42.72465503,46.79579027,86.42172371,65.64618487,55.09426639,53.57773281,56.59755574,56.28120321,51.03737359,50.29486419,51.57237162,53.46557956,50.22886934,37.46162223,32.16883446,26.89561217,20.80593669,21.39389834,23.52585777,24.2904431,24.86181548,24.67297368,25.01299384,28.35732712,32.8117363,35.15255387,41.02236514,42.29115966,41.01807917,43.32062633,37.04593394,25.32735231,25.46538903,31.40813617,37.0854556,35.44717052,33.838499,32.59404831,31.48623387,36.31958631,48.41580393,47.04969501,48.3252608,48.30955147,48.15064404,42.84529834,36.65271015,32.38589822,30.06422658,28.63508779,25.50993994,23.65660051,25.17948401,25.95366566,29.24881758,34.74526043,35.86030621,36.78551643,34.17431054,35.50102293,33.17632147,35.08245163,32.68595077,31.13544296,31.50237106,30.95452165,35.18846743,34.19013355,32.86993464,31.28010046,22.62404519,28.83039456,31.69582597,44.32003149,42.3075163,30.57113083,30.67253045,30.29296449,31.55389634,32.58165823,33.68925884,31.19106577,30.24773623,26.80686814,21.97004133,23.48784754,27.66313567,29.491131,30.56282324,30.22437053,30.54734195,28.65315807,27.3799082,25.47570715,23.14795437,22.176065,20.80338378,22.45853655,20.70466624,21.24819531,20.49800582,18.57402242,15.95554458,14.58481738,14.59224786,13.48498929,13.12150926,10.25070366,9.91926452,9.395020462,9.643156556,10.95844651,12.3331569,16.36919542,19.49438487,22.6530721,24.17518302,24.74277704,25.44469675,21.69173657,20.26751504,19.21730898,19.90227014,22.97261807,33.75580727,36.83634217,25.20419174,21.88587685,21.28658092,18.79288282,16.88372771,19.27663646,19.2899968,18.47691048,21.09295006,26.37731946,32.10117383,35.00594661
2001-09-30 00:00:00-10:00,92.01960302,83.82308932,90.25441095,92.01214219,92.50885254,82.5282284,83.42464432,79.6330865,77.94693403,76.29834141,70.88681801,65.71050149,68.53465566,71.82498921,81.88197182,91.34141994,96.9134703,92.80062256,79.82540852,77.40628285,66.61703925,61.1372195,58.38130475,54.1217633,52.3941245,50.87838308,49.94053664,49.26362473,48.43154534,48.41030412,53.74187466,60.66456643,66.88325562,71.43763896,79.94488526,105.2955444,72.75978708,62.67343042,60.40851417,60.53007364,64.02405075,65.63595495,65.46777021,64.50108478,65.97329496,75.32278975,78.4627044,79.04245447,83.5035119,86.18969765,87.05944982,87.68576201,90.47811539,85.55767491,76.91516319,72.43711787,70.91102132,69.2180725,68.93774314,60.85536565,56.87353151,53.28511412,56.45878626,55.09832392,54.11373002,55.76708413,53.26862206,52.8163448,50.93484882,48.12266688,48.23979572,49.49295818,51.91368436,44.1671314,41.94365406,44.50926629,44.76254128,43.39004162,45.37416064,44.42524044,43.93938317,43.45310487,45.83390178,47.56407721,56.24586703,58.91320698,57.68491244,55.59536873,51.08320934,48.99222885,45.99766969,46.53777003,47.31641291,49.16499109,49.98554718,51.07409096,55.46589737,48.3347169,41.11319984,35.78259511,34.51499433,33.57739637,40.41328798,43.626874,41.87637053,38.6467051,40.13648024,38.14162275,42.65805838,46.70556118,86.3311117,65.58246579,55.16812479,53.64812922,56.64100277,56.30681246,50.91515992,50.37319905,51.62757773,53.48266992,50.18308891,37.19318618,31.99407003,26.72259666,20.69764732,21.32595889,23.51030068,24.27977121,24.84332184,24.63616846,24.94142988,28.2534185,32.65320924,34.97000237,40.8311016,42.04608978,40.76902152,43.21727379,36.94243012,25.26965897,25.32811273,31.25999937,36.94501716,35.32703298,33.80905817,32.57482724,31.46061882,36.19611003,48.08176341,46.82033272,48.17393187,48.15157437,48.00850764,42.67913057,36.5460488,32.31636472,30.00127666,28.58774531,25.48333091,23.62471261,25.13291494,25.89337881,29.18473921,34.66907886,35.81854012,36.714904,34.20010429,35.45802161,33.14560361,35.06193049,32.67696139,31.14023818,31.48163325,30.92618141,35.10049273,34.16037895,32.82819479,31.23224616,22.61673318,28.79899463,31.66094419,44.24317311,42.22487162,30.53298849,30.62242644,30.22430408,31.43987134,32.5397985,33.58203454,31.12164172,30.19778825,26.79683733,22.00557749,23.48392628,27.5931457,29.37131002,30.34854239,30.0237861,30.35053933,28.43582437,27.24901745,25.41180425,23.10476628,22.14624193,20.77695437,22.40671434,20.60196066,21.12324282,20.39347005,18.5174431,15.923937,14.546165,14.54960778,13.43242065,13.08510907,10.25650516,9.942519735,9.387701869,9.64024455,10.9607873,12.28718309,16.31713031,19.48244252,22.64294104,24.13661087,24.65934635,25.38389531,21.66752683,20.23096176,19.18799124,19.84107794,22.88366704,33.59942427,36.70911293,25.15683442,21.8330181,21.24694373,18.79199277,16.86236964,19.28292558,19.28915913,18.46441978,21.02168918,26.30306973,32.02520501,34.94067478
2001-10-31 00:00:00-10:00,91.55611804,83.43770653,89.81841182,91.64357328,92.65732032,82.28954375,83.53968248,79.69825497,78.00080536,76.28278975,70.84993966,65.72062287,68.45814415,71.63101264,81.69473052,91.21001925,96.79016986,92.69436668,79.71911524,77.4753106,66.70617383,61.22883243,58.45810882,54.13791803,52.35327266,50.79077767,49.77945627,49.01758206,48.12502749,48.11713112,53.44116055,60.42144675,66.74270556,71.35083107,80.01550019,105.0853426,72.47283398,62.32368587,60.08263137,60.21095023,63.93218042,65.56871597,65.44006068,64.17789836,65.78785331,75.21399159,78.53002287,78.82285875,83.24762712,85.89427643,86.92832895,87.79462909,90.45129835,85.8931729,77.41759723,72.89120651,71.34916526,69.63936398,68.87689172,60.28015426,56.36895505,52.76070325,55.89480347,54.61164823,53.7130682,55.39564311,52.92169264,52.52988918,50.52993049,47.82337848,48.05173622,49.2798149,51.74812588,43.97870109,41.66525151,44.26177625,44.57747447,43.27187959,45.33414631,44.39874244,43.76534251,43.54413321,45.71150156,47.3124588,55.90792971,58.62416948,57.50341608,55.50964011,50.95625768,48.84456008,45.86985463,46.45910867,47.26378158,49.13746651,50.01793562,51.11758135,55.66221865,48.52489025,41.24698659,35.93135863,34.70193013,33.76524338,40.48900092,43.70661563,41.92083207,38.62394668,40.18191962,38.15159743,42.62834637,46.64286878,86.26611876,65.53856772,55.27434202,53.74571149,56.71000929,56.35341346,50.80600967,50.47696939,51.70963788,53.52137562,50.15525284,36.94679064,31.83309518,26.55061348,20.58755346,21.25448106,23.49428762,24.26745808,24.82381566,24.60048958,24.86943509,28.14487211,32.48881967,34.78428726,40.63797246,41.79991604,40.51059528,43.12096029,36.84351247,25.21721501,25.17789474,31.09867354,36.78469098,35.19200082,33.76950109,32.53924694,31.41652744,36.05247711,47.7411312,46.58874423,48.01032356,47.97444928,47.8550966,42.50899476,36.43407531,32.23249507,29.93512605,28.5283293,25.44656861,23.58183645,25.07715764,25.82787272,29.12832249,34.59907389,35.77778773,36.6421999,34.2254352,35.41879369,33.1211392,35.0461683,32.67314545,31.15533966,31.46710135,30.90522238,35.01662912,34.12334454,32.78278422,31.17624901,22.60265347,28.7573565,31.61879577,44.15842107,42.13131394,30.47656202,30.55911656,30.15005152,31.32716338,32.49564847,33.47136631,31.04455667,30.1378128,26.78566569,22.04523897,23.48305049,27.51496571,29.246999,30.13276674,29.81654299,30.14215475,28.21211757,27.11044497,25.34342767,23.06040947,22.11458922,20.75041954,22.35264183,20.49499421,20.99310079,20.28008178,18.45317587,15.8826052,14.494011,14.49611124,13.37149578,13.04541251,10.26071733,9.971470833,9.387674746,9.646531489,10.96925855,12.24275609,16.2667741,19.48160736,22.63723544,24.09997681,24.57696454,25.3180388,21.63717169,20.18820883,19.14953694,19.77536847,22.77824293,33.42550371,36.55976734,25.08779244,21.76024608,21.20209332,18.78656998,16.84285391,19.28503151,19.30665777,18.46706543,20.94464731,26.21991917,31.93138311,34.85770281
2001-11-30 00:00:00-10:00,91.01591344,83.03625953,89.36741542,91.25463835,92.75618546,82.03318318,83.57020304,79.68980268,77.98554857,76.21450978,70.75723673,65.67901859,68.34078233,71.42402193,81.49037167,91.04286495,96.62463209,92.52574779,79.52171097,77.48257514,66.73499741,61.27043235,58.48185674,54.10434256,52.26631628,50.65345176,49.57725932,48.73203842,47.78370358,47.78885466,53.10545547,60.13550769,66.5508637,71.21441641,80.03853632,104.8613786,72.17036216,61.94824778,59.72718044,59.85616928,63.77337559,65.44556945,65.36054126,63.80220686,65.5582357,75.07439855,78.5793432,78.61755746,82.98776119,85.56610289,86.80570488,87.8788617,90.39372585,86.16038057,77.86957748,73.28919592,71.73672216,70.01815803,68.79281376,59.70172569,55.87702677,52.2556144,55.34208275,54.13529167,53.32700019,55.02924229,52.58703166,52.26380007,50.1360384,47.51597748,47.86429916,49.05687019,51.58160079,43.84920121,41.41839876,44.03820604,44.39930539,43.15908649,45.28418668,44.34944406,43.57798578,43.65500091,45.60029718,47.1407522,55.57036671,58.33396602,57.33014196,55.43399348,50.84303065,48.7045158,45.7297132,46.35249339,47.19208629,49.13018171,50.07741597,51.19284243,55.88123454,48.74780261,41.41339677,36.11026146,34.91010115,33.95987175,40.57518541,43.79916176,41.99140943,38.647501,40.2736369,38.21006239,42.64307735,46.6147718,86.23652606,65.52292691,55.41448713,53.87090639,56.80391096,56.41925535,50.71663497,50.60331629,51.8170094,53.58148282,50.14694982,36.72712108,31.68656455,26.38011633,20.47946855,21.1788788,23.47650472,24.25245407,24.80411321,24.56426023,24.7965387,28.03191344,32.32011887,34.59793556,40.44403991,41.55591891,40.24676479,43.0352436,36.7531833,25.17460387,25.01305147,30.92357261,36.6010745,35.03728438,33.71309935,32.48126749,31.3476554,35.88812309,47.39649798,46.35676172,47.83730059,47.78230885,47.69342158,42.33736866,36.31415955,32.13573831,29.86672708,28.45708266,25.39993228,23.52798119,25.01266618,25.75832497,29.08066671,34.5353681,35.73542369,36.56501182,34.24576514,35.38082321,33.10083859,35.03314278,32.67236281,31.17934737,31.45619997,30.88876602,34.93738831,34.07950645,32.7351495,31.11400859,22.58325581,28.70703194,31.57174156,44.06684426,42.0269022,30.40259745,30.48254956,30.0695871,31.21513463,32.44696639,33.35805072,30.95972298,30.06858863,26.77348529,22.08794439,23.48586575,27.42755812,29.11867756,29.91643297,29.6025922,29.92048802,27.98181367,26.96683864,25.27223507,23.01593226,22.08217382,20.72543971,22.29750999,20.38559078,20.86020348,20.15981037,18.38093092,15.83140625,14.42852878,14.43182201,13.30193858,13.00167907,10.2586077,10.00210921,9.392776503,9.659043005,10.98148672,12.19743128,16.2166878,19.49188331,22.63445571,24.0633217,24.49350938,25.24480122,21.598044,20.13663459,19.09979887,19.70299002,22.65593068,33.2344472,36.38870147,24.99493908,21.66321888,21.14397715,18.77549641,16.82444194,19.28133876,19.34374207,18.48915547,20.86445871,26.12987598,31.81954547,34.75734659
2001-12-31 00:00:00-10:00,90.40081874,82.62435278,88.9020247,90.84467502,92.79301259,81.75835123,83.51699217,79.6111161,77.90185618,76.09196006,70.6095497,65.5836016,68.18094357,71.2036967,81.26975537,90.83816154,96.41357633,92.2956646,79.24224495,77.44037921,66.7149392,61.27196348,58.46395208,54.02948774,52.13820044,50.47061016,49.33511835,48.40938391,47.41014166,47.42758319,52.73575388,59.8075926,66.30940158,71.03528606,80.01941124,104.632726,71.86280044,61.55847761,59.35348134,59.47728422,63.55763919,65.27473481,65.2366904,63.37654132,65.28387059,74.9011479,78.6106568,78.429314,82.72253161,85.21109792,86.6835094,87.92940068,90.30813185,86.35627716,78.26520124,73.62886023,72.07105401,70.35110251,68.68730462,59.13231347,55.41190119,51.7857025,54.81656033,53.68074342,52.9635676,54.67500576,52.27069625,52.02353358,49.76275927,47.20928099,47.68111669,48.82851174,51.41622652,43.78029717,41.20314213,43.84198996,44.23458566,43.05723761,45.22725996,44.27259034,43.3722745,43.76997368,45.4968617,46.98796316,55.24118873,58.05140283,57.17689361,55.36836381,50.74438364,48.57637651,45.57426089,46.21883968,47.10446434,49.1611552,50.18064241,51.31035586,56.12457096,49.00304533,41.6154228,36.32224568,35.14176851,34.16196728,40.67871645,43.9102018,42.09128589,38.72191889,40.41665493,38.32277749,42.70897187,46.6274272,86.25025734,65.54180763,55.58739294,54.02301422,56.92189287,56.50299112,50.65222242,50.74766832,51.94634465,53.66154262,50.15942171,36.53931783,31.55579999,26.21262867,20.3793324,21.10270738,23.46086604,24.23812354,24.78946305,24.52857942,24.72501951,27.91785561,32.15211414,34.41605714,40.25418091,41.31954079,39.98513514,42.96563482,36.67763073,25.14859169,24.83646194,30.73915204,36.39602574,34.86249495,33.63680494,32.39845997,31.25190622,35.70508904,47.04962055,46.12588833,47.65884799,47.58058039,47.52741956,42.16814354,36.1833948,32.02920979,29.79875638,28.37744022,25.3464898,23.46626856,24.94286185,25.68807276,29.04266123,34.4780324,35.68994926,36.48203746,34.25989873,35.34389731,33.08457476,35.02346123,32.67424354,31.21181581,31.44691499,30.87443971,34.86456145,34.03170131,32.68945427,31.05022544,22.56336559,28.65274166,31.52486715,43.97210622,41.91376525,30.31419796,30.39547313,29.98517229,31.10631484,32.39420495,33.24546263,30.87099076,29.9943523,26.76359221,22.1348854,23.49412794,27.33216829,28.98795283,29.70156321,29.38354928,29.68684756,27.74584241,26.82162715,25.20078641,22.97331615,22.05117433,20.70420609,22.24270205,20.27677124,20.72864739,20.03680348,18.30277438,15.77257486,14.35267029,14.35993395,13.22567201,12.9541089,10.2469106,10.03116992,9.401168732,9.674801092,10.99589136,12.15006565,16.168201,19.51565814,22.63805128,24.03078918,24.41336136,25.16573172,21.55145706,20.077157,19.03879412,19.62475791,22.52110557,33.03038141,36.20013105,24.88026915,21.54162019,21.06775636,18.76098177,16.8092004,19.27502379,19.40659411,18.5382271,20.78613882,26.03693743,31.69429742,34.64495867
2002-01-31 00:00:00-10:00,89.71500916,82.2088747,88.42566315,90.41811837,92.76213633,81.46708713,83.38606538,79.46894648,77.75367933,75.91530681,70.40847433,65.43474045,67.97820718,70.96699367,81.03314465,90.59709697,96.15793467,92.00998202,78.89348929,77.36217771,66.65815693,61.24337149,58.4153882,53.9215267,51.97396742,50.24701564,49.05562764,48.05471328,47.00929893,47.03632653,52.33406062,59.43976597,66.02294506,70.82415459,79.96768868,104.4111861,71.56428872,61.17098725,58.9786265,59.09148363,63.30241088,65.07134592,65.08478178,62.90900169,64.96894978,74.69559971,78.6279751,78.26402477,82.45400581,84.83689591,86.55393526,87.93855429,90.19808881,86.48436782,78.6061516,73.9137008,72.35428814,70.6377128,68.55983811,58.58028336,54.98395486,51.3617995,54.32885747,53.25447321,52.6261172,54.33669745,51.97419715,51.81018718,49.41614786,46.91225199,47.50626535,48.60027775,51.25497165,43.76838224,41.01343734,43.66969195,44.08380912,42.96601145,45.16207409,44.16602007,43.14625609,43.87621821,45.40240475,46.86391266,54.92525392,57.78199139,57.04945847,55.30932508,50.65773323,48.46260206,45.40288053,46.06003955,47.00540077,49.24725018,50.34112859,51.4776867,56.39590659,49.29108495,41.85615022,36.56816006,35.3988372,34.37273144,40.80450028,44.04316833,42.21929613,38.84405816,40.61086089,38.49062304,42.82829696,46.68242155,86.30882805,65.59501198,55.78597748,54.19692444,57.06019463,56.60124194,50.61132884,50.90189898,52.08986238,53.75544514,50.188943,36.38357454,31.43953021,26.04870838,20.29351647,21.03252844,23.45428778,24.23027884,24.78632922,24.4959615,24.65771253,27.80707787,31.99069558,34.24348765,40.07364873,41.09516173,39.73238703,42.91549408,36.62084729,25.1433841,24.65196465,30.55117651,36.17417611,34.66960298,33.53863435,32.28949722,31.12877636,35.50449113,46.69952149,45.8951265,47.47960227,47.37542937,47.36192434,42.00559368,36.03995666,31.91632587,29.73414591,28.29411547,25.2901011,23.40134009,24.87243453,25.62146762,29.01392475,34.42617996,35.64002519,36.39213808,34.26836843,35.30887912,33.07305177,35.01868645,32.67875689,31.25194124,31.43736457,30.85970803,34.79912266,33.98322685,32.64994908,30.99036869,22.54901154,28.5997274,31.48323782,43.8775129,41.79381601,30.2142469,30.30124051,29.89958045,31.00347005,32.33789887,33.13634978,30.78310968,29.92021594,26.75974413,22.1869255,23.5086294,27.23052774,28.85630273,29.48979808,29.16096927,29.44354772,27.50628471,26.67840811,25.13104908,22.93379687,22.02326835,20.68786865,22.18890851,20.17210888,20.60343296,19.91663001,18.2224687,15.70972558,14.27080584,14.28532328,13.14545365,12.90244806,10.22235949,10.05500375,9.410437175,9.690896995,11.01124176,12.09995182,16.12293021,19.55496813,22.65262931,24.00855558,24.34315595,25.08306121,21.49888343,20.01037634,18.96682493,19.54171188,22.37941559,32.81971787,35.99951701,24.74696023,21.39593834,20.96896996,18.74505013,16.79856733,19.2698674,19.50187291,18.62131296,20.71538526,25.94618889,31.5622656,34.52801067
2002-02-28 00:00:00-10:00,88.96518019,81.79552606,87.94216633,89.98179143,92.66331606,81.1625908,83.18619873,79.27101381,77.54706964,75.68594494,70.15500851,65.23502104,67.73391835,70.71101074,80.78106065,90.3231689,95.8620723,91.67523715,78.48673435,77.25803069,66.57347589,61.19172775,58.34337859,53.78595575,51.77713298,49.98648477,48.74164817,47.67502448,46.58754381,46.61719462,51.90199378,59.03398585,65.69798441,70.59351632,79.89578591,104.2100116,71.29027715,60.80470873,58.62225721,58.71864799,63.02936934,64.85466564,64.92654192,62.41083778,64.6202652,74.46203844,78.63819753,78.12902264,82.18540779,84.44816911,86.40930521,87.89947019,90.06611841,86.55112574,78.89835017,74.150238,72.59088365,70.87822093,68.40668166,58.04845653,54.59985238,50.98944915,53.88286005,52.85766332,52.31435585,54.01471252,51.69429523,51.62062901,49.0980762,46.63263301,47.34270163,48.37747709,51.10029132,43.80722569,40.83952926,43.51156424,43.94103719,42.87939174,45.08270678,44.03000572,42.90032772,43.9647291,45.32098981,46.7744357,54.6226228,57.52590988,56.94353689,55.25023937,50.57664508,48.362405,45.21537316,45.87625813,46.89833301,49.40093489,50.56671283,51.69837872,56.69967702,49.61291559,42.13826572,36.84719726,35.68266589,34.59348144,40.95435103,44.1979128,42.36842797,39.00552051,40.85079786,38.70911779,42.99771977,46.77517394,86.40605958,65.67611413,55.99834732,54.38286644,57.21131633,56.70754097,50.58969169,51.06003646,52.24128622,53.85723809,50.22918209,36.25455778,31.33407743,25.88837423,20.22854566,20.97634183,23.46489892,24.23572286,24.79988329,24.468659,24.59692992,27.70395166,31.84086394,34.08231679,39.9057203,40.88380275,39.49065475,42.88349584,36.58223077,25.15817222,24.46224879,30.36375889,35.93985684,34.45989082,33.41585025,32.15293196,30.97773257,35.28654568,46.34420259,45.66066631,47.30414393,47.17304337,47.20189242,41.85339194,35.88374215,31.80015173,29.67501996,28.21143623,25.23405331,23.33824334,24.80622353,25.56282621,28.99249408,34.37769773,35.58414113,36.29413822,34.27227331,35.27679676,33.06698515,35.02010219,32.6851323,31.2978537,31.42568454,30.84212758,34.74092301,33.93716923,32.61951521,30.93885295,22.54534895,28.55160051,31.44991516,43.78375122,41.66728981,30.10404991,30.20171885,29.81531878,30.90818106,32.27710321,33.03114579,30.69916112,29.84936911,26.76374932,22.24343868,23.52851394,27.12418673,28.72453764,29.28198491,28.93606256,29.193416,27.26575592,26.54007986,25.06383177,22.89717314,21.99906683,20.67635644,22.13626031,20.07460226,20.48862974,19.80423158,18.14468381,15.64748494,14.18829066,14.21430957,13.06487483,12.8463012,10.18238771,10.07063795,9.418926919,9.706051384,11.02679674,12.04653296,16.08119705,19.60911604,22.68084441,24.0013442,24.28825866,24.9970492,21.43942038,19.93441431,18.883291,19.45349522,22.23548281,32.60989453,35.79143264,24.59795524,21.2255956,20.84351027,18.72755688,16.79142268,19.26701018,19.63247623,18.74183371,20.65661836,25.8623923,31.42843114,34.41200987
2002-03-31 00:00:00-10:00,88.16030073,81.38798963,87.45503017,89.54255533,92.49991126,80.84812549,82.92738799,79.02480813,77.2887094,75.40590764,69.8502086,64.99017971,67.45102221,70.43419398,80.51476192,90.02110376,95.53191602,91.29632147,78.03050727,77.13329941,66.46595076,61.12084358,58.25047441,53.62500228,51.5497162,49.69184883,48.39603075,47.27870059,46.15214701,46.17094512,51.44067576,58.59135606,65.34254095,70.35611906,79.81703604,104.0423676,71.0558179,60.47850332,58.30401328,58.37910765,62.76165175,64.64536397,64.78521791,61.89362671,64.24470702,74.20519203,78.64840791,78.03007389,81.91790635,84.04376683,86.2409905,87.80591786,89.91291981,86.56300224,79.14856672,74.34601456,72.78618881,71.07280214,68.22293317,57.53505405,54.26377281,50.66951317,53.47730011,52.4889852,52.02663672,53.70789458,51.42495112,51.4492434,48.80817705,46.37620117,47.19208849,48.16453265,50.95355562,43.89092432,40.67119203,43.3532324,43.79434908,42.78605314,44.97903083,43.86598551,42.63586255,44.02719509,45.25597454,46.71729074,54.32835352,57.276818,56.84391946,55.18137057,50.49051886,48.26987787,45.01034302,45.66233489,46.78007019,49.62667496,50.85738894,51.97234503,57.03818007,49.96880167,42.46210777,37.1563188,35.99420195,34.82518973,41.12537784,44.36971887,42.52816763,39.19591735,41.12708979,38.96988045,43.20924787,46.8967693,86.53140888,65.7766713,56.21165504,54.56874349,57.36496353,56.81284813,50.58025347,51.21697973,52.39488577,53.95971168,50.27145696,36.14385543,31.23409018,25.73077202,20.1889158,20.94023364,23.49849765,24.25965421,24.83169791,24.44740949,24.54393404,27.61129113,31.7052999,33.93169499,39.75053986,40.68242469,39.25771594,42.86390958,36.55657859,25.18714603,24.26733638,30.17728909,35.69477298,34.23177621,33.26316313,31.98606345,30.79686624,35.05109344,45.98251288,45.41694721,47.13609457,46.97865678,47.05124021,41.71425684,35.71648156,31.68309614,29.6222158,28.13218933,25.17969186,23.28077472,24.74759431,25.5149694,28.9747498,34.32910711,35.51981484,36.18648112,34.27211385,35.24758674,33.06597042,35.02753972,32.69106502,31.3456347,31.40970391,30.81956237,34.6888997,33.896581,32.59899609,30.8972955,22.55401316,28.50820706,31.42422351,43.68771316,41.53193491,29.98128925,30.09550098,29.73358352,30.81996369,32.20939799,32.92764205,30.61954447,29.78174729,26.77470953,22.30211472,23.55125393,27.01396224,28.59226424,29.07797132,28.70990854,28.93952041,27.02641266,26.40776187,24.99860807,22.86181812,21.97818465,20.66868474,22.0847308,19.98541142,20.38534667,19.70265024,18.07326222,15.59019216,14.11044807,14.15323376,12.98797193,12.78556986,10.12661059,10.07757956,9.427475981,9.721191936,11.04292714,11.98972073,16.04210992,19.67425821,22.72342657,24.01263323,24.25240164,24.90593637,21.36997308,19.84474899,18.78567086,19.35730333,22.09160882,32.40600005,35.57675747,24.43301771,21.02781019,20.68816131,18.70484462,16.7827781,19.26141801,19.79262102,18.89613168,20.61115433,25.78805825,31.29420246,34.29814164
2002-04-30 00:00:00-10:00,87.31134907,80.98678398,86.96589049,89.10414468,92.27557678,80.52501522,82.61872037,78.73650912,76.98482424,75.07786807,69.49613214,64.70905326,67.13456978,70.13732772,80.23617286,89.69546229,95.17266544,90.87869282,77.5328442,76.99058857,66.3392735,61.03263369,58.13645243,53.43878356,51.29363238,49.36631301,48.0227221,46.87655518,45.71246972,45.69852654,50.95218195,58.11368566,64.96664212,70.12397388,79.74389864,103.9194284,70.87349428,60.20831846,58.04049791,58.09075826,62.52071375,64.46248613,64.68157712,61.3664531,63.84730548,73.92726518,78.66197492,77.96772143,81.64798243,83.6173102,86.03794023,87.65178185,89.73721002,86.52409547,79.36048818,74.50696035,72.94446517,71.2201696,68.00510418,57.03576593,53.9791281,50.40074529,53.1091321,52.14852356,51.76385273,53.41719044,51.16090258,51.2905987,48.54588323,46.14625287,47.05460463,47.96455835,50.8148307,44.01472028,40.50098186,43.18057379,43.63011965,42.67309271,44.83868609,43.67489454,42.35444781,44.0530703,45.2069492,46.68335028,54.03244682,57.02200581,56.72840594,55.08896174,50.3841784,48.172926,44.78421409,45.40932857,46.63962219,49.91776321,51.2023896,52.29147308,57.40898813,50.35596491,42.82281841,37.48982696,36.33328027,35.06720525,41.30965288,44.55049196,42.68873067,39.40609225,41.42923102,39.26337074,43.45275912,47.03850866,86.67578079,65.89029716,56.4161351,54.74375769,57.51063773,56.90733305,50.57371262,51.36464808,52.54264819,54.05377533,50.30660671,36.04277708,31.13400088,25.57509496,20.17512607,20.92502734,23.55526507,24.30275294,24.87833835,24.43014145,24.49773077,27.52854296,31.5831572,33.78781561,39.6036918,40.4844942,39.02772851,42.8473886,36.53463566,25.22047452,24.063537,29.98767548,35.4372104,33.98056658,33.0728928,31.78458611,30.58227689,34.79652234,45.61553755,45.15844785,46.97703783,46.79523509,46.91149388,41.58957151,35.54114962,31.56637286,29.57460392,28.05646098,25.12623017,23.22964741,24.69676201,25.47773062,28.95495291,34.27500441,35.44291056,36.067183,34.26657467,35.21884975,33.06723479,35.0381251,32.69201807,31.38873269,31.3865244,30.79019264,34.64053994,33.86356603,32.58619133,30.86266325,22.5705475,28.46432731,31.40048682,43.58161596,41.38203249,29.83924968,29.97747019,29.65255116,30.73549516,32.13041798,32.82038773,30.54069125,29.71276155,26.78811587,22.3594241,23.5734822,26.89971317,28.45775852,28.87665331,28.48364731,28.68441203,26.78871947,26.28025546,24.93404073,22.82544736,21.95916816,20.66313997,22.0323197,19.90222876,20.2898809,19.61050179,18.00834196,15.53916576,14.03996847,14.10597059,12.91748093,12.71966166,10.05685289,10.07796799,9.439544864,9.739223475,11.06150475,11.93012748,16.00429936,19.74439795,22.77859104,24.0433591,24.23709561,24.80738882,21.28679928,19.73485596,18.66868477,19.24700708,21.94517629,32.20827636,35.35146789,24.24726908,20.79601117,20.49836782,18.66933216,16.76363035,19.24119765,19.96856316,19.07374867,20.57625985,25.7224024,31.1569697,34.18304173
2002-05-31 00:00:00-10:00,86.43057282,80.58922994,86.47354942,88.66544897,91.99216678,80.19169826,82.26718411,78.41083123,76.64130702,74.7061994,69.09749331,64.39945442,66.79279647,69.82252803,79.94809803,89.34979765,94.78734155,90.42630858,77.0000272,76.83047462,66.19673897,60.92896742,58.00204918,53.22862518,51.01340375,49.01658503,47.63057596,46.48497156,45.28343062,45.20488828,50.44210942,57.60545996,64.58291013,69.90849645,79.68754641,103.848635,70.75164502,60.00494112,57.84337884,57.86696669,62.32411791,64.32161908,64.63182444,60.83346026,63.42899589,73.62509422,78.67397674,77.93323388,81.36606654,83.15684852,85.78516765,87.43046984,89.53646423,86.43570655,79.53152585,74.63449829,73.06656717,71.31637738,67.75134001,56.54620854,53.74894601,50.18187783,52.77645222,51.83870089,51.53044366,53.14682842,50.89913421,51.14050343,48.31079539,45.9439527,46.92906544,47.7790995,50.68270492,44.1744914,40.32772331,42.98145056,43.43448218,42.52694108,44.64858945,43.45508422,42.0552475,44.02895639,45.16867802,46.65936794,53.72026512,56.74277247,56.57131531,54.95673657,50.24113395,48.05770381,44.53311668,45.10761902,46.46433895,50.25980272,51.58396057,52.64270555,57.803353,50.76713458,43.21005869,37.84119869,36.69738732,35.31672762,41.49697855,44.73158401,42.84514708,39.63060808,41.74927449,39.58243858,43.71959681,47.19827819,86.83686992,66.01637173,56.60955003,54.90338746,57.6439246,56.98613647,50.56351901,51.49553185,52.67747275,54.1322129,50.32925719,35.94611845,31.03102577,25.42290022,20.18626662,20.92885809,23.63044745,24.36138641,24.93301982,24.41255557,24.45508078,27.45177746,31.47037981,33.64523312,39.45733866,40.28217862,38.79400419,42.82472321,36.50695912,25.24752315,23.84524342,29.78870669,35.16334971,33.70128556,32.83964543,31.5449631,30.33023018,34.5214374,45.2462404,44.88127182,46.82717429,46.62451374,46.78250132,41.47952956,35.36075349,31.44976463,29.52984619,27.98328568,25.07229533,23.18386653,24.6524531,25.44992976,28.92796748,34.21077286,35.35064788,35.93615162,34.25507367,35.18878631,33.06801592,35.04852614,32.68377624,31.42069978,31.35347087,30.75276231,34.59138485,33.83728348,32.57660258,30.82874981,22.58676811,28.41254945,31.37086819,43.45636294,41.2111222,29.67004465,29.84114943,29.56676695,30.64754571,32.03347676,32.70104198,30.45492234,29.63458372,26.795958,22.410426,23.59030499,26.77932187,28.31741287,28.67487986,28.25640118,28.42844822,26.55122614,26.1543437,24.8682494,22.78563167,21.94004724,20.65794004,21.97493622,19.81985911,20.19523338,19.52175515,17.94592568,15.49161143,13.97521087,14.07203532,12.85334906,12.64680557,9.975509603,10.07473776,9.459444896,9.763344264,11.08525305,11.86919713,15.96724733,19.81396195,22.84199506,24.09103749,24.24153243,24.70051034,21.18744178,19.59804664,18.52578133,19.11484728,21.78941291,32.012811,35.10871495,24.03333281,20.52147378,20.2671759,18.61093334,16.72329488,19.19119242,20.14419335,19.2615481,20.54736638,25.66294625,31.01231395,34.06120931
2002-06-30 00:00:00-10:00,85.53001762,80.19155742,85.97511248,88.22280305,91.65154421,79.84585112,81.87909731,78.05229404,76.26513619,74.29764708,68.66166965,64.06636148,66.43573184,69.49261678,79.6558384,88.98754253,94.37752059,89.94187173,76.43720928,76.65108513,66.03921154,60.81011079,57.84818532,52.99652329,50.71458144,48.65019186,47.23123006,46.1214275,44.88112543,44.69528127,49.91650015,57.07076962,64.20357621,69.71843135,79.65494386,103.831182,70.69220511,59.87098211,57.71626906,57.71257423,62.18107637,64.23046076,64.64245488,60.29156279,62.98498914,73.28982908,78.67022604,77.90780737,81.05739392,82.64667186,85.46522806,87.13545538,89.30852994,86.2976893,79.65248299,74.72403752,73.14888248,71.35619816,67.46380143,56.06925469,53.57608024,50.01291786,52.48041889,51.56369582,51.33397478,52.9044823,50.64014922,50.997042,48.10355296,45.77022017,46.81478177,47.60960245,50.55585187,44.3670148,40.15772555,42.74734241,43.19620008,42.33622622,44.39861372,43.20135626,41.7327765,43.93897119,45.13229899,46.63083892,53.37724983,56.41922511,56.34724477,54.76966268,50.04616152,47.91187545,44.25585855,44.74938373,46.24541589,50.63474486,51.98226294,53.0101172,58.21107515,51.19401264,43.61238455,38.20568076,37.08379259,35.57161605,41.67326434,44.90245245,42.99524419,39.86930908,42.08435838,39.92453267,44.00499301,47.37973239,87.01634312,66.1561864,56.79199036,55.04383065,57.76107113,57.04704932,50.54559538,51.60302324,52.79250324,54.18813856,50.33361592,35.84757757,30.92070966,25.27434959,20.22158779,20.9489032,23.7179829,24.43089044,24.9891844,24.39126031,24.41343525,27.3778605,31.36362406,33.49969295,39.30320427,40.06759512,38.55012236,42.79001418,36.46719653,25.26033578,23.60799337,29.57480043,34.86963989,33.39076148,32.56173497,31.26716485,30.04024375,34.22542689,44.8767495,44.58319989,46.68570422,46.46725201,46.66320501,41.38324743,35.17832635,31.33254555,29.48610184,27.91257084,25.0178865,23.14213069,24.61352279,25.43032539,28.88976078,34.13384389,35.24222642,35.79455045,34.23853603,35.15706473,33.06630658,35.0554176,32.66245503,31.43539057,31.30745939,30.70516593,34.53567671,33.81350398,32.56405015,30.78713677,22.59344482,28.34579076,31.32745208,43.30310398,41.01297351,29.4656927,29.67967041,29.46905165,30.54681312,31.9116885,32.56039051,30.35344048,29.53834827,26.78820643,22.44823746,23.59435356,26.6483223,28.16562142,28.46798921,28.02652176,28.17085628,26.31174141,26.0259856,24.79848741,22.7395032,21.91854585,20.6515891,21.90766685,19.73158928,20.09296803,19.42765287,17.87890271,15.44151924,13.91076955,14.04721866,12.79231172,12.56406342,9.88404673,10.06858592,9.488258378,9.793052537,11.11468696,11.80712634,15.93042603,19.8787686,22.9067886,24.14927087,24.26013281,24.58386806,21.06965803,19.42887169,18.35123982,18.95418859,21.6145455,31.81192502,34.84063673,23.78353423,20.19583599,19.98775008,18.51967627,16.65225138,19.09653622,20.30317241,19.44568251,20.5195734,25.60722615,30.8564877,33.92776938
2002-07-31 00:00:00-10:00,84.62013718,79.78562895,85.46356529,87.76821596,91.25408491,79.48308686,81.45889171,77.66314825,75.86064886,73.8575089,68.19540617,63.71485044,66.06975785,69.15512752,79.36257195,88.60985342,93.94269965,89.42558501,75.84696225,76.44803134,65.86480608,60.67376729,57.67453502,52.74424187,50.40221466,48.2737707,46.83658255,45.7999879,44.51787542,44.17083732,49.37704757,56.50859811,63.83605025,69.55527686,79.64448416,103.8591605,70.68733254,59.79729024,57.65127299,57.62064397,62.08871639,64.18553594,64.70698502,59.73121836,62.50699217,72.91370495,78.63646829,77.8726136,80.71057313,82.07830234,85.06905265,86.76363629,89.05164976,86.10532838,79.70870526,74.76521847,73.18469974,71.33169358,67.14645601,55.61299451,53.46050155,49.89196849,52.2219593,51.328004,51.18329308,52.69981368,50.38901159,50.86155591,47.92703536,45.6280555,46.71380185,47.45966048,50.43516709,44.59015772,40.0017946,42.47513116,42.9088541,42.0939747,44.08361263,42.90625064,41.37730264,43.76774968,45.08766985,46.58659133,52.99252258,56.03651722,56.03712355,54.5154371,49.78721948,47.72471047,43.95020253,44.33501923,45.98295996,51.02322199,52.37945977,53.37709516,58.62005242,51.62650789,44.01628019,38.5775116,37.48622457,35.82703389,41.82532544,45.05395048,43.14112056,40.12481195,42.43514763,40.28980763,44.3063115,47.58571874,87.21153919,66.30608636,56.96044812,55.15960678,57.85643835,57.08716696,50.51643242,51.68083005,52.8805956,54.21449471,50.31126679,35.73724979,30.79416766,25.12578009,20.27934845,20.98105894,23.81150854,24.50574956,25.04099093,24.3626053,24.36946397,27.30400625,31.26046435,33.34731968,39.1334573,39.83231922,38.28867246,42.73942545,36.41096583,25.25062471,23.34768634,29.34048899,34.55218685,33.0469326,32.23924622,30.95073975,29.71119432,33.90781327,44.50525352,44.26230951,46.54638095,46.31802408,46.54687483,41.29518131,34.99455481,31.21149522,29.43868909,27.84232324,24.96230612,23.10277672,24.57890525,25.41576983,28.83575027,34.04231102,35.11812388,35.6438694,34.21738801,35.12271569,33.06006688,35.05516988,32.62420492,31.42688569,31.24474056,30.64398675,34.46715106,33.7854035,32.54117676,30.72860714,22.58250481,28.25956347,31.26435764,43.11281985,40.77898726,29.21631578,29.48373879,29.35103576,30.42262862,31.75833203,32.38881728,30.22719726,29.41435172,26.75378982,22.4641771,23.57567184,26.50113536,27.99573032,28.25101195,27.79139066,27.90925066,26.06750527,25.8908906,24.72141446,22.6838793,21.89195031,20.64239943,21.82587804,19.63017411,19.97463163,19.31806976,17.79881207,15.38112686,13.83893571,14.02436882,12.72884634,12.4680729,9.781585646,10.05686242,9.522708399,9.824468468,11.14815653,11.74227287,15.89193452,19.93487615,22.9642736,24.2089221,24.28323087,24.45570513,20.93207015,19.22518515,18.1423429,18.76154614,21.40956427,31.59506232,34.53967619,23.49181299,19.81307044,19.65599286,18.38796059,16.5440122,18.94554398,20.42974228,19.61225444,20.48837118,25.55332678,30.68847596,33.78075839
2002-08-31 00:00:00-10:00,83.70971214,79.36247432,84.93102443,87.2931029,90.80147818,79.09872426,81.01072266,77.2422053,75.42846299,73.38809293,67.70249978,63.35068682,65.69798074,68.81692714,79.06592035,88.2144381,93.47997585,88.87521446,75.22870384,76.21465262,65.6680316,60.51556991,57.47971958,52.47353408,50.08066591,47.89396894,46.45752267,45.52975302,44.20072026,43.62844942,48.82084158,55.91308547,63.48296288,69.41565171,79.65012836,103.9211629,70.72482413,59.76832746,57.63350072,57.57718609,62.035944,64.17675658,64.81121689,59.1431262,61.99105177,72.49552609,78.56366856,77.81574375,80.32539536,81.46131604,84.60486221,86.32352527,88.76601706,85.85503962,79.68856895,74.74795527,73.16909409,71.23771055,66.80677048,55.19030325,53.40190195,49.81811746,52.00447233,51.13806423,51.08752737,52.54382733,50.15451644,50.73863049,47.78651959,45.52323365,46.63182094,47.33650804,50.32516006,44.84405054,39.87352764,42.16896463,42.57295961,41.7997113,43.70518313,42.56388506,40.98010555,43.50832828,45.02868661,46.52163285,52.56140431,55.58862287,55.63234537,54.18944389,49.46024997,47.49106194,43.61672695,43.87569759,45.68689146,51.40802958,52.76084048,53.72878682,59.0181917,52.05475788,44.40940355,38.95206893,37.89798239,36.07857534,41.94545192,45.18109834,43.28748094,40.4035677,42.80580437,40.68162791,44.6225807,47.81760009,87.41749569,66.46104188,57.11320174,55.24824277,57.92675275,57.10596024,50.4753466,51.72605774,52.93734404,54.2067829,50.25551616,35.60690908,30.64375155,24.97387691,20.35833918,21.02214782,23.90598143,24.58086542,25.08470692,24.32407945,24.32109546,27.22944491,31.16026886,33.18724993,38.94427294,39.57144179,38.00564346,42.67347193,36.33851394,25.21168798,23.06445219,29.08451357,34.21113966,32.67162521,31.87642633,30.59842759,29.34628949,33.5699913,44.12948892,43.91935665,46.40129233,46.16886538,46.4249747,41.20854264,34.80894542,31.08301907,29.38230333,27.77020349,24.9061924,23.06594641,24.54867734,25.40286725,28.76334052,33.93665076,34.98048596,35.48702645,34.19170033,35.08476583,33.04539345,35.04321575,32.56538758,31.39102038,31.16311518,30.5670588,34.38067013,33.745118,32.5013259,30.64646502,22.54939131,28.15408111,31.18003307,42.8794418,40.50158624,28.91385318,29.24456525,29.20447794,30.26498262,31.56686424,32.17844667,30.06894208,29.25456557,26.6836899,22.4498759,23.52373586,26.33405195,27.80348022,28.02130677,27.55004838,27.64231205,25.81762675,25.74683574,24.63540599,22.61638727,21.85737667,20.62813732,21.72574683,19.50878888,19.83305762,19.18318347,17.69659677,15.30139529,13.75073291,13.99392669,12.65692052,12.35653138,9.667675575,10.03691547,9.559139837,9.85380924,11.18404747,11.67262886,15.84857432,19.97712014,23.00406666,24.258437,24.29837829,24.3138873,20.77352611,18.98728807,17.89817545,18.5347659,21.16485875,31.35144747,34.20029739,23.15606117,19.37169442,19.27239454,18.21199108,16.39652483,18.73286383,20.51036276,19.74813067,20.45062993,25.50001775,30.51132392,33.62192019
2002-09-30 00:00:00-10:00,82.80866811,78.91671453,84.37275733,86.79229035,90.29894483,78.68997822,80.53946034,76.78865176,74.96885317,72.89155671,67.18642796,62.97930649,65.32184017,68.48102236,78.76293503,87.79899464,92.98735631,88.28824613,74.58105764,75.94718631,65.44367273,60.33142141,57.26204715,52.18616245,49.75307781,47.51814011,46.10323416,45.31612976,43.93384823,43.06657793,48.24638882,55.27996511,63.14579587,69.29588093,79.66598629,104.0065763,70.79275715,59.76890131,57.64774003,57.56785082,62.00935327,64.1920256,64.93935073,58.52432775,61.44043661,72.04145375,78.44886518,77.73379381,79.91413984,80.8219329,84.09721111,85.83663517,88.4558033,85.54833304,79.58852691,74.66637642,73.101003,71.07539835,66.45567819,54.81621553,53.40028691,49.7921634,51.83356461,51.00121437,51.05469209,52.44715617,49.94764058,50.63515119,47.68902924,45.46396277,46.57850636,47.25115828,50.23545964,45.13156783,39.78877374,41.84143131,42.19763039,41.46114246,43.27298496,42.17197082,40.53642048,43.1642955,44.95522188,46.43845498,52.08769244,55.08072009,55.13699765,53.79683737,49.07103344,47.21353252,43.26150587,43.3932892,45.37572651,51.77719591,53.1165096,54.05479766,59.39454872,52.47004285,44.78254854,39.32660631,38.31482199,36.32564334,42.03391408,45.28443486,43.43808192,40.71223268,43.20023797,41.10330871,44.9525886,48.07429129,87.62971719,66.61843721,57.25385796,55.31422324,57.97488511,57.10812859,50.4263929,51.74191584,52.96350025,54.16551742,50.16492371,35.45453264,30.46812807,24.81888092,20.45930006,21.07153147,23.99969456,24.65378365,25.11996279,24.27502213,24.26822874,27.15578031,31.06462716,33.02304677,38.73808015,39.28677983,37.70304344,42.59831907,36.2556047,25.14144375,22.7641812,28.81165469,33.85254864,32.27233933,31.48316037,30.21763399,28.95452425,33.21641375,43.74878702,43.55848676,46.24384513,46.01281933,46.29058297,41.1186513,34.6217538,30.94544587,29.31368347,27.695021,24.85224239,23.03503111,24.52532665,25.39053097,28.67408324,33.82031662,34.83369484,35.32889081,34.16231578,35.04346165,33.01990933,35.01762023,32.48583681,31.32845674,31.06433099,30.47599845,34.27611322,33.68664654,32.44236826,30.53938418,22.49491235,28.03480928,31.07852936,42.60218448,40.17738754,28.55521393,28.95673705,29.02333645,30.06681956,31.33266844,31.92541469,29.87555718,29.05538448,26.57337082,22.39892857,23.43002813,26.14719952,27.58913447,27.77995949,27.30455129,27.37139605,25.56453791,25.59533359,24.54207126,22.53755318,21.81398585,20.60783829,21.60644246,19.36446645,19.66617328,19.01869877,17.56779021,15.19695423,13.6404125,13.94752016,12.57188363,12.22819327,9.542304803,10.00545158,9.592423948,9.875948173,11.2195603,11.59649744,15.79844637,20.00297573,23.01986321,24.28977114,24.29624974,24.1597397,20.59667457,18.72101887,17.62299084,18.27656397,20.87739409,31.0757729,33.82266584,22.78084613,18.87555111,18.83985139,17.99015297,16.21130997,18.45865239,20.53655105,19.84260471,20.40568189,25.4474653,30.33185681,33.45691982
2002-10-31 00:00:00-10:00,81.93267439,78.45086202,83.79172314,86.26816028,89.75709626,78.25847389,80.05125681,76.30529452,74.48445862,72.37220389,66.65153796,62.60313487,64.94136614,68.1498136,78.45096811,87.36280087,92.46594954,87.66321259,73.90281911,75.64682384,65.19086274,60.12082488,57.02192276,51.88517304,49.42274372,47.15213457,45.78141724,45.16287147,43.72120687,42.48910386,47.65767543,54.61318864,62.82878507,69.19560694,79.68977659,104.1094095,70.88393393,59.79038236,57.6848466,57.58400049,61.99892771,64.22219437,65.07959322,57.8822156,60.86533553,71.5644025,78.2955555,77.63225451,79.49997104,80.19854217,83.5826285,85.33355726,88.13082162,85.19406498,79.41500889,74.52095965,72.98347929,70.85235581,66.10513764,54.50318487,53.4536136,49.81369737,51.71293496,50.92166423,51.08846612,52.41617177,49.77887334,50.55773299,47.64097898,45.45832343,46.56535558,47.21552859,50.18059739,45.45363319,39.76270238,41.51276605,41.80072284,41.094618,42.80529008,41.73300269,40.04729373,42.74787104,44.87310932,46.34761732,51.58609884,54.53078209,54.56858181,53.35241057,48.63463311,46.90332758,42.89735078,42.91674389,45.07331806,52.12747178,53.44408517,54.35184119,59.74026545,52.86513096,45.12991941,39.69929265,38.73587847,36.57208078,42.09853834,45.36997048,43.59493791,41.05229268,43.61718896,41.55323852,45.29278346,48.3509617,87.84523878,66.77898051,57.39115799,55.36850427,58.00989854,57.10315268,50.37763722,51.73736963,52.96499642,54.09656494,50.04413729,35.28588363,30.27406538,24.66520311,20.58534193,21.1317955,24.09555279,24.72643916,25.15080313,24.21742219,24.21264408,27.08634215,30.97674427,32.8620038,38.52346029,38.98743201,37.38925322,42.52499934,36.17237997,25.04328291,22.45606522,28.53026922,33.48638303,31.86110665,31.07297092,29.81857622,28.54784398,32.85373803,43.36437106,43.18700526,46.07007834,45.84589274,46.13975828,41.02449666,34.43556842,30.80054335,29.23347554,27.6174029,24.80452367,23.0166501,24.51417197,25.38146534,28.5739816,33.69883952,34.68489655,35.1762123,34.13208381,35.00142445,32.98565551,34.98140998,32.39003944,31.24484328,30.95397211,30.37664282,34.16033888,33.6090066,32.36848523,30.41281226,22.42597293,27.91160132,30.96931022,42.28618556,39.8092375,28.14391713,28.62038942,28.80593508,29.82622003,31.055292,31.63176278,29.64979149,28.81968097,26.42373857,22.30638047,23.28906593,25.94456927,27.35711616,27.53209797,27.06027891,27.10108605,25.31400526,25.44088774,24.444553,22.44954765,21.76188588,20.58126907,21.47054385,19.20033718,19.47903393,18.82896251,17.41542882,15.0691417,13.50821576,13.88142609,12.47229371,12.08312633,9.405885321,9.958790615,9.615443953,9.884817085,11.25137828,11.51412661,15.74336914,20.01578903,23.0142287,24.30353908,24.27593756,23.99974209,20.40952439,18.43806392,17.32687676,17.99585359,20.55398242,30.77181493,33.41555439,22.37662422,18.33203242,18.36123211,17.7223963,15.99178852,18.12545008,20.5045656,19.88876209,20.35593946,25.39740764,30.15897392,33.29440516
2002-11-30 00:00:00-10:00,81.10493616,77.97859957,83.20252142,85.73377007,89.19308903,77.81206586,79.55342384,75.79862315,73.9808409,71.83666915,66.10236558,62.22527129,64.55547506,67.82356493,78.13236146,86.91292476,91.9261066,87.00649712,73.19848475,75.31925836,64.91245037,59.88584754,56.76024414,51.57303714,49.09201269,46.79971198,45.49850838,45.07155815,43.56575961,41.90494068,47.06390807,53.92572092,62.54086014,69.12017856,79.72605152,104.232855,71.0010935,59.8358107,57.74703919,57.62738064,62.0026398,64.26637535,65.22891424,57.23449421,60.28239191,71.08356742,78.11442979,77.52578578,79.11433787,79.63555589,83.1037704,84.84763792,87.80502887,84.80773658,79.18240819,74.31749384,72.82172076,70.58052039,65.76412937,54.2551996,53.55314194,49.87531202,51.63823998,50.89455083,51.1824537,52.44683167,49.65409572,50.50790979,47.64274276,45.5069179,46.5974396,47.23311857,50.17239163,45.80772272,39.80585407,41.2049102,41.40479587,40.72155877,42.32723101,41.25614812,39.52205826,42.27740224,44.79398683,46.26650533,51.08280544,53.96867191,53.95614259,52.87918344,48.17343941,46.57988176,42.54263969,42.47638293,44.80432414,52.46496509,53.7491873,54.62367886,60.0514231,53.23572563,45.4484186,40.06709778,39.16071176,36.82229956,42.15144469,45.44744921,43.75902452,41.41961461,44.05044206,42.02442735,45.63796317,48.64034745,88.06166268,66.94459872,57.53215503,55.42167104,58.04022575,57.0991746,50.33579745,51.72110337,52.9498753,54.0088792,49.90164513,35.11257228,30.07433059,24.52062899,20.74000516,21.20898225,24.20075007,24.80517061,25.18572962,24.15796649,24.1596065,27.02555619,30.90010852,32.71207523,38.31226881,38.68757101,37.07505456,42.46487617,36.10100492,24.92529075,22.15075049,28.24973559,33.12366464,31.45009175,30.65809025,29.4108912,28.1378672,32.48968894,42.97920482,42.81507038,45.87943801,45.66717386,45.97044173,40.92633693,34.25370595,30.65160715,29.14532524,27.53913306,24.76671556,23.01754883,24.52060754,25.38006712,28.47047625,33.57792003,34.54237826,35.03536785,34.10452298,34.96247608,32.94693405,34.94012522,32.28478606,31.14822334,30.83983769,30.27723651,34.04519239,33.51680689,32.2893215,30.27824519,22.35373855,27.79644787,30.86436849,41.94024737,39.4049269,27.6882419,28.24050363,28.55616799,29.546336,30.73839,31.30476716,29.39909367,28.55564418,26.24024423,22.16965509,23.10005601,25.73297931,27.11489066,27.28598769,26.82508857,26.83862737,25.07351041,25.28914119,24.34649834,22.35524832,21.70184598,20.54866785,21.32291176,19.02364774,19.28099891,18.62399304,17.24768353,14.92409768,13.35903117,13.79658463,12.35992779,11.92354551,9.260427678,9.895146364,9.621994509,9.876585582,11.27710788,11.42816663,15.68801155,20.02264382,22.99556732,24.30657734,24.24350179,23.84344672,20.22262014,18.15266706,17.02320019,17.70537327,20.20895692,30.45109677,32.99411429,21.95704458,17.75141288,17.84041261,17.40962561,15.74277918,17.73759054,20.41511231,19.88376126,20.30589012,25.3525872,30.00132198,33.14347675
2002-12-31 00:00:00-10:00,80.34757816,77.52180237,82.62793621,85.20904024,88.62650306,77.36325793,79.05097982,75.27490802,73.46329074,71.2914751,65.54424554,61.84696158,64.16507056,67.50150955,77.81353074,86.46230905,91.38363446,86.33178816,72.47720443,74.97150093,64.61368224,59.63037903,56.47863817,51.25213929,48.76263967,46.46266884,45.25682516,45.03911943,43.46728955,41.32553017,46.47704904,53.23516997,62.29235445,69.07810984,79.78492628,104.3908806,71.15871396,59.92139728,57.84939481,57.71158766,62.02846934,64.33287987,65.39356177,56.60710802,59.71552218,70.62391093,77.92291333,77.43670044,78.79306482,79.17326542,82.7018513,84.40868583,87.49003573,84.40537504,78.90748988,74.06464996,72.62099167,70.27309068,65.43673039,54.06563519,53.68277402,49.96214305,51.59625338,50.90584963,51.32065386,52.52484353,49.57534611,50.48266706,47.68920094,45.60489294,46.67531353,47.29947556,50.21652205,46.18532525,39.91936718,40.9335224,41.02904159,40.36011323,41.86302545,40.75954269,38.98073847,41.77652096,44.73437434,46.21209736,50.60710043,53.42727992,53.33282742,52.40401134,47.71285193,46.26405649,42.21776546,42.09859128,44.59000844,52.80050828,54.0422758,54.88063264,60.33046222,53.58186363,45.73884116,40.42629985,39.58937447,37.08023346,42.2047657,45.52759807,43.93113218,41.80575019,44.49066536,42.50567258,45.98215261,48.93499016,88.27705884,67.11686736,57.68299127,55.48427799,58.07553215,57.10509535,50.30731677,51.70253291,52.92833915,53.91424596,49.74989733,34.95034544,29.88552508,24.39397723,20.92463491,21.30854915,24.32112837,24.89537371,25.23305463,24.10588683,24.11652576,26.97846187,30.83905275,32.58071922,38.11515402,38.40155198,36.77076327,42.4266157,36.05103093,24.79660276,21.8601765,27.979707,32.77543391,31.05030984,30.24855109,29.00324183,27.7338632,32.13196938,42.59785872,42.45417205,45.67430843,45.47794599,45.78207646,40.82393207,34.07820522,30.50156289,29.05420076,27.4627872,24.74129193,23.04167162,24.54789801,25.38971116,28.36964587,33.46122113,34.41192648,34.91051641,34.08217489,34.93000675,32.90737604,34.89845312,32.17627761,31.04604922,30.72935033,30.18568288,33.94312166,33.41704209,32.2162543,30.14877698,22.28952327,27.70042182,30.77448434,41.57432211,38.97449591,27.1989123,27.8245829,28.28114461,29.23338531,30.38841827,30.95428167,29.13206771,28.27274568,26.03059178,21.98931796,22.8674887,25.52020185,26.87121126,27.05115073,26.60739837,26.59179191,24.84975394,25.14524878,24.25170912,22.25804463,21.6356493,20.51086394,21.16923818,18.84231211,19.08143561,18.41435665,17.07378491,14.76940396,13.19983995,13.6970683,12.23909365,11.7545931,9.110672836,9.816709611,9.60985464,9.852115214,11.29641151,11.34351239,15.63824903,20.03116651,22.97252698,24.30660043,24.20771513,23.70006563,20.04536087,17.87766469,16.72439561,17.4171719,19.86050598,30.13024661,32.57658833,21.53688807,17.14658422,17.2846158,17.05526468,15.47193039,17.30142521,20.27294502,19.8281035,20.2596949,25.31578687,29.86483143,33.01032408
2003-01-31 00:00:00-10:00,79.67423591,77.10171873,82.09187078,84.71512682,88.07394199,76.92682212,78.54463517,74.73849537,72.93651739,70.74304875,64.98209356,61.46969888,63.77035451,67.18539036,77.50096148,86.02479121,90.85462284,85.65521348,71.74932456,74.60819079,64.30064783,59.35984058,56.18133813,50.92681292,48.43746455,46.14190703,45.05481414,45.05664754,43.42059621,40.76127504,45.90744577,52.5583799,62.08918599,69.07347594,79.87304452,104.5973254,71.37168338,60.06450463,58.00782198,57.85217934,62.08727777,64.43180174,65.58128763,56.02871185,59.1922109,70.21202709,77.7396453,77.38740958,78.56842999,78.84120069,82.40862223,84.0393768,87.19379271,83.99889483,78.60356857,73.77235712,72.38635695,69.94248801,65.1225776,53.92140927,53.8240803,50.05663444,51.56835797,50.9358717,51.48133376,52.6288348,49.54170158,50.47572281,47.77093431,45.7437886,46.79579685,47.40211188,50.30855675,46.56821768,40.09013369,40.70165033,40.68239534,40.02030443,41.43190101,40.26349774,38.44723989,41.2707774,44.7083893,46.19938693,50.18749531,52.9375272,52.7319049,51.94930229,47.27363646,45.97041739,41.93840977,41.80356274,44.44685881,53.14601501,54.33534896,55.13612537,60.58579032,53.90716739,46.0055317,40.77258799,40.02115456,37.34765663,42.26597601,45.61790007,44.11132681,42.19886412,44.92625062,42.98321681,46.31938411,49.2284344,88.4902016,67.29653623,57.84741246,55.563972,58.12551845,57.13056928,50.29593503,51.68926736,52.90940547,53.82304521,49.60048699,34.81251076,29.72153918,24.29101668,21.13608902,21.43227393,24.45838157,24.99878174,25.29756775,24.06929733,24.08986064,26.94961177,30.79801917,32.47456348,37.94101342,38.14070666,36.4836558,42.41361249,36.02639097,24.66403471,21.59339374,27.72803034,32.45068762,30.67060309,29.8527759,28.60332753,27.34284836,31.7867702,42.22613266,42.11277675,45.45727822,45.28043485,45.57697992,40.71973569,33.9117134,30.35300078,28.96592237,27.39278203,24.73080928,23.09004284,24.59786893,25.41302972,28.27683772,33.3529909,34.29828254,34.8053845,34.06670432,34.90687271,32.86992374,34.85964019,32.06945911,30.94394082,30.62756247,30.10665924,33.86318889,33.31715412,32.15888703,30.03565534,22.24144672,27.63096899,30.70697004,41.19842316,38.52919219,26.68783059,27.3813875,27.98847555,28.89529508,30.01396214,30.59067854,28.85646109,27.97914134,25.80252481,21.76736362,22.59844412,25.31254551,26.63350017,26.83522748,26.41239882,26.36401982,24.6459543,25.0127717,24.16310115,22.16158231,21.56605803,20.46943811,21.01394835,18.66201337,18.88644445,18.20788684,16.90094112,14.61185764,13.03803314,13.58878285,12.11574377,11.58398775,8.964666213,9.729641051,9.581337532,9.815992922,11.3104504,11.26508132,15.59849755,20.04631261,22.94942034,24.30700278,24.17429731,23.57444316,19.88238133,17.62077292,16.43803141,17.13831951,19.52846582,29.82909248,32.18232017,21.13196961,16.53260898,16.7045427,16.66335479,15.18801685,16.82344897,20.08561841,19.7242731,20.21897376,25.28755947,29.75006753,32.8957385
2003-02-28 00:00:00-10:00,79.09047853,76.73585111,81.61567928,84.27137728,87.54700791,76.51885075,78.03274305,74.1920054,72.40558734,70.19934973,64.42149453,61.09528075,63.37020311,66.87720502,77.19987889,85.61145539,90.35188741,84.99109858,71.02407352,74.23103182,63.97772102,59.07880668,55.87310953,50.60220644,48.11986121,45.83733458,44.88799385,45.1111288,43.41709253,40.2221701,45.36470785,51.91142286,61.93243528,69.10444085,79.99112914,104.8581544,71.6460767,60.27229517,58.22857162,58.06043776,62.18889667,64.57142311,65.79834868,55.52457612,58.73658323,69.87067923,77.5801834,77.39521244,78.46485294,78.65491168,82.24117325,83.75237765,86.92019053,83.59630525,78.27864252,73.45006516,72.12364173,69.59983433,64.82088733,53.80597005,53.95995435,50.1419598,51.53755244,50.96783699,51.64498936,52.73612746,49.55114281,50.47805322,47.87470223,45.9107276,46.94978524,47.51987847,50.43128547,46.93209161,40.29445778,40.50269158,40.36490828,39.70437898,41.04400948,39.78296637,37.94008931,40.78122606,44.72132781,46.23715103,49.8465177,52.52333532,52.17952036,51.53156372,46.87056341,45.70661004,41.71253669,41.60197675,44.3838968,53.50933452,54.63850604,55.40375169,60.82818487,54.21697585,46.25433786,41.10272311,40.45198932,37.62391513,42.33400961,45.71689701,44.29284447,42.58565034,45.34458089,43.44325702,46.64496613,49.51663358,88.70146975,67.48360577,58.02716973,55.6651667,58.19794677,57.1819765,50.30336305,51.68676102,52.8999636,53.74316418,49.46277624,34.70810328,29.59137833,24.21438444,21.36673256,21.57830458,24.60981313,25.11336149,25.37989373,24.05339176,24.08375835,26.94008546,30.77867624,32.39742408,37.79456365,37.91165399,36.21815066,42.42563877,36.02676002,24.53204145,21.35423613,27.49846746,32.15290445,30.31474414,29.47466507,28.21533196,26.96752082,31.45791783,41.86999466,41.79597863,45.23143341,45.07811989,45.35925691,40.61776361,33.7588239,30.20962002,28.88645517,27.33418201,24.73695423,23.1615764,24.67128396,25.45215366,28.19625983,33.25699019,34.2038947,34.72211751,34.05927278,34.895241,32.8369457,34.82625662,31.96841542,30.84573549,30.53735368,30.04227484,33.81070023,33.22401612,32.1234718,29.94598187,22.21285998,27.59055712,30.66449473,40.8215052,38.07994411,26.16635052,26.91997373,27.68454632,28.54051069,29.62416656,30.22346537,28.57915816,27.68171738,25.56428891,21.50906402,22.30260494,25.1152058,26.40825579,26.64382159,26.24221878,26.1554541,24.46256898,24.8927743,24.08174237,22.06803906,21.49479587,20.4252891,20.85876336,18.48478779,18.69786095,18.00804428,16.73245733,14.45504028,12.87792165,13.47599272,11.99380029,11.41747315,8.831196648,9.640109445,9.540340769,9.773529851,11.32067978,11.19559636,15.56991945,20.06917479,22.92532621,24.30633607,24.14438064,23.46670424,19.73373118,17.38424671,16.16620415,16.87027589,19.231382,29.56771649,31.82936382,20.75826319,15.92537648,16.11397342,16.23677364,14.89905574,16.30849764,19.86059249,19.57496221,20.18184486,25.26602617,29.65387845,32.79685465
2003-03-31 00:00:00-10:00,78.59567993,76.43519106,81.21491192,83.89223852,87.05090839,76.15389706,77.51592138,73.63906817,71.87578898,69.66853918,63.86848559,60.72442799,62.96563382,66.57786931,76.91532402,85.22979782,89.88446963,84.34965656,70.31028175,73.84297459,63.65041312,58.79334976,55.56055881,50.28382709,47.81343498,45.54826925,44.74984672,45.1866209,43.44399358,39.71422875,44.85550163,51.30497351,61.81561366,69.16200298,80.13376254,105.1676948,71.97696282,60.54015868,58.50713483,58.34029967,62.33867715,64.75559265,66.04754258,55.11023352,58.36272223,69.61305836,77.45419143,77.46928006,78.49612012,78.61697818,82.20194901,83.54928303,86.66817292,83.20048456,77.93621131,73.10510084,71.83862869,69.25508315,64.53289081,53.70201923,54.0775275,50.20556728,51.49190032,50.99316495,51.80027225,52.82702555,49.60100567,50.47813139,47.98385795,46.08842121,47.12176343,47.62569555,50.55970906,47.24975826,40.50082349,40.32243462,40.06883576,39.40750024,40.69725627,39.32786231,37.47151117,40.32348781,44.77055291,46.3210828,49.59557874,52.19785721,51.69091781,51.16012853,46.51208651,45.47470367,41.54044447,41.49090879,44.39839494,53.89272245,54.9576997,55.69533486,61.06800189,54.51697835,46.49107884,41.41597491,40.87409984,37.90484194,42.40519725,45.81729622,44.46434165,42.95228024,45.73309253,43.87407529,46.95589529,49.79856811,88.91391558,67.67749897,58.22180445,55.78971775,58.299063,57.26135374,50.32914003,51.69642012,52.90292676,53.67880673,49.34292501,34.64277951,29.49976497,24.1641561,21.60594613,21.74149873,24.76937802,25.23485567,25.47695036,24.05981996,24.09926519,26.94822787,30.77958865,32.35079533,37.67688487,37.71706986,35.97779042,42.45987733,36.04792629,24.40261146,21.142221,27.29129511,31.88141372,29.98374847,29.11631397,27.84262568,26.60952779,31.14700935,41.53455537,41.50733701,44.99911931,44.87630509,45.13192916,40.52009501,33.62308711,30.07437427,28.81909513,27.29004928,24.7592214,23.25248064,24.76618951,25.50646462,28.12907072,33.17393165,34.12749691,34.65921424,34.0590506,34.89505901,32.80902375,34.79936685,31.87617418,30.75341975,30.45932513,29.99268018,33.787229,33.14300822,32.11250458,29.88255482,22.20307578,27.57805215,30.64628096,40.45149051,37.6364349,25.64424261,26.44940677,27.37432365,28.17853287,29.22828977,29.86051526,28.3055948,27.38619067,25.32313787,21.22169731,21.99026789,24.93153172,26.20090404,26.47985463,26.09724356,25.96478966,24.29929376,24.7854513,24.00853442,21.97943911,21.4239981,20.37973303,20.7051832,18.31143128,18.51570274,17.81633655,16.5697149,14.30072463,12.72208829,13.3622188,11.87626377,11.25987248,8.717321239,9.553677797,9.491170743,9.730039285,11.32814249,11.13709817,15.55288968,20.09931924,22.89673344,24.30115686,24.11666513,23.37437031,19.59732528,17.16748294,15.90758266,16.61115363,18.98443679,29.3637763,31.53228043,20.430158,15.33846501,15.52771871,15.77667809,14.61077315,15.75905863,19.60376486,19.38256031,20.14335199,25.24652844,29.57156575,32.70887381
2003-04-30 00:00:00-10:00,78.18487168,76.20130903,80.89593199,83.58411203,86.58480393,75.84145529,76.99513264,73.08287889,71.35042065,69.15595445,63.32792561,60.3585544,62.55936402,66.28870321,76.65102246,84.88262455,89.45633258,83.73555054,69.61642003,73.44828829,63.32402581,58.50947374,55.25011275,49.97459796,47.5191779,45.27113104,44.63067186,45.2636491,43.48373189,39.23777758,44.38134518,50.7422659,61.72404291,69.22882135,80.28873601,105.5078158,72.34723276,60.85295805,58.82950964,58.68697793,62.53391587,64.97996817,66.32469138,54.78761529,58.07100275,69.43751378,77.36283899,77.60879108,78.66288566,78.72035639,82.28189651,83.42227093,86.43179811,82.80822866,77.57795493,72.74266034,71.53548838,68.91602418,64.26107174,53.59693388,54.17034137,50.24197146,51.42683898,51.0107589,51.94321797,52.88790932,49.68792306,50.4624768,48.0796359,46.25676277,47.29154157,47.68938343,50.66456167,47.49402754,40.67478115,40.14507113,39.78411613,39.12247137,40.38348368,38.90305521,37.04635945,39.90628188,44.84589252,46.43848205,49.435936,51.96179825,51.26951491,50.83831485,46.20162034,45.27260289,41.41636187,41.45229135,44.47372131,54.29076693,55.29135341,56.01539279,61.31323142,54.81100421,46.71983146,41.71263567,41.2794239,38.18636529,42.47237966,45.91019517,44.61488342,43.28473082,46.08022486,44.2672127,47.24985743,50.07292981,89.13008939,67.87682565,58.42829209,55.93642123,58.43107356,57.36668624,50.37010842,51.71585252,52.9169978,53.63015347,49.2426016,34.61814237,29.44682264,24.13775399,21.84239957,21.91445485,24.92943319,25.35880039,25.58264089,24.08626445,24.13379712,26.97145174,30.79766829,32.33310017,37.58648221,37.55612248,35.76449791,42.50978509,36.08185431,24.27591482,20.95325964,27.10374756,31.63241258,29.67605421,28.77823191,27.48751921,26.27000474,30.8533852,41.22197974,41.24883714,44.76085001,44.67826961,44.89554162,40.42409639,33.50453864,29.94820246,28.76325723,27.25978292,24.79456121,23.35653434,24.8776831,25.57253202,28.07293316,33.10145635,34.06507237,34.61207993,34.06276262,34.90343524,32.78448866,34.77766753,31.79384549,30.66728092,30.39187247,29.95611937,33.79005502,33.07669363,32.1241236,29.84432509,22.20879455,27.59018932,30.64943847,40.09509909,37.20659763,25.13009259,25.97924526,27.06188881,27.81829453,28.83489416,29.50725974,28.03914995,27.09632476,25.0836509,20.9140944,21.6714145,24.76177317,26.01392046,26.34301129,25.97561121,25.78959154,24.15525016,24.6897493,23.94317685,21.89656269,21.35483109,20.33288491,20.55391325,18.14121397,18.33772879,17.63097608,16.41139553,14.14794113,12.57101433,13.24947094,11.76482966,11.1148066,8.626869011,9.474972351,9.438506705,9.690529638,11.33351458,11.09036203,15.54670652,20.13524502,22.86016623,24.28851063,24.0893323,23.29356572,19.47010333,16.96840056,15.65933478,16.35736245,18.79688838,29.22929976,31.30065772,20.15874001,14.78020111,14.95816358,15.2835479,14.32495209,15.17585407,19.31718617,19.14885382,20.09570405,25.22121867,29.49710727,32.62559753
2003-05-31 00:00:00-10:00,77.85058134,76.02418239,80.65244422,83.34194792,86.14173973,75.58330929,76.46909605,72.52426509,70.82907954,68.66185964,62.80158356,59.99797631,62.15246772,66.01175263,76.40722447,84.56583254,89.06347261,83.14680584,68.94855829,73.04937087,63.00072995,58.22967349,54.94480769,49.67368356,47.23638421,45.00247322,44.52095991,45.32376229,43.51872669,38.79138313,43.94264439,50.22268841,61.6396447,69.28353258,80.43880283,105.8507643,72.73014972,61.18542666,59.17205931,59.08425842,62.76019133,65.22864744,66.61475702,54.54512864,57.84849866,69.32614005,77.29728202,77.80335843,78.95403726,78.95189081,82.46457863,83.35752035,86.20182101,82.41112349,77.20605698,72.36691698,71.21616746,68.58675818,64.00726473,53.48383875,54.23861071,50.2529573,51.34556604,51.02532377,52.07545925,52.91314627,49.80824948,50.4167965,48.14314832,46.39519801,47.43706423,47.68093975,50.71534675,47.64045428,40.78377173,39.95914927,39.50392634,38.84411596,40.0937177,38.5085691,36.6620117,39.53172281,44.93216646,46.57077247,49.35725918,51.80303286,50.9071222,50.56411336,45.93779541,45.09425994,41.32912147,41.45769099,44.58500769,54.69106302,55.63143394,56.35916853,61.56615126,55.09834004,46.94214416,41.99315591,41.65987696,38.46456054,42.52351609,45.98629515,44.73418179,43.57331078,46.37756369,44.61997408,47.52652418,50.33960013,89.35246738,68.08135414,58.64279996,56.10209677,58.5905036,57.49250479,50.42204511,51.73892934,52.93668177,53.59338138,49.15911254,34.63260918,29.42927169,24.13136744,22.0670001,22.0895444,25.08282322,25.48105599,25.68957005,24.12745644,24.18216419,27.00624385,30.82932415,32.34035149,37.52142785,37.42701319,35.57931222,42.56632319,36.11870605,24.1507863,20.78038694,26.9297834,31.3982653,29.38572514,28.45736444,27.14887501,25.946776,30.57475811,40.92916186,41.0196812,44.51754991,44.48589721,44.65122821,40.32654783,33.40227728,29.83134303,28.71669576,27.24100976,24.8379922,23.46691964,24.99969263,25.6464989,28.02445661,33.0363285,34.01222676,34.57568892,34.06605517,34.91585493,32.76060932,34.75873474,31.72125177,30.58700956,30.3336492,29.93149823,33.8146505,33.02523509,32.15429065,29.828041,22.22590576,27.62256885,30.67007414,39.75594794,36.7960395,24.63141193,25.51895304,26.75223823,27.46832234,28.45183467,29.16819677,27.78219343,26.81450143,24.8476562,20.59648336,21.35525055,24.60330268,25.84666564,26.23064543,25.87388504,25.62683381,24.02969552,24.60352303,23.88327239,21.81837222,21.28667294,20.28307044,20.40483198,17.97289538,18.16099088,17.44801645,16.25462897,13.99366065,12.42330232,13.1379239,11.65959353,10.98399354,8.560053432,9.407949477,9.387402011,9.65980673,11.33790447,11.05512191,15.54964416,20.17468949,22.81384395,24.26779015,24.0618501,23.22098853,19.34963938,16.78501777,15.41961353,16.10730488,18.67308577,29.17065604,31.14104325,19.9533413,14.25437312,14.41419129,14.76026616,14.04140846,14.56199948,18.99874616,18.87527326,20.03130971,25.18212842,29.42528296,32.54139628
2003-06-30 00:00:00-10:00,77.5845414,75.88593441,80.46799632,83.15151599,85.71230434,75.37618783,75.9370111,71.96459638,70.31049245,68.18334317,62.28940823,59.64148138,61.74374252,65.75049049,76.18246293,84.27206551,88.69703497,82.57682782,68.30692732,72.64455074,62.67842654,57.95253328,54.64408174,49.3774232,46.96244048,44.73862629,44.41199229,45.35120129,43.53273711,38.37130587,43.53783491,49.742242,61.54416975,69.30482585,80.56683298,106.16622,73.09623703,61.50824703,59.50755514,59.50934308,62.99502656,65.4780168,66.89407364,54.36119507,57.67272759,69.25090503,77.23978713,78.03559679,79.35288703,79.29411176,82.72951081,83.33863456,85.96849442,81.99807019,76.81903753,71.978586,70.88160068,68.2683111,63.77369331,53.36082434,54.28777156,50.24590802,51.25758478,51.04560953,52.20271008,52.90504457,49.95901323,50.32790723,48.15801448,46.48562404,47.5378271,47.5746074,50.6840216,47.66960639,40.80075953,39.76009776,39.22674122,38.5707823,39.82056193,38.14045596,36.31396979,39.19926213,45.01302367,46.699249,49.34234218,51.70475773,50.59224048,50.32891493,45.71393362,44.93023736,41.2638455,41.47789942,44.70525434,55.07659784,55.96548373,56.71757091,61.82384273,55.37666932,47.15901805,42.257961,42.00813943,38.73464895,42.54723237,46.04013051,44.8159667,43.81324565,46.621899,44.93679477,47.78900786,50.60005601,89.58210549,68.28958043,58.86018152,56.28060486,58.76723101,57.62826061,50.47921302,51.75499385,52.95105763,53.55935682,49.08448759,34.6811575,29.44113598,24.14091971,22.2749519,22.2614858,25.22567095,25.59892976,25.79114885,24.17708922,24.23833002,27.04788343,30.87076427,32.36753153,37.4789584,37.32684697,35.42148014,42.61925,36.14842271,24.02558244,20.61766617,26.76394167,31.1686578,29.10371741,28.14961345,26.82398287,25.63589955,30.30751415,40.64851727,40.81660627,44.27158861,44.30219854,44.40199953,40.22594326,33.31475829,29.72315546,28.67639723,27.23070643,24.88483937,23.57796889,25.12650208,25.72438502,27.97919864,32.97515552,33.96493313,34.5457309,34.06465146,34.92688189,32.73467306,34.73949006,31.65709026,30.51184757,30.28274874,29.91694286,33.85605788,32.98726528,32.19841743,29.82952344,22.25049902,27.67039569,30.70366167,39.43315403,36.4048289,24.15077919,25.07327293,26.44856884,27.13440028,28.08502493,28.84725011,27.5363983,26.54263753,24.61612193,20.27955439,21.04906051,24.45108034,25.69514594,26.13721603,25.78603286,25.47141591,23.91990904,24.52305307,23.824181,21.74172097,21.21666534,20.22682796,20.25623767,17.8045463,17.98241903,17.26380343,16.09739327,13.83513393,12.2768988,13.0272529,11.5597773,10.8672387,8.514037919,9.354805764,9.341963328,9.640606639,11.34239625,11.02954413,15.55849124,20.21391202,22.75804111,24.24048085,24.03530176,23.15476703,19.23494149,16.61620764,15.18837349,15.86225965,18.61283956,29.18778244,31.05818854,19.82144435,13.76078142,13.90036217,14.21234885,13.75880769,13.92228615,18.64517134,18.56431204,19.94291289,25.12182558,29.35126121,32.45046306
2003-07-31 00:00:00-10:00,77.37912496,75.76718265,80.32235179,82.99540482,85.28584896,75.2136748,75.39927896,71.40656427,69.79413151,67.71732509,61.79244845,59.28740952,61.33103368,65.51118975,75.97559507,83.99697003,88.3508964,82.01725334,67.68680202,72.22837666,62.35164171,57.6740499,54.34484937,49.08046816,46.69171935,44.47326357,44.29409314,45.33169984,43.50944039,37.96905884,43.16020563,49.2929847,61.42117634,69.27430943,80.65859443,106.4263618,73.41876857,61.79400891,59.81115626,59.93891061,63.2148715,65.70391097,67.13778225,54.21048112,57.51797374,69.18326564,77.16902947,78.2855084,79.84049876,79.72647435,83.05462437,83.34930654,85.72485017,81.55880014,76.41541594,71.57890435,70.53415916,67.96129634,63.56480339,53.23089504,54.32735049,50.23291322,51.17770114,51.08255691,52.33331099,52.87170411,50.1385389,50.18634037,48.11328507,46.51549808,47.57849766,47.35325181,50.54905227,47.56883741,40.70667099,39.54927471,38.95503665,38.30332611,39.5587134,37.7941443,35.99853035,38.90803751,45.07599427,46.80972527,49.37228921,51.65025282,50.31347882,50.12326559,45.52283846,44.77295428,41.20778249,41.48879711,44.8110885,55.42943742,56.27926532,57.08014674,62.08088105,55.64357285,47.37182463,42.50773237,42.31965173,38.99339605,42.53850157,46.07264167,44.85931115,44.00464033,46.81504298,45.22626253,48.04259683,50.85684542,89.8178812,68.4973068,59.07255744,56.46291402,58.9481868,57.76051559,50.53426542,51.7512003,52.94665126,53.51661488,49.00900719,34.75775727,29.47526562,24.16292743,22.46556825,22.4273641,25.35674201,25.71097014,25.88331656,24.22985479,24.29731628,27.09221656,30.91856338,32.40932149,37.4557214,37.25150058,35.28721205,42.65783157,36.16120733,23.89764638,20.45936688,26.60195526,30.93380619,28.82109499,27.85055823,26.51025149,25.33367758,30.04772969,40.37178259,40.63566742,44.02589791,44.12972378,44.15105799,40.12054551,33.23862222,29.6221914,28.63939449,27.22555209,24.93062692,23.68525719,25.25310276,25.80205559,27.9333566,32.91468467,33.9195077,34.51800682,34.05485837,34.93189315,32.70503659,34.71751465,31.60042679,30.44186059,30.23812599,29.91084185,33.91022591,32.96155557,32.25301538,29.84574485,22.2807445,27.73033392,30.74685198,39.12522654,36.03132494,23.68873568,24.64415669,26.15126075,26.8206976,27.73865297,28.54736858,27.30250974,26.28179593,24.38914828,19.97185393,20.75740955,24.29970742,25.55386142,26.05582532,25.70558424,25.31854063,23.82282544,24.44461224,23.76099617,21.6628375,21.14133683,20.16072615,20.10568333,17.63424583,17.79951438,17.07671304,15.9385249,13.67053511,12.12974947,12.91700709,11.46427777,10.76322355,8.484017177,9.314600961,9.303694067,9.63050058,11.34611515,11.00975365,15.5704171,20.24971739,22.69530131,24.20987538,24.01193931,23.0927846,19.12480316,16.46029026,14.96690647,15.62509299,18.61120373,29.2738483,31.05677086,19.76712283,13.29946686,13.41946076,13.6502337,13.47662939,13.26526948,18.25465046,18.21999985,19.82601324,25.03587993,29.2706951,32.34725066
2003-08-31 00:00:00-10:00,77.22835504,75.65212622,80.19754523,82.85874325,84.85214703,75.08808289,74.85756667,70.85385445,69.28050387,67.26206314,61.31363765,58.93662973,60.91362939,65.30104572,75.78853409,83.74050352,88.02453106,81.46200728,67.08350464,71.79441434,62.01417815,57.38976146,54.04305513,48.77694354,46.41734361,44.19954294,44.1582366,45.25467184,43.4351598,37.57380602,42.79995162,48.8652203,61.25751331,69.17835288,80.70314734,106.6077359,73.67604944,62.01984934,60.06292742,60.35180042,63.39848895,65.88499346,67.32364795,54.06921371,57.36077434,69.10077931,77.06640874,78.53629137,80.39739092,80.22733109,83.41855497,83.37477206,85.46791488,81.08679205,75.9963023,71.17184753,70.17863752,67.66698108,63.38744742,53.10261748,54.37036338,50.22992825,51.12476293,51.14744366,52.47640434,52.82479448,50.34618194,49.98840492,48.00511588,46.47985664,47.55163242,47.01192089,50.29980549,47.33386997,40.49203022,39.33226209,38.69392682,38.04413664,39.30460769,37.4660353,35.71276746,38.65685138,45.11493275,46.89529055,49.43031772,51.62505868,50.06057977,49.93831969,45.35780068,44.61758389,41.15213341,41.47505753,44.88756064,55.73527604,56.56020096,57.43693394,62.33084756,55.8972258,47.58331666,42.74453017,42.59411593,39.24054252,42.50196224,46.09158409,44.86817704,44.15190038,46.9627536,45.49811253,48.29356006,51.1133957,90.0576339,68.69867496,59.27006719,56.63884322,59.12123421,57.87654239,50.58011442,51.71569078,52.91086293,53.45401727,48.92350977,34.8562266,29.5243927,24.19506318,22.63987437,22.58494156,25.47532195,25.81572615,25.96360781,24.28111984,24.35514706,27.13526749,30.96924413,32.46002818,37.44697072,37.19533599,35.17020187,42.67181342,36.14818924,23.76279442,20.2984351,26.43865323,30.68597478,28.53052879,27.55469359,26.20447312,25.03666037,29.79106765,40.0923467,40.47143122,43.7827796,43.96984164,43.90100544,40.0082994,33.16879112,29.5267367,28.60345265,27.22251054,24.97147838,23.78539819,25.37529411,25.87604441,27.88487617,32.8524634,33.87306002,34.4892917,34.03479721,34.92850666,32.67200892,34.69165474,31.55097615,30.37793459,30.19985742,29.9124215,33.97393332,32.94722914,32.31543066,29.87448303,22.31584076,27.79998116,30.79705555,38.83275092,35.67576019,23.24722891,24.23416516,25.85844865,26.53023017,27.41519074,28.27023073,27.08018915,26.0319451,24.1659887,19.67797593,20.48164988,24.14459382,25.416817,25.97918006,25.626499,25.16451028,23.73561348,24.36601069,23.69014098,21.57892224,21.05843679,20.08323352,19.95142973,17.46081891,17.61095405,16.88634635,15.77661897,13.49814956,11.97867195,12.80622172,11.37142859,10.66954549,8.463914168,9.283355992,9.270661241,9.622306633,11.34573004,10.98969232,15.58330474,20.27972576,22.62743781,24.17774897,23.99150018,23.03152557,19.01664224,16.31401125,14.75687204,15.39897157,18.65841427,29.41537637,31.13943145,19.78748956,12.87300521,12.9742936,13.08965594,13.19611693,12.60353009,17.8281406,17.8478633,19.67985214,24.92361781,29.17972654,32.22689019
2003-09-30 00:00:00-10:00,77.12837458,75.53001259,80.08025344,82.73147109,84.40388832,74.99263804,74.31577696,70.31147222,68.77150157,66.81755159,60.85680927,58.59499004,60.49514912,65.12604253,75.62752581,83.50762549,87.72379533,80.90960955,66.49686987,71.33931425,61.66245953,57.09715776,53.73556824,48.46185367,46.13391081,43.91353884,43.99821452,45.11551249,43.3018489,37.17596003,42.44706688,48.44953095,61.04449551,69.00933725,80.69302217,106.692359,73.85251394,62.16889155,60.24897182,60.73058097,63.52936304,66.00502547,67.43469246,53.9178846,57.18230998,68.98791218,76.91811189,78.7769174,81.00517963,80.77591381,83.80231871,83.40227343,85.19822372,80.58175565,75.56654245,70.76454039,69.82228511,67.38724914,63.24898602,52.98931894,54.43120635,50.25372762,51.11790639,51.24979434,52.63956873,52.77721832,50.58131687,49.73697129,47.836707,46.3815531,47.45839342,46.55902417,49.93943541,46.96950079,40.15747986,39.11688988,38.44985689,37.7967058,39.05726433,37.15444329,35.45464784,38.44417695,45.13036888,46.95668282,49.50374847,51.61807625,49.82579349,49.76432775,45.21112223,44.45985102,41.09048866,41.43170166,44.93012074,55.98677364,56.80017468,57.77912705,62.5673209,56.13692808,47.79813195,42.97299691,42.83584712,39.47861384,42.44869201,46.10752885,44.84925218,44.26233693,47.07308617,45.76069804,48.54751748,51.37327689,90.30018384,68.88914472,59.44412544,56.79993925,59.27824622,57.96830605,50.61333267,51.64207547,52.83634448,53.36379006,48.82153195,34.97089439,29.58252378,24.23677521,22.79881537,22.73184358,25.58081788,25.9120734,26.03071,24.32676675,24.40799612,27.17243241,31.01887098,32.51361951,37.44571482,37.15103629,35.06369941,42.65249639,36.10224133,23.61628797,20.1277977,26.26851909,30.42040421,28.22718618,27.25643983,25.90348913,24.74331805,29.53435751,39.806902,40.31915218,43.54528415,43.82465162,43.65523166,39.88810606,33.10070966,29.43626715,28.56773643,27.21953599,25.00507354,23.87650369,25.49027377,25.94461115,27.83395256,32.78825053,33.82439886,34.45828989,34.00535744,34.91706785,32.63818102,34.66231014,31.50879457,30.32112409,30.16847076,29.92172963,34.04465084,32.94352695,32.3832534,29.91291595,22.35422141,27.87675621,30.85161353,38.55905304,35.34115191,22.83044068,23.84726844,25.56636085,26.26502565,27.1160134,28.01675261,26.86876923,25.7927387,23.94611927,19.39890234,20.22089635,23.98273426,25.27830085,25.90054994,25.54329729,25.00656229,23.65535325,24.28674619,23.6101531,21.48893022,20.96781244,19.9953654,19.79338807,17.28439709,17.41688181,16.69307359,15.61031798,13.31706557,11.82041389,12.69325073,11.27884257,10.58272321,8.447121201,9.255192385,9.237605543,9.606180348,11.33610985,10.96265741,15.59438107,20.29988909,22.55220699,24.14218951,23.97064254,22.96624647,18.90664639,16.17270681,14.55947361,15.18640862,18.74059144,29.59359377,31.30204448,19.86965333,12.48598377,12.56773792,12.54914561,12.91993783,11.9519617,17.36963456,17.45462317,19.50671763,24.78715066,29.07514983,32.08566331
2003-10-31 00:00:00-10:00,77.07795462,75.39560791,79.96250672,82.60887653,83.9380941,74.92291252,73.78211929,69.78782673,68.27239383,66.38691191,60.42714249,58.27417505,60.08435899,64.99035652,75.50367579,83.30865018,87.46070209,80.36408952,65.93233997,70.86512226,61.29694893,56.7962524,53.42048583,48.13122557,45.83803769,43.6147662,43.81150334,44.91610787,43.10845591,36.76921153,42.09350653,48.03888402,60.77879427,68.76634963,80.62469076,106.6690484,73.93967927,62.231518,60.36248299,61.0628481,63.5983272,66.05537724,67.46231161,53.74361209,56.97035092,68.83615518,76.71678692,79.00322922,81.64784288,81.35334577,84.18924971,83.42199034,84.91927448,80.04933259,75.13329373,70.36490307,69.47237592,67.12262068,63.15331593,52.9044587,54.52090383,50.3161546,51.16960874,51.39377265,52.82562217,52.73935644,50.84045225,49.43888751,47.61544815,46.22784679,47.30470398,46.01218901,49.48126177,46.48852627,39.71306979,38.91110331,38.22969137,37.56602284,38.82029538,36.86054092,35.22397793,38.26909912,45.12841744,46.99911258,49.58341489,51.6214041,49.60441342,49.59095313,45.07433381,44.29526764,41.0179093,41.36177188,44.94194657,56.18298574,56.99582768,58.09855343,62.78385064,56.3618289,48.02018817,43.19843705,43.05069732,39.70965174,42.39204552,46.13125323,44.81075389,44.34404242,47.15426897,46.01888307,48.80781057,51.63838639,90.54501935,69.06682301,59.59032987,56.94198248,59.41708536,58.03409825,50.63591331,51.53096502,52.72238679,53.24377846,48.70147956,35.0982785,29.6471864,24.2899915,22.94517788,22.86816213,25.67524871,26.00180135,26.08707012,24.36643573,24.45481456,27.20065108,31.06430116,32.5649807,37.44487623,37.11166845,34.96177539,42.59415177,36.01930041,23.45366173,19.94207946,26.08694228,30.13559333,27.90883232,26.95105914,25.60479116,24.45519282,29.27677225,39.51676322,40.17611591,43.31711459,43.69678672,43.4176271,39.76062768,33.03298548,29.35254165,28.53294413,27.21652679,25.03150927,23.95891444,25.59704572,26.00783602,27.7826412,32.72391298,33.77420951,34.42621001,33.96987801,34.89995969,32.60708861,34.630923,31.47358038,30.2715039,30.14381153,29.93908885,34.1208152,32.95031175,32.45459724,29.95826384,22.39367549,27.95762585,30.90770602,38.30887556,35.03139467,22.44250257,23.48653359,25.271094,26.02634414,26.84112072,27.78654744,26.66725117,25.56368144,23.72984743,19.13351703,19.97322963,23.81321307,25.13383977,25.81512404,25.45230265,24.84392854,23.57981092,24.20713783,23.52135054,21.39307027,20.8705371,19.8991899,19.63243488,17.10628314,17.21882658,16.49829015,15.43882498,13.12705941,11.65243414,12.57578825,11.18336368,10.4977795,8.426687847,9.222844867,9.196908402,9.572115962,11.31185106,10.92305599,15.6001601,20.30526361,22.46444808,24.09831236,23.94303449,22.89249155,18.79129646,16.03191781,14.37530566,14.98895575,18.84180986,29.78754118,31.52965633,19.99120557,12.14297143,12.20165149,12.04590952,12.65121124,11.32548043,16.88560656,17.04770641,19.31062804,24.62993265,28.95533788,31.92207452
2003-11-30 00:00:00-10:00,77.07899069,75.24945437,79.8422888,82.49188598,83.45770905,74.87726538,73.27082242,69.29637512,67.79425757,65.97827516,60.03233039,57.99042351,59.69489925,64.8971298,75.42970366,83.15758432,87.25169163,79.83505537,65.3998509,70.37953256,60.92173662,56.48857197,53.09629161,47.78135988,45.52750687,43.30467578,43.59873267,44.66357191,42.86036235,36.35117034,41.734349,47.62920872,60.46258635,68.45491992,80.49912174,106.5351756,73.9375239,62.20692908,60.40509259,61.3427286,63.60610757,66.03744079,67.40914937,53.54213936,56.72101563,68.64453883,76.4633418,79.21822426,82.31288053,81.94341516,84.56414794,83.42744956,84.63647537,79.49823042,74.70273194,69.97798027,69.13278925,66.86969594,63.09736045,52.85636388,54.64304044,50.41970465,51.28022615,51.57487223,53.03029546,52.71584269,51.11481447,49.10131009,47.34979561,46.0268832,47.0969739,45.39261282,48.94261551,45.90953833,39.17721836,38.7210107,38.04036602,37.35878871,38.60160587,36.58892174,35.02393975,38.13296766,45.11854077,47.02859759,49.66343033,51.63097804,49.39397664,49.40968912,44.94014436,44.12026366,40.9313197,41.27327174,44.93079156,56.32789222,57.14861261,58.38929113,62.97363343,56.56919408,48.24974583,43.42467455,43.24505676,39.9352938,42.34355078,46.17103723,44.76070062,44.40510305,47.21391328,46.27448983,49.07465099,51.90792631,90.79094841,69.23116476,59.70771709,57.06447355,59.54055939,58.07737739,50.65377743,51.38822514,52.57334342,53.0978599,48.56762467,35.23841892,29.72025473,24.35911577,23.08319656,22.99674428,25.76274898,26.08873679,26.13814544,24.40386158,24.4978008,27.21907638,31.10366363,32.60985284,37.43713449,37.07050307,34.85875028,42.49317535,35.8973905,23.27111639,19.73771917,25.89045055,29.83229409,27.57520901,26.63519353,25.30688052,24.17676242,29.02026706,39.22820558,40.04108649,43.10091937,43.58729815,43.19100323,39.62803828,32.96865195,29.27934018,28.50048683,27.21521619,25.05287786,24.034759,25.69600138,26.06668149,27.73362934,32.66223061,33.72459747,34.39615615,33.93289758,34.88027675,32.58164853,34.59923319,31.44448976,30.22760927,30.12460352,29.96465288,34.20195117,32.96838299,32.52865511,30.00821264,22.43143462,28.03936276,30.96285611,38.08660695,34.74911564,22.08520353,23.15252504,24.96930628,25.8144357,26.58883253,27.57740472,26.47382822,25.34325451,23.5172825,18.87935656,19.73621451,23.63732746,24.98157235,25.72151491,25.35321092,24.67917899,23.50885679,24.12773539,23.42510725,21.29203452,20.76792273,19.796445,19.4691061,16.92704556,17.01791076,16.30251748,15.26085498,12.92732463,11.47216505,12.45024293,11.08067156,10.40828301,8.395814577,9.178768614,9.140505882,9.512359789,11.26891631,10.86758256,15.59744714,20.29218062,22.36037139,24.04247026,23.90340351,22.80766442,18.66900128,15.88935091,14.20479277,14.80757153,18.94701757,29.97755068,31.79619563,20.12483408,11.8464828,11.87560724,11.59171323,12.39236645,10.73662714,16.38380315,16.63460811,19.09601094,24.45562939,28.82084677,31.73746952
2003-12-31 00:00:00-10:00,77.13618642,75.0946939,79.72200165,82.38548871,82.97228771,74.85606503,72.80015375,68.85353487,67.3542855,65.60544334,59.68238415,57.75945693,59.34448081,64.84549524,75.4158499,83.06773993,87.11348999,79.33579568,64.9095873,69.8923673,60.54156682,56.17452908,52.759801,47.40758253,45.19961577,42.98453637,43.36146587,44.36682146,42.56544327,35.92095697,41.36647205,47.21776728,60.10116004,68.08440238,80.32103226,106.2961702,73.85369654,62.10220459,60.38581138,61.57087315,63.56207861,65.96106995,67.28663914,53.31675268,56.43796859,68.41842179,76.16616526,79.43175771,82.99245972,82.53117396,84.9120265,83.41210763,84.35304242,78.93489548,74.27535458,69.60224322,68.80097003,66.61940249,63.07046039,52.84677818,54.79363924,50.55763468,51.43763848,51.77817662,53.24174997,52.70427515,51.38950809,48.72917469,47.04784128,45.78614037,46.83938608,44.71979488,48.33973227,45.25349805,38.57304993,38.54900631,37.88612191,37.18057484,38.40994553,36.34610073,34.86111102,38.03921753,45.10987,47.04870372,49.74051485,51.6455783,49.1931982,49.21503372,44.8028138,43.9328484,40.83018775,41.17595019,44.90739835,56.42788665,57.26334757,58.64758206,63.13150247,56.75628624,48.48503033,43.65515841,43.42497252,40.15522561,42.30981211,46.2303199,44.70480281,44.45256485,47.2579177,46.52600691,49.34554238,52.1790938,91.0360522,69.38237778,59.79766221,57.1686014,59.65355784,58.1037028,50.67429035,51.22269701,52.39675232,52.93327406,48.42694729,35.39157765,29.80460677,24.44826571,23.21712485,23.1217724,25.84807583,26.17718695,26.18976353,24.44461205,24.54023379,27.22856814,31.13633055,32.64507147,37.41678999,37.02275559,34.75028234,42.34794703,35.73649671,23.06592749,19.51344093,25.67757926,29.51393299,27.2287002,26.30853388,25.01065219,23.91432149,28.77026726,38.94975716,39.91245083,42.8969947,43.49433063,42.97638382,39.49187987,32.91183341,29.21867791,28.47104214,27.21745953,25.07182561,24.10626604,25.78738694,26.12123202,27.68793835,32.60526806,33.67718531,34.370522,33.89739391,34.86026598,32.56402671,34.56887086,31.42066161,30.18747844,30.10936203,29.99780844,34.2868816,32.9979027,32.60436172,30.06085021,22.46512524,28.11924501,31.01565445,37.89580965,34.49554379,21.75825567,22.84523948,24.66003934,25.62999576,26.35792549,27.3874356,26.28722382,25.13039688,23.30868302,18.63322798,19.50771306,23.45797598,24.82343624,25.62175997,25.24915234,24.51760205,23.44501386,24.05161472,23.32442391,21.18786261,20.66251063,19.68996187,19.30540898,16.74763733,16.81565085,16.10581444,15.07594225,12.71787955,11.27835353,12.314074,10.96750961,10.3093586,8.350664813,9.118695839,9.063346707,9.423790227,11.20550813,10.79541106,15.58433805,20.25913532,22.23876135,23.97333174,23.84923322,22.71150885,18.54001658,15.74502159,14.04838125,14.6428737,19.04466842,30.14801843,32.06978793,20.24547314,11.59674899,11.58689449,11.19031305,12.14412961,10.19252519,15.87126043,16.22186239,18.8667891,24.26763565,28.67387237,31.5352197
2004-01-31 00:00:00-10:00,77.25529834,74.9312595,79.60165178,82.29261634,82.49268069,74.85871173,72.3852983,68.47252091,66.97065703,65.28403787,59.38703514,57.59456931,59.0495324,64.8281196,75.46486861,83.04612835,87.05695187,78.88011307,64.46976605,69.41621617,60.16416227,55.85728509,52.41007782,47.00832544,44.85451327,42.65752137,43.10275974,44.03531307,42.23186082,35.4783434,40.98806244,46.80167952,59.70026778,67.66508687,80.09667266,105.9581031,73.69442756,61.92273424,60.31117135,61.74787418,63.4763516,65.83724643,67.1081649,53.07419551,56.12877341,68.16508699,75.83515411,79.65494014,83.68218038,83.10038114,85.21690954,83.36913358,84.0696988,78.36087336,73.84409569,69.22837709,68.4670768,66.35711458,63.05533186,52.87106266,54.96090553,50.71459863,51.61900923,51.97811234,53.43999791,52.6939524,51.64219144,48.32306892,46.71584727,45.51030255,46.53261595,44.00777947,47.68445834,44.53893085,37.92289208,38.39277175,37.76546112,37.03234414,38.25050509,36.13605918,34.74019073,37.98803034,45.10659272,47.05825521,49.81052042,51.66327541,48.99967493,49.00418496,44.6585611,43.73303955,40.71660621,41.07817155,44.88018744,56.48533405,57.34166527,58.86638008,63.25638177,56.92285319,48.72423711,43.89334472,43.5947513,40.36650403,42.292217,46.30758152,44.645904,44.49171632,47.28922882,46.76836735,49.61537028,52.44799938,91.27774209,69.52164801,59.86347403,57.25602222,59.76063215,58.1183506,50.70472526,51.04433553,52.20195709,52.75812993,48.28601727,35.554854,29.90051128,24.55870529,23.3502552,23.24737697,25.93542823,26.27068851,26.24616931,24.49350287,24.58494257,27.23143397,31.16319408,32.66912514,37.38163502,36.96735234,34.63476924,42.15915565,35.53877521,22.83679021,19.27043379,25.44948427,29.18692259,26.87479924,25.97524807,24.72057432,23.67487274,28.53364368,38.68829436,39.78799709,42.70249214,43.4126568,42.77037745,39.35037565,32.86454899,29.17004431,28.44321197,27.22355007,25.09015451,24.17505638,25.87090706,26.17020569,27.64435428,32.55307864,33.63225313,34.35006452,33.86431186,34.84058006,32.55461365,34.54045642,31.40083888,30.14847854,30.09618241,30.03702613,34.37339569,33.03732259,32.67972059,30.11399655,22.49266357,28.19510025,31.06530299,37.73683827,34.26865628,21.45816471,22.56296563,24.34392787,25.47353764,26.14729881,27.21481367,26.10583752,24.92359784,23.10362113,18.39217312,19.28613718,23.2785976,24.6625496,25.51929577,25.14520086,24.3654408,23.39129825,23.98255469,23.22307499,21.08309302,20.55708769,19.58296127,19.14460624,16.5694207,16.61353681,15.90776687,14.88423905,12.49969383,11.07138375,12.1663736,10.84249396,10.19882982,8.291050451,9.042704141,8.964827895,9.308185557,11.1223416,10.70779752,15.56096135,20.20717098,22.10104401,23.89178271,23.78111688,22.60578576,18.40591824,15.60077719,13.90648207,14.49517011,19.12803138,30.2903169,32.32156657,20.33594243,11.391906,11.33111259,10.83764974,11.90558873,9.694534617,15.3538869,15.81444485,18.62632846,24.06921536,28.51789691,31.32006005
2004-02-29 00:00:00-10:00,77.44087788,74.75819892,79.48039776,82.21478534,82.03053195,74.88430809,72.03739413,68.16141164,66.6553619,65.02522656,59.15531445,57.50168227,58.81873282,64.83746593,75.56882689,83.09053647,87.08301406,78.47901963,64.08881618,68.96313327,59.79907747,55.54268555,52.04847844,46.58521889,44.49526779,42.32822595,42.82738374,43.67841089,41.86810331,35.02531741,40.59994271,46.37856396,59.26721758,67.20750495,79.83268779,105.528144,73.46443999,61.67232525,60.18499037,61.87199256,63.35628671,65.67442649,66.88495001,52.82219001,55.80243618,67.89127089,75.47897901,79.89747747,84.37790087,83.63434671,85.46389604,83.29386478,83.78686003,77.77472539,73.39874134,68.84397222,68.11893259,66.06769028,63.03364455,52.91912815,55.12740256,50.86952039,51.79934767,52.14683152,53.599414,52.66731092,51.84497199,47.87793542,46.35636975,45.20007941,46.17505846,43.26457406,46.98429644,43.77909765,37.24450911,38.24415003,37.66975126,36.90893445,38.12202971,35.95839423,34.65950053,37.97260273,45.1065718,47.05234899,49.86570799,51.67767926,48.8068588,48.77554072,44.50511717,43.52233093,40.59436506,40.98479409,44.85367102,56.49638071,57.37914291,59.03293338,63.34750877,57.06872503,48.96138171,44.1397509,43.75574677,40.56353946,42.28797558,46.39791953,44.58648492,44.52430934,47.30650364,46.9926068,49.87636013,52.71142234,91.51349744,69.65106101,59.9105495,57.32941304,59.8655419,58.12648024,50.75248917,50.86332343,51.99946476,52.58142551,48.15164441,35.7242268,30.00583666,24.68864629,23.4844623,23.37689369,26.02766545,26.37123282,26.31003348,24.55381068,24.63460664,27.23082923,31.18609398,32.68296195,37.33141132,36.90506264,34.51219332,41.93046324,35.30821797,22.58453876,19.01136312,25.20867999,28.85899486,26.52039652,25.64194147,24.44231983,23.46371054,28.31628816,38.44821227,39.66629695,42.51339427,43.33607351,42.56804826,39.20087177,32.82780864,29.13166792,28.41484695,27.23333837,25.1082543,24.24176963,25.94580541,26.21172918,27.60114453,32.50491637,33.58943918,34.33494772,33.83387743,34.8213648,32.55291997,34.51453115,31.38506632,30.10919967,30.08429991,30.08063578,34.45897043,33.08396927,32.75214001,30.16583444,22.51271948,28.26579232,31.11148262,37.60643896,34.06333654,21.17913608,22.30236624,24.02254005,25.34428832,25.95551453,27.05676231,25.92799527,24.72163944,22.9013399,18.15475518,19.07079274,23.10248345,24.50171477,25.41720936,25.04574958,24.22763123,23.34920397,23.92325676,23.12462494,20.98036464,20.45472188,19.47830758,18.98998155,16.39378471,16.41294071,15.71004698,14.68823688,12.27621996,10.85476292,12.0080658,10.70615667,10.07691642,8.219590034,8.954549042,8.849149785,9.171135687,11.02229201,10.60756567,15.52957867,20.1395546,21.95197525,23.80172153,23.70339637,22.49424014,18.26977606,15.46033985,13.77980839,14.36503539,19.19511423,30.40384542,32.53265889,20.38847506,11.22787388,11.10267553,10.52489643,11.67500046,9.240477234,14.83645769,15.41564537,18.37907386,23.86379747,28.3577269,31.09803202
2004-03-31 00:00:00-10:00,77.69778564,74.57332637,79.35598563,82.14956137,81.59369019,74.9285275,71.75883452,67.92037148,66.41237552,64.83354319,58.99021956,57.47771238,58.65270251,64.86850063,75.71350518,83.19282377,87.18507664,78.14104985,63.77148547,68.54192273,59.45548118,55.23791897,51.68021039,46.14231945,44.12645587,42.00088922,42.54101662,43.30534505,41.48357665,34.56776034,40.20717141,45.95219974,58.8120932,66.72297593,79.53476657,105.0153055,73.16651037,61.35388979,60.00792712,61.93605152,63.20269791,65.4748032,66.62164252,52.56689002,55.46685951,67.60362912,75.10592804,80.16683792,85.07496694,84.11825593,85.64305106,83.18538498,83.50500179,77.17447049,72.92941161,68.43731315,67.74554652,65.73786313,62.98632071,52.97275758,55.27197315,50.99998943,51.95382918,52.25749892,53.69398763,52.60438589,51.97003242,47.38576366,45.96687123,44.85130332,45.76135117,42.49325131,46.24362428,42.97992765,36.54817242,38.08921502,37.58348385,36.79865744,38.01589123,35.80879822,34.61110042,37.98166822,45.10392165,47.02423168,49.89642599,51.6788845,48.60474789,48.5289272,44.3406522,43.30264792,40.46703404,40.89837013,44.83054197,56.4524093,57.36672297,59.13145096,63.40260466,57.193515,49.18491578,44.39005267,43.90550421,40.73869357,42.29285264,46.49556544,44.52957905,44.54989583,47.30638065,47.18849975,50.11983646,52.96570282,91.73994574,69.77181563,59.94538447,57.39230314,59.97103159,58.13309795,50.82358523,50.68885584,51.79934951,52.41184968,48.02984479,35.89414914,30.11671247,24.83419611,23.62061523,23.51286601,26.12641698,26.47949131,26.38295595,24.62721524,24.69165316,27.23084114,31.20742578,32.68949724,37.26700357,36.83784925,34.38205944,41.66739572,35.04972834,22.31170048,18.7403547,24.9585406,28.53850184,26.17264958,25.31656473,24.18091274,23.28353146,28.12171443,38.23344469,39.54394831,42.32642523,43.25927776,42.36660794,39.04169957,32.8018217,29.10023302,28.38255585,27.24508325,25.12596983,24.30527993,26.0097817,26.24279443,27.55589032,32.45930905,33.54780049,34.32469066,33.80553155,34.80238131,32.5576393,34.49118445,31.37372129,30.06881625,30.07329883,30.12647855,34.54063116,33.13407448,32.81835398,30.21454472,22.52483369,28.3334059,31.15555361,37.49849076,33.87205901,20.91590681,22.06087304,23.69813975,25.23784211,25.77859703,26.90722433,25.75053357,24.52201478,22.69996768,17.92041515,18.86205505,22.9335348,24.34424175,25.3190125,24.95282477,24.10541235,23.31720621,23.87415351,23.03084544,20.88070318,20.35642269,19.37693551,18.84279191,16.22132697,16.21502114,15.51626001,14.4917344,12.05210742,10.63395819,11.84231795,10.56049789,9.944819168,8.139678874,8.859500812,8.722562752,9.020102216,10.90962486,10.4986612,15.49336925,20.06100245,21.79804504,23.70825218,23.62231392,22.38169692,18.13533467,15.32829016,13.6696892,14.25352581,19.24554272,30.49049646,32.69294807,20.40191614,11.09821663,10.89527517,10.24267153,11.45034335,8.827686392,14.32327281,15.02771483,18.12959472,23.65533101,28.19914407,30.87646181
2004-04-30 00:00:00-10:00,78.03117135,74.3760157,79.22712526,82.09197732,81.18749742,74.98443286,71.54428901,67.74281052,66.23859601,64.70756392,58.88828827,57.51171457,58.54583162,64.91986394,75.8836415,83.34292075,87.35286892,77.87285266,63.51900496,68.15763929,59.1398413,54.94883349,51.3117564,45.68393909,43.75241344,41.6778424,42.24907798,42.92412664,41.08746274,34.11390841,39.81777488,45.53122917,58.34652284,66.22240086,79.2058856,104.431339,72.80234839,60.97152207,59.77931368,61.9296041,63.01164084,65.23597567,66.31774541,52.31392766,55.12960164,67.31049345,74.72584885,80.46807756,85.7686933,84.5415565,85.75275092,83.04890455,83.2251114,76.55936203,72.42865448,67.99990748,67.3394591,65.35978223,62.8970408,53.01037326,55.37290641,51.08413849,52.05871331,52.28573974,53.70009295,52.48543816,51.99363408,46.83834491,45.54128372,44.4567427,45.28356995,41.69300904,45.46408078,42.14442876,35.83966427,37.91409813,37.49076224,36.68707678,37.91795834,35.67859314,34.58204836,38.00100651,45.09080968,46.96803979,49.89536912,51.65776797,48.38377732,48.26717408,44.16521736,43.07729964,40.33802531,40.82109667,44.81305944,56.34191138,57.29489406,59.14912901,63.41762731,57.29583705,49.3809582,44.63696473,44.03921011,40.88449619,42.30324108,46.59522401,44.47828966,44.56688999,47.28552194,47.34682274,50.3379744,53.20675814,91.95270373,69.88333848,59.97313935,57.44706633,60.0771529,58.14151927,50.91979327,50.52805585,51.60948213,52.25586287,47.9234501,36.05594181,30.22657648,24.98904587,23.75838078,23.65658588,26.23217286,26.59503673,26.46535919,24.71362033,24.75767783,27.23621342,31.22992949,32.69292627,37.19019306,36.76714354,34.24366775,41.3764201,34.7693164,22.02206906,18.46354643,24.70431078,28.23427086,25.83895621,25.00691195,23.94051477,23.13516325,27.95103032,38.04627339,39.41226298,42.14073737,43.17924514,42.16627381,38.87038914,32.7850859,29.07035887,28.34270641,27.25691861,25.14272595,24.3632592,26.05904396,26.25911472,27.50509861,32.41392003,33.50519172,34.3174309,33.7778839,34.78237505,32.56621975,34.46955292,31.36669748,30.02701442,30.06305326,30.1720325,34.61493946,33.18250074,32.87401787,30.25800131,22.52921078,28.40118078,31.19839282,37.40534826,33.68619428,20.66355506,21.83675704,23.37353531,25.14718863,25.61201693,26.75944287,25.57026664,24.32172166,22.49747036,17.68871451,18.66078485,22.77615047,24.19385766,25.22835273,24.86648123,23.99685146,23.29139141,23.83302565,22.94077154,20.7829723,20.26073955,19.2779697,18.70160288,16.05102702,16.01992941,15.3297597,14.29797968,11.83164395,10.41469628,11.67369566,10.40806846,9.804530937,8.055190571,8.763300501,8.591931518,8.863213364,10.78955323,10.38586084,15.45539762,19.97638597,21.64496111,23.61544893,23.54304367,22.27261269,18.00606102,15.20910859,13.57825258,14.1623189,19.27965743,30.55134044,32.79885443,20.37919105,10.99576375,10.70276511,9.981561536,11.22825505,8.451775321,13.81712509,14.65157385,17.88171304,23.44783477,28.04826821,30.66328072
2004-05-31 00:00:00-10:00,78.44548222,74.17115624,79.09717501,82.03729085,80.81750766,75.04470323,71.38435663,67.61835992,66.12583583,64.64154193,58.84197934,57.59068917,58.48875613,64.99536878,76.06703403,83.53227161,87.57617023,77.6797088,63.33145893,67.81242768,58.85492374,54.67746453,50.9470895,45.21302358,43.37586835,41.35863703,41.95550665,42.54037571,40.68733058,33.67194415,39.44052616,45.1252094,57.88196701,65.71482989,78.8458616,103.7905692,72.37396996,60.53189015,59.49926107,61.84344966,62.77891818,64.95514019,65.97219735,52.070741,54.80045334,67.0228155,74.35122266,80.80456109,86.45541097,84.8992947,85.79801661,82.89773982,82.94877536,75.92985649,71.89172891,67.52719104,66.89737252,64.9323144,62.75416733,53.01335685,55.41021558,51.10135218,52.09245416,52.21124031,53.59839585,52.29306517,51.8989677,46.23008155,45.07348193,44.01016588,44.73709293,40.86392578,44.64860527,41.27558757,35.12157634,37.70834004,37.37867239,36.56093173,37.81251815,35.55538247,34.55633501,38.01493202,45.05898006,46.87956042,49.85794099,51.60708706,48.13516531,47.99719301,43.98233414,42.85192198,40.21185558,40.75184583,44.79835716,56.14994619,57.15225725,59.0756683,63.38695346,57.37314813,49.53696935,44.87220388,44.1520694,40.99566066,42.31355975,46.68957598,44.43399727,44.57389585,47.24250354,47.46113446,50.52489581,53.43008927,92.14614075,69.98287953,59.99434908,57.49199989,60.17875869,58.1511693,51.03575626,50.38384861,51.43296872,52.11503423,47.82950723,36.19650824,30.32489309,25.14393347,23.89561648,23.80725183,26.34373533,26.71617839,26.5561583,24.8110572,24.8329498,27.25180563,31.25684791,32.69871429,37.10374443,36.69426079,34.09822578,41.06568439,34.47516285,21.7215156,18.18987281,24.45441479,27.95570619,25.52740929,24.72001686,23.72504809,23.01926629,27.80409447,37.88687031,39.26400734,41.95894714,43.09635384,41.97068186,38.68706939,32.77720099,29.0378273,28.29393801,27.26862081,25.1595502,24.41416776,26.09028175,26.25685558,27.446155,32.36783577,33.46087696,34.31178987,33.75004728,34.76005992,32.57621624,34.44874681,31.36412597,29.98432548,30.0541831,30.21480628,34.67828778,33.22245726,32.91337017,30.29366558,22.52624547,28.46992624,31.23799828,37.31899118,33.49785979,20.41674867,21.62857737,23.05258254,25.06419936,25.45392901,26.61020253,25.38637906,24.11903706,22.29297926,17.45843923,18.46697253,22.63445204,24.0542366,25.14879074,24.78660465,23.89987831,23.26811147,23.79620105,22.8513953,20.68478552,20.16478118,19.17942675,18.5633663,15.88101729,15.82718322,15.152535,14.10858163,11.61774792,10.20190673,11.5074749,10.25067255,9.658180173,7.970223475,8.671857497,8.464164539,8.708469056,10.66796928,10.27460519,15.41855514,19.88995318,21.49680911,23.52577535,23.46826482,22.16999449,17.8849092,15.10713676,13.50899725,14.09468797,19.30005151,30.58782127,32.85243432,20.32711567,10.91508885,10.52055937,9.734041949,11.00561209,8.107539856,13.31892747,14.28682484,17.63859652,23.24526236,27.91242587,30.4672176
2004-06-30 00:00:00-10:00,78.9440906,73.96964182,78.97490573,81.98190411,80.48944239,75.10228255,71.26826726,67.53521825,66.06280785,64.62705504,58.8428895,57.70239232,58.47250363,65.10000733,76.25710291,83.75608094,87.84737352,77.56626459,63.21050496,67.50867624,58.6024049,54.42257875,50.58732493,44.7319755,42.99866682,41.04205321,41.66331569,42.15873889,40.29038615,33.25036384,39.08474705,44.74376271,57.42973887,65.2076428,78.45362482,103.108312,71.88394125,60.04319322,59.16851131,61.67248029,62.50254198,64.63140133,65.58556685,51.8462076,54.49076991,66.75287276,73.99587793,81.17885973,87.13326632,85.19316107,85.79023462,82.74824207,82.67523056,75.28329268,71.31304025,67.01490874,66.41612413,64.45502165,62.54549808,52.96281707,55.36258574,51.03065807,52.03519336,52.01832771,53.374607,52.01357475,51.67778269,45.55984456,44.55974211,43.50923633,44.12386019,40.00982668,43.8035415,40.38094083,34.39773358,37.46762299,37.2400669,36.41180831,37.68714198,35.42594356,34.51876502,38.00951591,45.00185745,46.75798925,49.78347155,51.52392205,47.85528829,47.72923955,43.79753802,42.63259088,40.09216182,40.6901705,44.78303224,55.86767035,56.93291261,58.9093369,63.3045071,57.42251914,49.64171568,45.0851929,44.23787013,41.06784802,42.31804653,46.77142472,44.39840524,44.57039481,47.17834264,47.52855963,50.67628691,53.62932183,92.31137664,70.06400136,60.00446543,57.52171889,60.26648876,58.15808256,51.16016959,50.25280521,51.266426,51.98493584,47.74069753,36.30287499,30.4011837,25.2898828,24.02840585,23.96199569,26.4580891,26.84015121,26.65306465,24.91632889,24.91663859,27.28079297,31.29160258,32.71241367,37.01132487,36.62169279,33.94872729,40.74395285,34.17745704,21.41776894,17.93070981,24.22008639,27.71154632,25.24608807,24.46143374,23.5380229,22.93692335,27.68043365,37.75483041,39.09757582,41.78619057,43.01425158,41.78616861,38.49564101,32.77981886,29.00163322,28.23565233,27.27996956,25.17812761,24.45796879,26.10223214,26.23418453,27.37815695,32.32176848,33.41587105,34.30798846,33.72252088,34.73560701,32.58665908,34.42882357,31.36706093,29.94213522,30.04751994,30.25276093,34.72775521,33.24702487,32.93089657,30.31918431,22.51631674,28.53695969,31.27002827,37.23277186,33.30118391,20.17133568,21.43571493,22.7412127,24.98277092,25.30624921,26.46126388,25.20147604,23.91485742,22.08765532,17.2280319,18.27993139,22.51265457,23.92934412,25.08379702,24.7144172,23.81431655,23.246037,23.76165916,22.7608915,20.58508654,20.0668369,19.08032902,18.42596024,15.71083453,15.63744566,14.98668868,13.92490996,11.41297294,9.999776169,11.34800425,10.08996453,9.507786115,7.8880485,8.589273508,8.344467592,8.562123706,10.55090832,10.17119038,15.3863385,19.80551245,21.35670038,23.44044433,23.39916792,22.07635167,17.77511476,15.02722724,13.46695305,14.05572832,19.31145399,30.60256093,32.86025538,20.2557491,10.85351916,10.34753234,9.495704815,10.78069478,7.789961897,12.82901316,13.93255014,17.40312138,23.05125711,27.7988231,30.29617296
2004-07-31 00:00:00-10:00,79.52914737,73.78689956,78.87362632,81.92524952,80.20957954,75.15208657,71.18701935,67.4833889,66.03884318,64.65626521,58.88428812,57.83597035,58.49123069,65.23852294,76.45152852,84.01075634,88.16001537,77.53463881,63.15914427,67.24946963,58.38440983,54.18212246,50.23291129,44.24460245,42.62374621,40.72829394,41.37642299,41.78486661,39.90539991,32.85994983,38.76251224,44.3990888,57.00300187,64.70968877,78.03302058,102.4043831,71.34226503,59.51976284,58.79395891,61.4222167,62.18732962,64.26999043,65.16378395,51.65143274,54.21324674,66.51243197,73.67410477,81.5913431,87.801348,85.43076196,85.74619918,82.61665629,82.40668101,74.61743887,70.68936439,66.46195455,65.89548153,63.93261931,62.26393013,52.84386642,55.21276061,50.85518183,51.87183626,51.69798235,53.02138416,51.63940778,51.33168127,44.83297813,44.00087134,42.95664291,43.45292115,39.13934571,42.94034717,39.47390895,33.67557472,37.19508197,37.07475689,36.23776109,37.5350789,35.27988973,34.45897838,37.97597848,44.91685301,46.60651226,49.67550882,51.41051651,47.54748291,47.47911332,43.62185776,42.4291376,39.9851582,40.63876521,44.76669665,55.49754709,56.64059291,58.65851981,63.16744091,57.44216282,49.68747867,45.26529561,44.29126133,41.0988988,42.31215122,46.83540755,44.37505897,44.55721233,47.0954396,47.54921574,50.79057112,53.79891115,92.44188004,70.12243246,60.0007778,57.53297712,60.33319195,58.15947442,51.28236152,50.13130698,51.10643691,51.86150377,47.65143736,36.36832889,30.45064337,25.4209045,24.15271598,24.1177368,26.57241443,26.96527826,26.75447135,25.02761925,25.00850642,27.3252149,31.337719,32.73965378,36.91855304,36.55336986,33.79924677,40.42044604,33.88776096,21.12115041,17.6999103,24.01527023,27.51038569,25.00367804,24.23704647,23.38343295,22.88969383,27.57982582,37.64994486,38.91938909,41.63009068,42.93971603,41.62127898,38.30463643,32.7961211,28.96474383,28.1701241,27.29188069,25.2004768,24.49609485,26.09629095,26.19231109,27.30257268,32.27809249,33.37331016,34.30786002,33.69747764,34.71114146,32.59855993,34.41165379,31.3778577,29.90385629,30.04577439,30.28668788,34.76345027,33.25212982,32.92287245,30.33343886,22.50025526,28.59745086,31.28982345,37.14339982,33.09429002,19.92648691,21.25888972,22.44805458,24.9000941,25.1736782,26.31824124,25.02115723,23.71336167,21.88548113,16.99735744,18.09975372,22.41510452,23.82358059,25.03719141,24.65268998,23.74207457,23.22702965,23.73031514,22.67010761,20.48546695,19.96775306,18.98145295,18.28947204,15.54231068,15.45324161,14.83505736,13.74874316,11.2197465,9.81220029,11.19958133,9.929434774,9.357341561,7.812826432,8.51860684,8.236803399,8.429237479,10.44439739,10.08253088,15.36338727,19.72787117,21.22794254,23.36053636,23.33772528,21.99497228,17.68107967,14.97540331,13.45826717,14.05166984,19.32053033,30.60018163,32.83264958,20.17733742,10.81108325,10.18593465,9.265604729,10.55452567,7.496044736,12.35013642,13.58964173,17.17837114,22.86916474,27.71306364,30.15584127
2004-08-31 00:00:00-10:00,80.20137353,73.63956953,78.80839829,81.87271063,79.98633747,75.19464317,71.13758355,67.45917333,66.04890949,64.72607592,58.96382352,57.98191949,58.54292965,65.41513732,76.65170801,84.29374806,88.50878658,77.58413638,63.18089605,67.03807524,58.2031407,53.95464935,49.88388717,43.75465471,42.25459815,40.42058236,41.10127475,41.42604316,39.54289133,32.51406885,38.48819391,44.10561186,56.61519614,64.23042377,77.59335188,101.700639,70.76619353,58.98058444,58.38896404,61.10917597,61.84371407,63.88108626,64.71706625,51.49842067,53.98027695,66.31151196,73.39891094,82.03942275,88.46095261,85.62567015,85.68684793,82.51788362,82.14995512,73.93166714,70.02082381,65.87094061,65.33875788,63.37537517,61.90959145,52.64731839,54.95013472,50.56456901,51.59363931,51.24837655,52.53861352,51.16949538,50.87052211,44.05902928,43.40102893,42.3582424,42.73741552,38.26360672,42.07400399,38.57253183,32.96668272,36.90179612,36.89001197,36.04420423,37.35679926,35.11108402,34.37301952,37.91190216,44.80600643,46.43209769,49.54137308,51.27402355,47.22206828,47.26754767,43.47218039,42.25571388,39.90069096,40.60419238,44.75351762,55.05389121,56.28855118,58.33942899,62.97772223,57.43195617,49.67145843,45.40373197,44.30896152,41.08945148,42.29368101,46.87916751,44.36942513,44.53515073,46.99588849,47.52460837,50.86790481,53.93468229,92.53518167,70.15785475,59.98431875,57.52648322,60.37637739,58.1548008,51.39421043,50.01753302,50.95183846,51.74315849,47.55970472,36.39458488,30.47582591,25.53564294,24.26567811,24.27190364,26.68492942,27.09164221,26.86026533,25.14589846,25.11006816,27.38669071,31.39845291,32.78576944,36.83331157,36.49528929,33.65586672,40.1053957,33.61789205,20.8438991,17.51158112,23.85383852,27.35953864,24.80842098,24.05289985,23.26559707,22.87927701,27.50288018,37.57370723,38.74290047,41.4989701,42.88059967,41.48447738,38.12540226,32.82968806,28.93348984,28.10251815,27.3070317,25.22959557,24.53068796,26.07590579,26.13512366,27.22336407,32.24085776,33.33854678,34.31512959,33.67833608,34.69050327,32.61537399,34.40132636,31.4006553,29.87499008,30.05342731,30.32030717,34.7895365,33.23823444,32.88843715,30.33703086,22.47948736,28.64656482,31.2947181,37.052265,32.88063398,19.6863501,21.10012317,22.18360044,24.81684686,25.06237979,26.18910028,24.85317442,23.52175217,21.6931277,16.76851636,17.92897303,22.34670108,23.74215735,25.01338797,24.60516326,23.68656838,23.21550957,23.70562361,22.58214613,20.38965065,19.87063143,18.88499926,18.15706176,15.37947786,15.27960918,14.70212078,13.58360968,11.0415065,9.643373442,11.06669726,9.77448916,9.21181925,7.748747492,8.462111117,8.143805226,8.313349985,10.35323793,10.01495485,15.35516679,19.66400546,21.11579926,23.28870334,23.28827816,21.93128742,17.6093188,14.95945322,13.49062642,14.09029648,19.33554811,30.58781675,32.78362319,20.10555311,10.79054589,10.04072932,9.04582308,10.33128839,7.225401644,11.88871266,13.26154294,16.96744384,22.7016814,27.65820985,30.04916182
2004-09-30 00:00:00-10:00,80.95986117,73.54225155,78.7922288,81.83303733,79.82746754,75.2353578,71.12237637,67.46564791,66.09472205,64.83864063,59.08329945,58.13206408,58.62846976,65.63152307,76.86080858,84.60360767,88.8895379,77.71164563,63.27832964,66.87672251,58.05963235,53.73958134,49.53956496,43.2643384,41.8941792,40.12521846,40.84542788,41.08955353,39.2133979,32.22649154,38.27622221,43.87781997,56.27662281,63.77679769,77.14584925,101.0161802,70.17532902,58.44447344,57.97039437,60.75570845,61.48353792,63.47741066,64.25795449,51.39885521,53.80300326,66.1584254,73.18098556,82.51757771,89.1159897,85.79686265,85.63493099,82.46400131,81.91472924,73.22657773,69.31029468,65.24717231,64.75165079,62.796867,61.48953476,52.36994944,54.57092977,50.15534643,51.1982642,50.67411034,51.93237105,50.60799715,50.30913475,43.24798759,42.76455824,41.72053686,41.99098794,37.39334029,41.22047275,37.69657401,32.28615883,36.60673639,36.70088128,35.84454425,37.16126916,34.91837564,34.26358938,37.82129148,44.67567055,46.24489324,49.3913628,51.1257157,46.89550371,47.11858461,43.36991783,42.12988594,39.85138544,40.59677439,44.75253478,54.56016346,55.89699953,57.97260118,62.74244056,57.39349002,49.59610291,45.49480124,44.28985117,41.04282444,42.26459959,46.90463615,44.38671763,44.50389422,46.88062762,47.45682625,50.90915981,54.03414433,92.5922398,70.17304707,59.95935689,57.50691215,60.39877511,58.14572411,51.49071712,49.91169495,50.80417219,51.63118881,47.46747647,36.39158045,30.48620794,25.63809853,24.36627065,24.42297972,26.79543771,27.22102734,26.97179573,25.27467503,25.2243791,27.46640785,31.47610989,32.85530038,36.7646331,36.45469389,33.52620568,39.80922802,33.3785264,20.59811859,17.3773593,23.7467657,27.26422161,24.66724905,23.91411681,23.18830797,22.90680513,27.45145977,37.52907396,38.58420348,41.39836857,42.84247588,41.38050445,37.96845344,32.88292437,28.91540139,28.03935909,27.32920031,25.26876635,24.56374806,26.0456494,26.06819292,27.14654928,32.21532282,33.31853376,34.33472304,33.66910532,34.67837783,32.64156617,34.40267753,31.44017751,29.86192166,30.07573963,30.35935515,34.81359356,33.2106319,32.83039623,30.33258457,22.456297,28.6816782,31.2855685,36.96595519,32.66955982,19.46084609,20.96285382,21.95881718,24.73743288,24.9788189,26.08302348,24.70648222,23.34934733,21.51927628,16.54626603,17.77308571,22.31284049,23.69127509,25.01735489,24.57615662,23.65216512,23.21720214,23.69256458,22.50106789,20.30208451,19.7795663,18.79386114,18.03427471,15.22725935,15.12311492,14.59312401,13.43460311,10.88245292,9.497119267,10.95296562,9.630854217,9.075682424,7.698920868,8.42141258,8.067046377,8.216739264,10.28044509,9.973121849,15.36686581,19.62279577,21.02792881,23.22989756,23.25782026,21.8923676,17.56747333,14.98745915,13.57150962,14.17905806,19.36555554,30.57455299,32.73026525,20.05424481,10.79754696,9.918936383,8.840928128,10.11815468,6.980497097,11.45504246,12.95446043,16.77306714,22.5504397,27.63456111,29.97622523
2004-10-31 00:00:00-10:00,81.8018219,73.50775742,78.8341339,81.81494976,79.73712928,75.28192584,71.14457748,67.50797352,66.18072495,64.99769955,59.24566185,58.28019378,58.74942359,65.88639138,77.08167185,84.94046103,89.29964179,77.91300986,63.45169028,66.76631,57.95340078,53.53724865,49.19896283,42.77482554,41.54452977,39.85044579,40.61614972,40.78130669,38.9257935,32.00985872,38.13941951,43.72853428,55.99229662,63.35133622,76.70003436,100.3663866,69.58852275,57.92762049,57.5550899,60.38564923,61.12011743,63.07347482,63.8010031,51.36354504,53.69138883,66.06039855,73.028771,83.01766977,89.77122178,85.96619631,85.61144464,82.46219948,81.71027915,72.50367444,68.56259148,64.59732824,64.1405725,62.2108369,61.01650875,52.01453865,54.07754171,49.63039762,50.68910327,49.98482922,51.21332049,49.962314,49.66385719,42.40813096,42.09374286,41.04896977,41.22539314,36.53713732,40.39426835,36.86429808,31.6511165,36.33523041,36.5300738,35.65965836,36.96615279,34.70653492,34.13940142,37.71391794,44.53561771,46.05716159,49.23758238,50.97962973,46.58856293,47.05768559,43.33909477,42.07123599,39.85107669,40.62938192,44.77629308,54.04393107,55.48907303,57.57928066,62.47361527,57.33021218,49.46884146,45.53681592,44.23463454,40.96414883,42.23264229,46.91868115,44.42927806,44.4620287,46.74958754,47.34852812,50.91586978,54.09753476,92.61657115,70.17260324,59.93270512,57.48283328,60.40876292,58.13691946,51.57168656,49.81730073,50.66886558,51.53093621,47.38193086,36.3759664,30.49678109,25.7372589,24.45544628,24.57155414,26.90629143,27.35683793,27.09157338,25.41830635,25.35443549,27.56447217,31.57160477,32.95166432,36.72145128,36.43916006,33.41788829,39.54078274,33.17733025,20.39262107,17.30422486,23.70090184,27.22815549,24.58631739,23.82407441,23.15387246,22.97215376,27.42846334,37.51788793,38.45674329,41.32855418,42.82630901,41.30815448,37.8396118,32.95548895,28.91612901,27.98647666,27.3616781,25.3199046,24.59640751,26.01001876,25.99733085,27.07890754,32.20653158,33.32010475,34.37101566,33.67348244,34.67899786,32.68064828,34.41950886,31.50018993,29.8706404,30.11779467,30.41044979,34.84522199,33.17862193,32.75553431,30.32481054,22.43416947,28.70335234,31.26635021,36.89537671,32.47563484,19.26482188,20.85253408,21.78397478,24.67066828,24.9291615,26.00887967,24.59001709,23.20603353,21.37350811,16.33831612,17.63944976,22.31817363,23.67743124,25.05375006,24.57068726,23.64330873,23.23716244,23.69562461,22.42954662,20.22580069,19.6974533,18.71053639,17.9265221,15.09026351,14.99004929,14.5123399,13.30717882,10.74648499,9.375888271,10.86006524,9.502536377,8.951787102,7.664573417,8.397361144,8.007089949,8.140487244,10.22676059,9.958885601,15.40188844,19.6135716,20.97391402,23.19150975,23.25562073,21.88563871,17.56261442,15.06579954,13.70616094,14.32297839,19.41968286,30.57058458,32.69083462,20.03574431,10.84040671,9.828095868,8.657868497,9.92482422,6.76720284,11.06299271,12.6778443,16.59754951,22.41596565,27.64108614,29.93612878
2004-11-30 00:00:00-10:00,82.72202056,73.54753348,78.94155013,81.82744435,79.71607479,75.34357343,71.20395905,67.58803031,66.30786367,65.20346016,59.45170068,58.4263568,58.90638563,66.1801771,77.31516391,85.30478957,89.73699563,78.18370687,63.69760588,66.70709124,57.88415062,53.35001614,48.86405595,42.29037013,41.20969334,39.60441264,40.42033074,40.50476795,38.68638245,31.87468034,38.08889366,43.6688237,55.76555862,62.95649333,76.26518293,99.76224888,69.02153201,57.44371513,57.15706889,60.02098641,60.77012478,62.68579247,63.36308876,51.40172412,53.65434729,66.02369248,72.94912128,83.52941968,90.4303142,86.15441935,85.63148059,82.51324693,81.54246135,71.7652182,67.78371127,63.92816416,63.51089964,61.62754227,60.50596673,51.58916603,53.47738776,48.99811229,50.07442311,49.19397874,50.39540255,49.24142942,48.95072623,41.54724906,41.39018087,40.34825999,40.45037593,35.70222525,39.60625787,36.08823037,31.07506705,36.11157361,36.40424919,35.51361734,36.79408449,34.48682184,34.01341781,37.60372184,44.39759106,45.8816431,49.09231935,50.850638,46.32358869,47.10920523,43.40361932,42.09915694,39.91261273,40.71490927,44.83765893,53.53139161,55.08661238,57.17837943,62.18686845,57.24739921,49.30102455,45.53209073,44.14483506,40.85816903,42.20860779,46.93028103,44.49560236,44.40732948,46.60194493,47.20272883,50.89022245,54.12831816,92.61365759,70.16150399,59.9124275,57.46577881,60.41984214,58.13767799,51.64454605,49.74348002,50.5569385,51.45383579,47.31748953,36.3689038,30.52621811,25.84567879,24.53597362,24.72044938,27.02248947,27.50391362,27.22392267,25.58205047,25.50431655,27.68223762,31.68656408,33.07672227,36.71206301,36.45620387,33.3382768,39.30724938,33.01927286,20.23349916,17.29543497,23.7192414,27.25383774,24.57098975,23.78427216,23.16263996,23.0740709,27.43683701,37.54064104,38.36864125,41.28505399,42.82887413,41.26161225,37.73746959,33.04357941,28.93664534,27.94667547,27.40532885,25.38263359,24.62879227,25.97210078,25.92700571,27.02590681,32.21700772,33.34719215,34.42631509,33.69396206,34.69526117,32.73469078,34.45421916,31.58295275,29.90575097,30.18334931,30.47936424,34.89384966,33.15362891,32.67313983,30.31947015,22.41697377,28.71467105,31.24304282,36.85322347,32.31581631,19.1147556,20.77568908,21.66777599,24.62847174,24.91723906,25.97258654,24.51214146,23.10140019,21.26533927,16.15542661,17.53752193,22.36638676,23.70685645,25.12694415,24.59425635,23.66423535,23.27964479,23.71854394,22.36898397,20.16249815,19.6258993,18.63673505,17.83845082,14.9725867,14.88502084,14.46197848,13.20604254,10.63652149,9.280508231,10.78788454,9.390906854,8.84103276,7.644659847,8.389731221,7.963369031,8.084543007,10.19070729,9.971024986,15.46097329,19.6436603,20.96405257,23.18292554,23.29262267,21.91760514,17.59995758,15.1977594,13.89661324,14.52394158,19.50733626,30.58737046,32.6817033,20.05983939,10.92804587,9.775306591,8.506138402,9.762633235,6.595095177,10.72870294,12.44431252,16.44413761,22.29904414,27.67687812,29.92868551
2004-12-31 00:00:00-10:00,83.71239509,73.67094995,79.1218391,81.88027663,79.76133332,75.42956438,71.29888463,67.70463328,66.47389647,65.45476915,59.70239446,58.5754966,59.10217079,66.51245894,77.56437124,85.69675949,90.20015018,78.51985736,64.01341223,66.70083628,57.85342857,53.18309906,48.54163675,41.82015822,40.89656415,39.39460957,40.26335017,40.26022944,38.49786557,31.82865162,38.13316187,43.70498626,55.59668843,62.59433579,75.84964696,99.20913811,68.48528999,57.00332333,56.78589993,59.67929889,60.44981762,62.32822817,62.95832918,51.51974736,53.69874667,66.05255742,72.94694245,84.04124081,91.0944444,86.37767833,85.7011916,82.61099174,81.4114873,71.01417831,66.98046496,63.24583712,62.86636379,61.0522127,59.9717313,51.10603971,52.78186719,48.27160916,49.36676183,48.31823847,49.49527403,48.45543013,48.18543371,40.67333202,40.65583545,39.62256292,39.67328577,34.89377984,38.86145541,35.37324248,30.56314609,35.95115347,36.3452366,35.42749328,36.66658214,34.27397286,33.89962215,37.50579168,44.27327962,45.72905982,48.96582885,50.7519924,46.1209771,47.29369195,43.58407807,42.23027326,40.0458775,40.86250639,44.94548752,53.04386255,54.70724344,56.78447704,61.89750537,57.15006686,49.10543585,45.48484913,44.02158566,40.7279,42.20134388,46.94641555,44.58049738,44.3376025,46.43652931,47.02298462,50.83519341,54.13180072,92.58934747,70.14278066,59.90428339,57.46625368,60.44569447,58.15911107,51.72141849,49.70137923,50.48081609,51.41381621,47.29208095,36.3920631,30.59299955,25.976372,24.61132527,24.87273996,27.14981981,27.6666383,27.37283329,25.77264127,25.67989755,27.82332587,31.82265289,33.22983908,36.74410995,36.51351347,33.29509898,39.11469227,32.90778115,20.12571251,17.35158869,23.80127713,27.34218708,24.62496296,23.7939466,23.21270153,23.21008044,27.4783123,37.59745156,38.32296471,41.26057899,42.84428095,41.2328089,37.65428708,33.14186909,28.97290794,27.91895883,27.45782805,25.45440845,24.66024623,25.93309097,25.85972975,26.99089499,32.24673751,33.40019429,34.50031202,33.73135007,34.72826655,32.80439287,34.50786174,31.68904839,29.96980077,30.27410837,30.56980658,34.96693219,33.14700883,32.59337019,30.32256386,22.40841624,28.72033902,31.22250497,36.85106428,32.2064366,19.02485102,20.7387631,21.61676867,24.62399352,24.94683892,25.97919121,24.48051625,23.04427049,21.20344445,16.01134152,17.47871387,22.46000054,23.78476666,25.24079068,24.65209077,23.71846398,23.34807578,23.7640423,22.31967052,20.11274384,19.56534857,18.57285127,17.77337734,14.87727399,14.81005885,14.44182403,13.1341007,10.55408862,9.210393346,10.73534836,9.294999687,8.742570321,7.635873386,8.396896669,7.934195998,8.047926981,10.16949402,10.0060305,15.54210623,19.71620404,21.00716674,23.21371884,23.3788196,21.99193151,17.68135727,15.3825264,14.14142598,14.78086532,19.63846002,30.63747935,32.71737645,20.13492153,11.06819686,9.766474952,8.39606138,9.642795287,6.476134959,10.46813337,12.26792769,16.31724022,22.20113984,27.74207762,29.95523005
2005-01-31 00:00:00-10:00,84.7627992,73.88408366,79.38179404,81.98358539,79.8662519,75.54737318,71.42889912,67.85674948,66.67739373,65.75122662,59.99891835,58.73399377,59.34069633,66.88117392,77.83412034,86.11699861,90.68984403,78.91918844,64.39796051,66.75068314,57.86458353,53.04371829,48.24101203,41.3752914,40.61230214,39.22591729,40.1468396,40.04454551,38.35729807,31.87568922,38.2753469,43.83688283,55.48015442,62.26360369,75.45873103,98.70682186,67.98587772,56.61296917,56.44676548,59.37232966,60.16974823,62.00704806,62.59253146,51.71953029,53.82776515,66.14766474,73.02405434,84.54189851,91.7616027,86.64510277,85.81618167,82.74332795,81.31111369,70.25406537,66.16025006,62.55585209,62.2095335,60.48558409,59.42329622,50.58097607,52.00657686,47.46893743,48.58340259,47.37805557,48.53290527,47.61674408,47.38283761,39.79373463,39.89245135,38.87455444,38.89764118,34.11228587,38.15767598,34.71474529,30.1094015,35.85760688,36.36424564,35.41465295,36.59893961,34.08085408,33.8096485,37.43319053,44.17141628,45.60466947,48.86352617,50.69235441,45.99473812,47.62490648,43.89441089,42.47600274,40.2563897,41.07378467,45.10096711,52.59715748,54.36357204,56.40783926,61.61819405,57.0419761,48.89483325,45.40093064,43.86737905,40.5756384,42.21563089,46.97047239,44.6762294,44.25247756,46.25298753,46.81424782,50.75519759,54.11347952,92.54865546,70.11804306,59.9104624,57.49051675,60.49581113,58.20850902,51.81390114,49.700401,50.45032334,51.42167869,47.31897891,36.46059471,30.70836335,26.13733417,24.68319203,25.02920667,27.29166642,27.84708008,27.53998309,25.99394941,25.88455717,27.98999234,31.9797151,33.40809196,36.82421064,36.6190951,33.29720907,38.96800562,32.84519849,20.07401079,17.47170877,23.94375112,27.49194406,24.74923798,23.84933023,23.2997545,23.37569205,27.5528861,37.69091917,38.32172299,41.24835356,42.8662973,41.21394116,37.57991947,33.2442673,29.01795047,27.90011545,27.51503591,25.53206731,24.69009104,25.8929462,25.79661002,26.97549171,32.29387425,33.47708373,34.59055385,33.78472551,34.77722338,32.88911398,34.57995103,31.81712536,30.06281366,30.38949498,30.68299131,35.06890371,33.16715723,32.5253973,30.33932397,22.41131964,28.72506125,31.21127378,36.89793079,32.16085462,19.0040945,20.74720318,21.63493649,24.66970057,25.02381357,26.03508398,24.5020949,23.04235913,21.19497965,15.92246289,17.47551222,22.59989642,23.91444861,25.39806914,24.74819112,23.80839957,23.44466112,23.83315287,22.28049668,20.07585115,19.5151429,18.51754535,17.7326036,14.80531645,14.76393553,14.44875853,13.0912057,10.49857924,9.163561324,10.70075085,9.212170137,8.654285693,7.633081207,8.415746455,7.91713234,8.029060292,10.16074502,10.05986192,15.64126725,19.82949995,21.10776057,23.29056068,23.51847655,22.10707751,17.80363153,15.61466622,14.43578074,15.09011427,19.82094381,30.72986053,32.80908932,20.26760409,11.26554197,9.805372087,8.335934862,9.57416287,6.422046516,10.29410822,12.16144505,16.22145687,22.12422894,27.83751158,30.01785935
2005-02-28 00:00:00-10:00,85.86100149,74.18721899,79.7249374,82.14607158,80.02080193,75.70023882,71.59312109,68.04405713,66.91879542,66.09241277,60.34143951,58.90577057,59.62439733,67.28317967,78.12839693,86.56476402,91.20582264,79.37880201,64.84861055,66.85938552,57.92151941,52.94040875,47.97116275,40.96686575,40.36356592,39.10216229,40.07100424,39.85467315,38.26004323,32.01678626,38.51423888,44.05937424,55.40699524,61.96110468,75.09630137,98.25083502,67.52566745,56.27537461,56.14166489,59.10513155,59.93296582,61.72023355,62.26215967,51.99746785,54.03934528,66.30462743,73.17720218,85.02133851,92.42585486,86.95656702,85.96139515,82.89403373,81.22953712,69.48842255,65.3311367,61.8641341,61.54386445,59.92663622,58.86712206,50.03605505,51.17509614,46.616692,47.74993882,46.40056949,47.53478144,46.74424502,46.55773285,38.91627551,39.10221454,38.10909652,38.12665377,33.35788899,37.48885723,34.10057199,29.69750485,35.8224632,36.45832859,35.47487883,36.59419901,33.9161856,33.75014497,37.39396826,44.09393628,45.50591231,48.78376633,50.67277059,45.94828942,48.10499329,44.3375846,42.8387298,40.54304587,41.33978059,45.29533426,52.20184579,54.06341956,56.05564526,61.35886892,56.92629631,48.681505,45.28637461,43.6850817,40.40231341,42.25042919,47.00070875,44.77395245,44.15411014,46.05276352,46.58304947,50.65717389,54.07928358,92.49673422,70.09036042,59.93233349,57.54171173,60.57492349,58.28869624,51.93200578,49.74685794,50.47191059,51.48392968,47.40509761,36.58090571,30.87482527,26.33058048,24.75169068,25.18731854,27.44707419,28.04311492,27.72260092,26.24424183,26.11692143,28.18235169,32.15608447,33.6075451,36.95672401,36.78022451,33.35352787,38.86910249,32.8314079,20.08153423,17.65270241,24.14039557,27.69817547,24.94043648,23.94223839,23.41639144,23.56352227,27.65821681,37.82517176,38.36584106,41.24311316,42.88877976,41.19931223,37.50637751,33.34389223,29.06550372,27.88766066,27.57303188,25.61244699,24.7175127,25.85128144,25.73839761,26.98025512,32.35597179,33.57441771,34.692978,33.85073347,34.8390404,32.98641561,34.66764249,31.96320301,30.18179583,30.52612816,30.81676399,35.19927989,33.21702342,32.47488524,30.37174519,22.4253946,28.73110032,31.21343294,36.99830207,32.18635078,19.05414316,20.8035632,21.72295052,24.77468493,25.15387436,26.1454984,24.58124229,23.10022634,21.24354328,15.90451589,17.53838972,22.78386205,24.09559127,25.59926491,24.88414104,23.93440418,23.56978422,23.92508636,22.24890295,20.04985704,19.47361085,18.4677232,17.71471052,14.75416941,14.74133323,14.47613369,13.07286625,10.46624685,9.13597084,10.68107261,9.138652651,8.573577956,7.630088377,8.441921198,7.908981455,8.025006165,10.1614929,10.12720423,15.75190747,19.97588638,21.26251717,23.41266449,23.70677096,22.25508491,17.95765853,15.88337489,14.77085009,15.44450148,20.05507212,30.86237528,32.95914886,20.45755162,11.52003071,9.891913726,8.329877634,9.560891168,6.441388361,10.2141719,12.13348745,16.16004045,22.06919759,27.96223619,30.1165396
2005-03-31 00:00:00-10:00,86.99268345,74.57186354,80.14745106,82.37195123,80.21265873,75.88431022,71.78595725,68.26354825,67.19591843,66.47364945,60.72505778,59.08955221,59.95041818,67.71124396,78.44751981,87.03500609,91.74205256,79.89052788,65.3565893,67.02682439,58.0264688,52.88057265,47.74103001,40.60469063,40.15356566,39.02429004,40.03400922,39.68848605,38.20192202,32.24947616,38.8441693,44.36254281,55.3667267,61.68484074,74.76475474,97.83325052,67.1035672,55.98859481,55.86936259,58.87564717,59.73491513,61.45905749,61.95637309,52.34370702,54.32493827,66.51294454,73.3959956,85.47029886,93.07648542,87.30071851,86.11306909,83.04418472,81.15158812,68.72093301,64.50234908,61.17803877,60.8755364,59.37548962,58.30994924,49.49897393,50.31884505,45.74852638,46.89736654,45.41597672,46.53036473,45.86086453,45.72465894,38.05004012,38.28962234,37.33484336,37.36574403,32.634201,36.85041138,33.51746111,29.30571298,35.82792392,36.6124271,35.59571506,36.64371963,33.78281322,33.72119574,37.38924689,44.03352359,45.42378249,48.71867188,50.68763485,45.97637694,48.7202843,44.90195616,43.30817362,40.89563272,41.64407035,45.51393559,51.86266214,53.8094772,55.73166914,61.12687386,56.8062908,48.47672072,45.14545293,43.47664998,40.20832412,42.29903036,47.03089912,44.86501985,44.04643749,45.83985018,46.3369834,50.54991996,54.0353636,92.43940398,70.0646242,59.97050568,57.61992069,60.68168443,58.39808222,52.08281911,49.84178032,50.54685377,51.60134665,47.54988288,36.74943998,31.08604258,26.55195631,24.81591632,25.34155237,27.61102784,28.24907165,27.91437764,26.51667451,26.37152015,28.39784975,32.34854798,33.82346479,37.14176236,37.00115251,33.4704116,38.81532816,32.86246552,20.1477669,17.88792913,24.38128892,27.95066253,25.18911079,24.05896379,23.55143999,23.76276963,27.78964454,38.00357052,38.45391046,41.24137597,42.90568684,41.18600059,37.43021806,33.43507424,29.11239355,27.88108864,27.62925951,25.6932245,24.74123907,25.8074886,25.68574753,27.00472124,32.43082157,33.68808183,34.80286376,33.92340205,34.90824708,33.09178359,34.76517039,32.12024252,30.32068352,30.67745984,30.96474865,35.35126491,33.2933242,32.4419732,30.41675124,22.44583804,28.73717549,31.22905861,37.15064639,32.28191716,19.16925104,20.90574968,21.87713918,24.94191679,25.33760657,26.30964542,24.71798167,23.21752118,21.3474437,15.96785885,17.67216098,23.0055393,24.3230149,25.84126946,25.05762104,24.0934388,23.72107622,24.03649622,22.22033571,20.03102981,19.43756797,18.4184442,17.71423477,14.71651805,14.73218714,14.5131627,13.06931815,10.44909522,9.120220996,10.67052324,9.069505603,8.497217054,7.620779232,8.469818819,7.904887042,8.029572199,10.16664758,10.19988878,15.86406764,20.14097915,21.45788112,23.56862353,23.92855776,22.42161435,18.12856167,16.17244514,15.13321474,15.83176995,20.32871013,31.0184573,33.15543713,20.69167419,11.82558775,10.02068415,8.377146038,9.600962963,6.536844922,10.22913989,12.18580358,16.13310903,22.03446724,28.11123708,30.24641801
2005-04-30 00:00:00-10:00,88.14180808,75.01949457,80.63532215,82.65859012,80.43009221,76.08739543,71.99506497,68.50610974,67.50016983,66.88364207,61.13772257,59.28308111,60.30869817,68.151079,78.78577544,87.51646728,92.2845799,80.43804408,65.90503173,67.24874768,58.17879239,52.868442,47.55752808,40.29695726,39.98451377,38.9938798,40.03540952,39.54846785,38.18226807,32.569511,39.25716672,44.73494767,55.34973444,61.43301874,74.46219416,97.44357946,66.71543783,55.74534696,55.62500654,58.67482888,59.56426968,61.21061824,61.66076342,52.74114467,54.6682299,66.75508435,73.66111831,85.87821595,93.69682079,87.65427208,86.24211453,83.17156444,81.06090129,67.95758924,63.6855924,60.50627387,60.21306022,58.83412334,57.75924161,48.99596588,49.47114293,44.89861909,46.05586322,44.45231836,45.54703301,44.98957072,44.89661218,37.20488477,37.46184547,36.5644116,36.62266717,31.94793416,36.24145209,32.95648441,28.91328263,35.85087344,36.80295854,35.7560542,36.73027902,33.67791644,33.71824049,37.41512876,43.97792302,45.34667796,48.65791627,50.72747734,46.06944762,49.44357008,45.56332727,43.86219695,41.29629576,41.96886809,45.74290474,51.58106529,53.60191317,55.43763979,60.92506426,56.68385799,48.28898031,44.98067388,43.24382921,39.9942308,42.35119863,47.05267303,44.94282676,43.93540635,45.62070103,46.08486428,50.44273203,53.98612313,92.38010619,70.04329605,60.02069983,57.71894246,60.80842424,58.52886616,52.2668484,49.97964971,50.66973952,51.76820978,47.74589025,36.95593389,31.33053555,26.79273983,24.8737933,25.4842792,27.77541317,28.4563834,28.10630999,26.80065096,26.63983449,28.6308361,32.55217423,34.05105809,37.37544259,37.28178094,33.65025227,38.80319611,32.93411056,20.27041813,18.16951143,24.65629562,28.23825609,25.48445715,24.18685971,23.69531609,23.96371682,27.94336169,38.22733311,38.58382817,41.24275786,42.91393914,41.17483281,37.3523302,33.51458099,29.15723927,27.88011263,27.68179546,25.7721959,24.7591356,25.76007061,25.63813494,27.04786712,32.51667473,33.81353342,34.91637282,33.99690698,34.9796856,33.20084576,34.86674536,32.28115189,30.47319269,30.83644221,31.11924798,35.5158053,33.39037725,32.4241595,30.46888942,22.46668836,28.74092933,31.25561058,37.35172824,32.44269575,19.34176526,21.05027172,22.09087723,25.17009365,25.5714658,26.52335526,24.90998971,23.39116853,21.5017138,16.11804527,17.87710026,23.25597074,24.58782597,26.11671638,25.2607483,24.27753922,23.89201705,24.16035019,22.1890308,20.01503523,19.40376092,18.36488611,17.72222038,14.68368866,14.72518247,14.54827031,13.06908396,10.43797642,9.107604174,10.66199248,9.000405914,8.422327233,7.600369314,8.49321808,7.898655705,8.034045106,10.17028551,10.26911783,15.96726956,20.30786654,21.67491135,23.74135222,24.16349429,22.59012476,18.30051259,16.46475086,15.50771802,16.23787795,20.62330265,31.17625102,33.37710147,20.94946195,12.17230065,10.18394062,8.475928858,9.689026939,6.70758676,10.33414942,12.31304733,16.13715953,22.01624917,28.276472,30.39867596
2005-05-31 00:00:00-10:00,89.29134334,75.50680599,81.16807337,82.99946116,80.66437604,76.29510492,72.20688681,68.7610836,67.8210438,67.3100124,61.56605617,59.48363759,60.68506717,68.58546376,79.13317188,87.99616207,92.81875498,81.00414583,66.47619593,67.52035277,58.37750602,52.90793433,47.42836609,40.05334452,39.86089785,39.0136496,40.07589378,39.44034583,38.20215456,32.9693637,39.74182991,45.16362207,55.34715063,61.20280496,74.1814768,97.07029724,66.35398478,55.5327957,55.39989195,58.4873955,59.4039871,60.9595512,61.35960804,53.16476539,55.0440682,67.0057426,73.94353344,86.2303258,94.26351472,87.98572628,86.31799693,83.25333133,80.94410608,67.20726156,62.89445631,59.85836598,59.56673975,58.30692264,57.22358141,48.54779753,48.66312815,44.09753855,45.25159458,43.53327964,44.60808348,44.15220092,44.08304748,36.3902418,36.6284351,35.81405123,35.9075138,31.30818649,35.66520421,32.41713357,28.50895158,35.86982559,37.00285142,35.93037945,36.83204398,33.59448691,33.73451054,37.46498791,43.91469761,45.26286387,48.59112654,50.78125467,46.21503685,50.24050089,46.29103936,44.47323729,41.72478196,42.29832644,45.97204333,51.35607884,53.43927037,55.17387744,60.75373803,56.56195642,48.12317712,44.79433676,42.98947992,39.76108941,42.39635962,47.05824787,45.00417579,43.8283481,45.40393526,45.83633464,50.34405218,53.93393889,92.31926148,70.0248717,60.07642591,57.82989339,60.94526226,58.6708069,52.47716637,50.15153414,50.83163652,51.97510444,47.98278895,37.1880899,31.59567039,27.0424709,24.92442825,25.60993667,27.93303133,28.65702415,28.29027619,27.08527049,26.91357893,28.87489429,32.76281849,34.28706216,37.6519008,37.61793676,33.89126866,38.83044153,33.04319056,20.4469129,18.48988535,24.95752959,28.5516664,25.81711422,24.31656345,23.84183157,24.16007937,28.11644306,38.49562582,38.75240577,41.25089191,42.91577317,41.17047026,37.27726836,33.58101555,29.20066948,27.88582891,27.73135318,25.84906284,24.77036932,25.70867232,25.59552579,27.10748326,32.61171062,33.9461436,35.02996583,34.06740352,35.04988724,33.30969871,34.96762432,32.43944389,30.63301489,30.99551025,31.27177685,35.68376264,33.50326887,32.41895226,30.52290266,22.48285324,28.74082136,31.29063422,37.59903702,32.66252832,19.56512578,21.2335653,22.35561375,25.45462689,25.84948319,26.78118243,25.1530747,23.61633087,21.69918144,16.35596289,18.14956185,23.5254788,24.87997273,26.41636509,25.48272307,24.47723845,24.07524483,24.28987134,22.15189486,19.99976591,19.37131868,18.30553646,17.73109047,14.64913578,14.71194543,14.573107,13.06339778,10.42639051,9.09141608,10.64976163,8.929661431,8.34769986,7.566469609,8.506421503,7.884282629,8.029854486,10.16736817,10.32781864,16.05310761,20.46152191,21.89454216,23.91388762,24.39156832,22.74619775,18.46022822,16.74466337,15.87974262,16.64867288,20.9171861,31.31350298,33.59823323,21.20650517,12.54772741,10.37323434,8.62487016,9.818586863,6.950793961,10.52064512,12.50622541,16.16639899,22.00993166,28.44821043,30.5620732
2005-06-30 00:00:00-10:00,90.42425511,76.01052592,81.72269882,83.38495872,80.90846402,76.49371041,72.40854975,69.01768311,68.14711792,67.74046561,61.99687735,59.68593308,61.06673845,68.99968017,79.47927307,88.46391436,93.33326658,81.57510536,67.05559326,67.83705449,58.62076696,53.00123105,47.36031057,39.8828373,39.78770494,39.08488611,40.15539067,39.37102467,38.26316146,33.43774953,40.2834434,45.63443226,55.35153679,60.99093237,73.91192777,96.70403979,66.0107854,55.33549761,55.18360414,58.29504689,59.23447132,60.69040392,61.03788014,53.58626496,55.42314918,67.23683917,74.21107285,86.51113287,94.75141878,88.26170416,86.3158476,83.27291478,80.79543047,66.48004746,62.1413647,59.24334671,58.94749407,57.80047457,56.71243569,48.16960768,47.92309514,43.37160898,44.50699218,42.67915911,43.73387054,43.37136152,43.28995325,35.61605789,35.80084929,35.10276709,35.23316259,30.72752022,35.12976436,31.90950143,28.09570744,35.87073023,37.18776704,36.09414374,36.92728099,33.52387862,33.76223829,37.53036058,43.8336709,45.16245766,48.51005777,50.83856921,46.39897816,51.07600074,47.05453025,45.11485946,42.16324592,42.62096186,46.1957607,51.18375085,53.31800232,54.93870295,60.61099376,56.44402878,47.98102527,44.59009029,42.71831664,39.50992586,42.42650885,47.04313328,45.05033062,43.73284897,45.19956519,45.60092245,50.2605305,53.88010801,92.25617746,70.00618163,60.13109097,57.94385417,61.08303713,58.81400678,52.70256751,50.34734713,51.0220924,52.21071325,48.24877955,37.43314598,31.86870272,27.29140345,24.9682816,25.71649096,28.07960791,28.84578565,28.46099541,27.36152445,27.18723913,29.12468604,32.97740071,34.52937373,37.963938,38.00281101,34.1882617,38.895296,33.18643738,20.67354083,18.8418523,25.2794488,28.88475784,26.18024059,24.44186527,23.98822818,24.34944239,28.3074471,38.80598795,38.95557904,41.2719843,42.91718644,41.17978012,37.21166066,33.63462526,29.24437179,27.90042471,27.78086631,25.92533147,24.77601074,25.65458949,25.55888115,27.18055138,32.71428286,34.08176002,35.14114413,34.1335964,35.11768189,33.41582756,35.06520678,32.59039516,30.79439022,31.14760496,31.41451032,35.84721088,33.62888135,32.42354095,30.57404065,22.48978476,28.73574959,31.33097356,37.88917733,32.93356192,19.83409276,21.45268894,22.66213462,25.78943664,26.16428774,27.07679464,25.44194679,23.88767054,21.9323797,16.67722727,18.48227964,23.80601041,25.19028248,26.73099316,25.71309826,24.68452261,24.26488913,24.42150483,22.10965543,19.98599166,19.34209033,18.24319823,17.73714171,14.60967568,14.68830588,14.58363681,13.04763962,10.41119695,9.068163201,10.63076246,8.858176606,8.273701015,7.519251458,8.50525719,7.857349191,8.010891948,10.15490238,10.3721186,16.11731753,20.5915692,22.10161766,24.07302882,24.59689287,22.87991027,18.5992534,17.00050015,16.23684678,17.05132701,21.18891733,31.41185345,33.79119812,21.4374065,12.93810672,10.57967929,8.822177263,9.983346145,7.26424355,10.7799837,12.75733601,16.21584345,22.01253041,28.61757907,30.72610855
2005-07-31 00:00:00-10:00,91.52469426,76.51505187,82.28167315,83.80605487,81.1553086,76.67316902,72.59008542,69.26612918,68.4666855,68.16176629,62.41673574,59.88317135,61.44734037,69.38483852,79.81526914,88.91229298,93.82002792,82.1443237,67.63540427,68.19520194,58.90513485,53.14560019,47.35533051,39.78984422,39.76754269,39.20578858,40.27240641,39.34759294,38.36741725,33.96143568,40.86669864,46.13445813,55.35957306,60.79716434,73.64555261,96.34336633,65.68186929,55.14243707,54.96965607,58.08321526,59.04029717,60.39322135,60.68841856,53.98364229,55.78221222,67.42896373,74.44188189,86.71420127,95.14364969,88.45375709,86.22321267,83.22533106,80.61787537,65.78533525,61.43494987,58.66779227,58.36536953,57.32448831,56.23503615,47.87268636,47.27734662,42.74421047,43.84269796,41.90966511,42.94471856,42.67275324,42.52490515,34.8984549,34.99177255,34.45057189,34.61526314,30.22491287,34.65013667,31.45200325,27.69051795,35.84823261,37.34277785,36.23147811,37.00088709,33.45714177,33.79303259,37.60130979,43.72741913,45.03850188,48.41010628,50.8912699,46.60855433,51.92050114,47.82789317,45.765292,42.59956074,42.93163677,46.41214238,51.05566461,53.23089618,54.72668059,60.49305812,56.33226474,47.8605194,44.37353696,42.43675452,39.24120782,42.43705741,47.00692332,45.08615228,43.65504753,45.01739025,45.38674131,50.1961385,53.82532798,92.19003531,69.98462152,60.18007661,58.05379293,61.215105,58.95007497,52.93228408,50.55699615,51.23039165,52.46341169,48.53148083,37.67860015,32.13794021,27.53248782,25.00562159,25.80425407,28.2126774,29.01900626,28.6141637,27.62133712,27.45740978,29.37548447,33.19240685,34.77595749,38.30316873,38.42762335,34.53404745,38.99475896,33.35939172,20.94497324,19.21979692,25.61900032,29.23464643,26.56872796,24.56027534,24.13383757,24.53178035,28.51505451,39.15289012,39.18709938,41.31178089,42.92456582,41.20929492,37.1623938,33.67778873,29.28926453,27.9254921,27.83337766,26.0033923,24.77922035,25.60043242,25.52975283,27.26426441,32.82319201,34.2171107,35.2486515,34.19606385,35.18352028,33.5192086,35.15987734,32.73177208,30.95203962,31.2869888,31.54142993,35.99873328,33.76328161,32.43344602,30.61678578,22.48227253,28.72348994,31.37029684,38.21349424,33.24314586,20.14265837,21.70429625,23.00144174,26.16723595,26.50754572,27.4032388,25.77074365,24.19926986,22.19523392,17.07221227,18.86519473,24.09330811,25.51132086,27.05217512,25.94399213,24.89440341,24.45786053,24.55465872,22.06586128,19.97642375,19.31963752,18.18374145,17.7402942,14.56514913,14.65327986,14.57931922,13.02078906,10.39200744,9.037112198,10.60466127,8.787931521,8.201035299,7.460977418,8.487553522,7.815895425,7.975087456,10.13240952,10.40192719,16.16066019,20.69356734,22.28799259,24.21111075,24.77011736,22.98695283,18.71457693,17.22593353,16.56971411,17.43527587,21.42054126,31.4600903,33.93049435,21.61921471,13.32935529,10.79523106,9.064599125,10.17656582,7.64554342,11.10455648,13.05983299,16.28161189,22.02264872,28.7773422,30.88256309
2005-08-31 00:00:00-10:00,92.57932782,77.01197067,82.83339624,84.25456047,81.39835817,76.82751056,72.74498091,69.49819597,68.76863717,68.56049227,62.81250783,60.07248366,61.82662459,69.73959762,80.13473565,89.33674773,94.27405596,82.71130081,68.21338317,68.5909037,59.22485876,53.33325046,47.4098068,39.77298736,39.7998454,39.37139267,40.42419399,39.37656096,38.51768855,34.52717575,41.47800703,46.65368178,55.37356612,60.6263112,73.38116846,95.99697097,65.37053335,54.95097277,54.75843852,57.84520066,58.81447704,60.06664204,60.31377393,54.3440191,56.10501663,67.57134758,74.62407608,86.84147283,95.43280305,88.54860245,86.04281317,83.11707814,80.42042196,65.1331034,60.78177566,58.13651808,57.82931952,56.89179658,55.80081383,47.66533445,46.74899786,42.23533608,43.27772407,41.24427321,42.2613099,42.08101201,41.79703009,34.2587764,34.2141977,33.87579666,34.06930374,29.82340286,34.24600876,31.0664574,27.32029172,35.80435964,37.46284845,36.33660017,37.04565488,33.38606234,33.81875857,37.66726744,43.59160542,44.88783876,48.29019373,50.9340911,46.83508088,52.75216564,48.59020229,46.40775402,43.02692221,43.23245047,46.62056996,50.96037957,53.1682707,54.52985946,60.3947139,56.22714637,47.75677497,44.15151873,42.15234581,38.9555861,42.42584125,46.95201037,45.11714518,43.59980017,44.86618807,45.19998893,50.15137112,53.7698056,92.12042218,69.9596104,60.22175257,58.15499908,61.33691203,59.07278958,53.15811706,50.7722408,51.44751873,52.72320079,48.81989519,37.91454336,32.39503216,27.76276551,25.03889862,25.8768948,28.33319136,29.17632637,28.74754466,27.85916284,27.72276527,29.62358498,33.40470161,35.02513537,38.66086997,38.88147369,34.92030982,39.12552384,33.55861898,21.25652005,19.62130358,25.97623875,29.6014467,26.97875628,24.67335895,24.27975312,24.70886335,28.73749372,39.52820313,39.4389926,41.37514822,42.94434805,41.26514467,37.13519653,33.71455933,29.3360883,27.96208232,27.89153859,26.08613971,24.78532927,25.55069153,25.51070917,27.35661835,32.9377438,34.35070954,35.35275658,34.25666288,35.24858139,33.62098933,35.25368862,32.86325994,31.1012782,31.41029912,31.6491122,36.13251915,33.9030153,32.44391011,30.64632097,22.45628598,28.70199215,31.40127841,38.56018585,33.5760459,20.4829775,21.98380858,23.36548833,26.57947288,26.87062033,27.75334689,26.13404595,24.54545542,22.48343302,17.52684956,19.28661879,24.38680454,25.83716209,27.3724561,26.17017497,25.1046355,24.65370484,24.69099414,22.02589427,19.97482432,19.308318,18.13437292,17.74428267,14.51902837,14.6097073,14.5637072,12.98604448,10.37193207,9.001044158,10.57406437,8.721977352,8.131131288,7.395359311,8.453723599,7.760952449,7.924627628,10.10157205,10.42047842,16.1875196,20.76827898,22.45326898,24.326784,24.90923097,23.06860087,18.80815105,17.4202364,16.87303676,17.79321061,21.60088773,31.45685118,33.99770971,21.73586412,13.70841541,11.01426611,9.347047968,10.39059545,8.090114443,11.48679007,13.40723415,16.36070468,22.04045966,28.92266173,31.02616664
2005-09-30 00:00:00-10:00,93.5782574,77.49816226,83.37118768,84.72307805,81.63261269,76.95461616,72.87023678,69.70763952,69.04353158,68.92456076,63.17275344,60.25459711,62.20881444,70.06949637,80.43441187,89.73607897,94.6938582,83.27987094,68.79105908,69.01877784,59.57134359,53.55298546,47.51568929,39.82557668,39.88106732,39.57419186,40.60716799,39.46311745,38.71741903,35.123394,42.10697969,47.18564521,55.40137537,60.48797416,73.12457416,95.68266405,65.08770596,54.76795251,54.55792864,57.58356297,58.55985884,59.71839527,59.92536729,54.66422734,56.38160503,67.66032698,74.75344846,86.90147924,95.62010776,88.54764911,85.79055659,82.96350134,80.21502635,64.53520831,60.18844024,57.65395655,57.34759813,56.51693316,55.41953606,47.55317473,46.35613618,41.86071402,42.82598844,40.69860807,41.70030433,41.61250648,41.11279207,33.71679911,33.48037676,33.39188827,33.60642381,29.54371647,33.93632182,30.77471778,27.01740793,35.74673306,37.55085766,36.41216535,37.06135847,33.30388262,33.83248574,37.71809379,43.4250795,44.71171212,48.15257182,50.96481182,47.07705591,53.55738935,49.32496461,47.0297062,43.44293094,43.53147119,46.82107692,50.8859861,53.12007015,54.33958071,60.309773,56.12757661,47.66309174,43.9309249,41.87306489,38.65437576,42.39333845,46.88290634,45.14959791,43.57132381,44.75335815,45.04488804,50.1230193,53.71324148,92.04747336,69.93313244,60.25768128,58.24529794,61.4457984,59.17861153,53.37551702,50.98816028,51.66761852,52.98316708,49.10624991,38.13597877,32.63694694,27.98333015,25.07423545,25.94166701,28.44631975,29.32092458,28.86242759,28.07366584,27.98409862,29.86684391,33.61329316,35.27647517,39.02909686,39.35136473,35.3354587,39.28366225,33.7839385,21.60417179,20.04717209,26.35355483,29.98755282,27.40747166,24.78626027,24.4286531,24.88367047,28.97220738,39.92233413,39.70210338,41.46588248,42.98288189,41.35303372,37.13360014,33.7497711,29.38608073,28.01107535,27.95749302,26.17656966,24.80127495,25.5117276,25.50545966,27.45668576,33.05750251,34.48357905,35.45560479,34.31838576,35.31435539,33.72227784,35.3489365,32.9856045,31.23873594,31.51729259,31.73715443,36.24628339,34.04683731,32.45229346,30.66103344,22.41190994,28.6715586,31.41917607,38.91721877,33.91748236,20.8458522,22.28551265,23.74781135,27.01660724,27.24534373,28.12003357,26.52671238,24.92125282,22.79397946,18.02462059,19.73487096,24.68826201,26.16307455,27.68551014,26.38863364,25.31495701,24.85382115,24.83366491,21.99597825,19.98519564,19.31242837,18.10209,17.75630669,14.478481,14.56456887,14.54436147,12.950596,10.35747462,8.966179293,10.54400767,8.664457752,8.066695678,7.32690266,8.406836191,7.696283749,7.864957949,10.06577597,10.43327334,16.20359482,20.82046145,22.60386279,24.42440398,25.01849211,23.13043844,18.8854876,17.5873675,17.14590982,18.12177713,21.72720021,31.41035383,33.98481607,21.78085516,14.0645666,11.23375057,9.66244733,10.61695041,8.589547024,11.91769555,13.79169446,16.45098982,22.0680106,29.05178163,31.1549848
2005-10-31 00:00:00-10:00,94.5153406,77.97445765,83.89262918,85.20543779,81.85552529,77.05598867,72.96634046,69.89065485,69.28467042,69.24476879,63.48910323,60.43215865,62.60072127,70.38503159,80.71475524,90.11265271,95.08175295,83.85699034,69.37258445,69.47186202,59.93381969,53.79243438,47.66242077,39.9370129,40.00517851,39.80504887,40.81723946,39.61015674,38.97040425,35.74105353,42.74676436,47.72732811,55.45560974,60.39533619,72.88662249,95.42488045,64.85093841,54.60909875,54.38309515,57.30974245,58.28858946,59.36425401,59.54179997,54.95074481,56.60803784,67.69862589,74.8321617,86.90840938,95.71447018,88.46397403,85.4914096,82.78455175,80.0140563,64.00527793,59.66234416,57.22493489,56.92790673,56.21368987,55.10018098,47.53925651,46.11005637,41.63087811,42.49266917,40.28019003,41.26948879,41.27234297,40.47290635,33.28444857,32.80024613,33.00413353,33.23131953,29.39924779,33.73542789,30.59579742,26.81491554,35.68664805,37.61477714,36.46612982,37.05212798,33.20543055,33.82897724,37.74488549,43.22952566,44.51573675,48.00243424,50.98380916,47.34019813,54.33268437,50.02142405,47.62419073,43.84875419,43.84092434,47.01541496,50.82227687,53.07761824,54.14790395,60.23158321,56.03122297,47.5719099,43.7175144,41.60642051,38.33962909,42.34293293,46.80563884,45.19192556,43.57401151,44.68489964,44.92398605,50.10466913,53.65481353,91.97159052,69.90915737,60.2921088,58.32512643,61.54110161,59.26684263,53.58376155,51.20308412,51.88812448,53.2397373,49.38652848,38.34297501,32.86568747,28.19798236,25.1194346,26.00752134,28.5596801,29.45764729,28.96319282,28.26753018,28.24342354,30.10467547,33.81990948,35.53066556,39.4009223,39.82283615,35.76464933,39.46394441,34.03880349,21.98528738,20.50051118,26.75430988,30.39622324,27.8523927,24.90655192,24.58448997,25.05966144,29.21581926,40.32553943,39.96694692,41.58636416,43.04593333,41.47782101,37.15843762,33.78821126,29.44128965,28.07341043,28.03278361,26.27732653,24.83433151,25.49085322,25.51841239,27.56461674,33.18196201,34.6187929,35.56080262,34.38504381,35.38261761,33.82399442,35.44783235,33.09996939,31.36279073,31.61067935,31.80789039,36.34156975,34.19550648,32.45862392,30.66293795,22.35372973,28.63495922,31.42304395,39.27398214,34.25511733,21.22172642,22.60327115,24.143804,27.46865853,27.62466097,28.49647851,26.94336426,25.32254921,23.12480879,18.54927457,20.19985912,25.0004058,26.48541765,27.98643336,26.59815409,25.52634798,25.06044655,24.98646357,21.98221582,20.01110719,19.33546155,18.0924488,17.78567056,14.45317997,14.52785514,14.53141485,12.92406588,10.35723915,8.94107555,10.52053907,8.619938016,8.011593846,7.260204151,8.351999223,7.627386081,7.80299516,10.02944011,10.44670665,16.21381356,20.85542045,22.74866633,24.51017275,25.10452276,23.17928329,18.9527107,17.73294946,17.39054767,18.42097685,21.80267041,31.33220281,33.89241735,21.75483201,14.3894134,11.45157851,10.00179144,10.84655457,9.130882524,12.38592203,14.20321567,16.55104347,22.10886983,29.16432183,31.2687146
2005-11-30 00:00:00-10:00,95.38789701,78.44480689,84.39914476,85.69743873,82.06763104,77.13651567,73.0371856,70.04637346,69.48907608,69.51621971,63.75747228,60.60831907,63.00958797,70.69937529,80.97979946,90.4719928,95.44357484,84.45219989,69.96474808,69.94335634,60.3020288,54.04018155,47.83885437,40.09464655,40.16414558,40.05407171,41.04974316,39.81661322,39.2792499,36.3725229,43.39251908,48.27837127,55.55251371,60.36436981,72.6820936,95.25169253,64.68222653,54.49675862,54.25400135,57.04207898,58.01990202,59.02578013,59.1864725,55.21858638,56.78623018,67.69465231,74.86777645,86.88099608,95.73082626,88.31890634,85.17415708,82.60000357,79.82814104,63.55718847,59.21102487,56.85454418,56.57687882,55.99240152,54.84869481,47.62371583,46.01329025,41.54950989,42.27480922,39.98829421,40.96823883,41.05722167,39.87102168,32.96219827,32.17868281,32.70652527,32.94183547,29.39342555,33.65077164,30.54305623,26.74106955,35.63713229,37.66469795,36.50841099,37.02330352,33.08678373,33.8045869,37.74031481,43.00879557,44.30921387,47.84721383,50.99322025,47.63392534,55.08431861,50.67513016,48.19030768,44.2482898,44.17516799,47.20860668,50.76210875,53.03477462,53.94864042,60.15353718,55.93509056,47.47570666,43.51494245,41.35832684,38.01392271,42.28118216,46.7274137,45.25564051,43.61356083,44.6657209,44.8387593,50.08823326,53.59351633,91.89316441,69.89195644,60.33063874,58.39713773,61.62412313,59.33917561,53.78522088,51.41718055,52.10873894,53.49160916,49.65939408,38.53820559,33.08511547,28.41136082,25.18196668,26.0833983,28.68185022,29.59289339,29.05585058,28.4458383,28.50275363,30.33778383,34.02758952,35.78760191,39.76934199,40.28142405,36.19320159,39.66164644,34.32987726,22.39946158,20.98532026,27.18152865,30.8292767,28.31037393,25.04262099,24.75208219,25.24012429,29.4648438,40.72951549,40.22564547,41.7371285,43.13789632,41.64281826,37.20808588,33.83406787,29.5044815,28.15009387,28.11833021,26.39026469,24.89031999,25.49474412,25.55373049,27.68123198,33.31033735,34.75905244,35.67146482,34.46018826,35.45578845,33.92794501,35.55392011,33.20849969,31.47390344,31.69522651,31.86561325,36.42298468,34.35099591,32.4652464,30.65688578,22.28954132,28.59629449,31.41516466,39.62178525,34.57970113,21.60139991,22.93121731,24.55043338,27.9255913,28.00312311,28.87658535,27.37856955,25.7462036,23.47469246,19.08666891,20.6736881,25.32567532,26.80171136,28.27210388,26.79897573,25.74035743,25.27555276,25.1529628,21.98980611,20.05524069,19.37952649,18.10871912,17.84159789,14.45304226,14.51004521,14.53504271,12.91601158,10.37984289,8.934840971,10.50889234,8.592231463,7.97004179,7.199310937,8.295382889,7.56028417,7.745304307,9.996911874,10.46651332,16.2215577,20.87686578,22.89589671,24.59031491,25.17459254,23.22271693,19.01573046,17.8626046,17.61041338,18.69288274,21.83304415,31.23155689,33.72606274,21.66236741,14.67613595,11.66459747,10.35458951,11.07036384,9.697176121,12.87781875,14.62979538,16.65999388,22.16720359,29.26085161,31.36818724
2005-12-31 00:00:00-10:00,96.19582737,78.91595304,84.89578431,86.19762686,82.2727845,77.20414576,73.08987151,70.17722404,69.65810907,69.73929931,63.97880825,60.78574854,63.44085341,71.02624648,81.23578133,90.82142681,95.7871794,85.07523488,70.57624609,70.42912264,60.6690717,54.28816759,48.03554799,40.28594819,40.34931028,40.31183753,41.29989817,40.07674996,39.6431934,37.01050358,44.03990982,48.83993363,55.70831953,60.41085921,72.5264864,95.19023766,64.60408193,54.45539981,54.19194884,56.80183633,57.77589571,58.72660635,58.88407668,55.48838798,56.92365141,67.66145621,74.87235124,86.84077202,95.6877429,88.13781058,84.86578559,82.42574924,79.66471407,63.20287583,58.84066101,56.54731455,56.29893827,55.85767777,54.66507993,47.80267545,46.05735554,41.6107661,42.16131273,39.81361935,40.78758954,40.9577994,39.29842801,32.74270883,31.61822695,32.48485017,32.72968741,29.5190632,33.6818578,30.62191893,26.81255609,35.61065886,37.71020753,36.54834632,36.97978335,32.94512467,33.75696237,37.69887052,42.76836632,44.10363325,47.69541147,50.9959652,47.96689085,55.82315734,51.28682778,48.73175082,44.6471729,44.54721991,47.40838016,50.70183843,52.98839904,53.73801589,60.06956148,55.83623362,47.36783187,43.32438189,41.13195679,37.68005852,42.21768129,46.65656879,45.35187667,43.69729266,44.69990526,44.79017705,50.06679259,53.52914404,91.81271699,69.88514795,60.37868629,58.46538546,61.6980249,59.39950958,53.98439959,51.63188745,52.33089351,53.73925649,49.92560899,38.72538368,33.29864156,28.62738776,25.2665689,26.17641272,28.82024918,29.73325454,29.14642605,28.61404463,28.76320353,30.56785003,34.23926007,36.04707745,40.12917828,40.71544767,36.60935034,39.87403593,34.66622425,22.8485732,21.50472794,27.63702204,31.28505594,28.77693066,25.20183805,24.93644767,25.42787088,29.71706774,41.12873377,40.47484339,41.91633405,43.26085752,41.84906723,37.27980378,33.89093712,29.57856794,28.2418047,28.21446092,26.51612256,24.97188847,25.52778743,25.61417315,27.80740161,33.44180698,34.90649546,35.79022438,34.54684233,35.53668082,34.03634464,35.6713338,33.31454148,31.57432908,31.77673458,31.91563082,36.49703276,34.51565701,32.47627346,30.6494988,22.22854319,28.55996971,31.40018861,39.95438216,34.88550286,21.97648939,23.26444726,24.96597707,28.37780409,28.37696599,29.25525851,27.8272427,26.1900465,23.84331847,19.62501911,21.15003253,25.66516884,27.1107568,28.54146909,26.99252268,25.95845551,25.49987821,25.33570342,22.02245357,20.11909043,19.4449049,18.15132761,17.93066669,14.48551106,14.51896302,14.56261386,12.93314375,10.43152086,8.954942118,10.51205748,8.583217031,7.945269066,7.146980161,8.242866737,7.50029436,7.696848635,9.971046284,10.49638174,16.22946047,20.8889625,23.05361906,24.67208908,25.23728476,23.26958889,19.08081683,17.98254114,17.80922257,18.94084891,21.82494144,31.11341911,33.49341041,21.51080768,14.91945933,11.86810494,10.7095725,11.28045026,10.26952318,13.37882118,15.05859598,16.77736395,22.2464832,29.34407427,31.4564377
2006-01-31 00:00:00-10:00,96.94036719,79.39735028,85.39102019,86.70727479,82.47775324,77.26903866,73.1339728,70.28847852,69.79689735,69.91920046,64.15851,60.96591211,63.89665985,71.37710987,81.48915402,91.16818503,96.1207608,85.73306761,71.21647572,70.92888606,61.03279115,54.53302158,48.24622907,40.4999207,40.55230719,40.57022506,41.56328654,40.38119414,40.05770448,37.64749957,44.68412072,49.41334475,55.93514684,60.54643939,72.43194717,95.26219485,64.63528376,54.50705992,54.21565863,56.60938105,57.57739769,58.48858748,58.65673752,55.78256015,57.03267879,67.61528559,74.86147454,86.8096767,95.60451118,87.94599524,84.58750183,82.27151188,79.527363,62.95018902,58.55451412,56.30639422,56.09549268,55.80725262,54.54143614,48.06744223,46.22301383,41.798718,42.13449928,39.74008261,40.71231677,40.96128891,38.74851336,32.61509177,31.12166381,32.32077037,32.58207034,29.75948976,33.82047597,30.82866532,27.02801197,35.61692089,37.75895909,36.59314491,36.92564533,32.7788406,33.68479586,37.61709191,42.51517387,43.91009868,47.55475192,50.99494514,48.3443576,56.55881282,51.86034951,49.25426787,45.05110584,44.96348582,47.61994471,50.64088725,52.93808782,53.51498415,59.97456256,55.73212178,47.24311951,43.14568689,40.92740222,37.34113545,42.16369837,46.60180198,45.48881332,43.83039445,44.78999428,44.77873585,50.03643361,53.46223495,91.73008387,69.8902202,60.4393735,58.53317451,61.76630092,59.4528798,54.18465611,51.84747311,52.55517457,53.98267962,50.18574569,38.90730434,33.50764553,28.84758333,25.37380494,26.29035475,28.97924955,29.88386975,29.24004864,28.77720894,29.02437959,30.7971631,34.45598642,36.30948602,40.47875874,41.11812045,37.00697361,40.10104378,35.05759703,23.33574574,22.059088,28.12086422,31.76058179,29.24867784,25.38890016,25.14131486,25.62473521,29.97110117,41.51893927,40.71487177,42.1197416,43.4144762,42.09537123,37.37099067,33.96172479,29.66623995,28.34856061,28.32088239,26.65436167,25.07776715,25.59094172,25.70033678,27.94375134,33.57581064,35.06305048,35.91958629,34.64750812,35.62822017,34.15138728,35.80407457,33.42230317,31.66751521,31.86127392,31.96355616,36.57094499,34.6912104,32.49671281,30.64805974,22.17959052,28.53019321,31.38435967,40.26818834,35.17056083,22.33979827,23.59965588,25.38955853,28.81662373,28.74379074,29.62847764,28.28466168,26.65223802,24.23093868,20.15417491,21.6229617,26.0180037,27.41265831,28.79552537,27.18109742,26.18140916,25.73277701,25.53536197,22.08162963,20.20250044,19.52981796,18.21786151,18.05484359,14.55359782,14.55754693,14.61690505,12.97733112,10.51410015,9.004986553,10.52963672,8.591534407,7.937608843,7.103348445,8.197919461,7.450383763,7.660441549,9.952479331,10.53719788,16.23887665,20.89639907,23.22862942,24.76251877,25.30082427,23.32888903,19.15307378,18.09837019,17.99083713,19.16947449,21.78553038,30.97995752,33.20358025,21.30963382,15.11641134,12.05670423,11.05578466,11.47091863,10.82966926,13.87562578,15.47769582,16.90310411,22.34823279,29.41871571,31.53837887
2006-02-28 00:00:00-10:00,97.62316963,79.90021553,85.89586176,87.22976115,82.69132897,77.34245853,73.18052677,70.38733929,69.91312357,70.06460937,64.30513387,61.14850285,64.37510376,71.75820525,81.74446701,91.51726555,96.45103687,86.42738983,71.8940778,71.44598589,61.39550296,54.77598174,48.46831902,40.72815276,40.76590378,40.82313306,41.83619566,40.71884272,40.51577055,38.27632672,45.3199402,49.99906123,56.23810239,60.77552327,72.40420413,95.48047584,64.78771146,54.66797333,54.338416,56.48145354,57.441058,58.32882165,58.52085466,56.12127604,57.12937153,67.5737894,74.8530343,86.80727356,95.49853349,87.76548349,84.35315122,82.14055828,79.41572476,62.80087911,58.35140594,56.13260961,55.96432418,55.83247954,54.46239743,48.40459432,46.48244728,42.0885973,42.1727199,39.74800698,40.72438225,41.05390199,38.21930375,32.56827315,30.69294297,32.19510695,32.48371806,30.09108589,34.05202269,31.15055589,27.36957473,35.66033003,37.81506679,36.646341,36.86363199,32.58773049,33.58776601,37.49353742,42.25690477,43.73652291,47.43058072,50.99237722,48.76672999,57.29667283,52.4008248,49.7634114,45.46316836,45.4210867,47.84278661,50.58070815,52.88519108,53.28118831,59.86477757,55.62068984,47.09831119,42.97801231,40.74185674,37.0006528,42.1294331,46.57069845,45.67091371,44.01445358,44.93638762,44.80412711,49.99662652,53.39316871,91.64367772,69.90594371,60.5119367,58.60098933,61.83079251,59.5039357,54.38973626,52.06430032,52.78227743,54.22239927,50.44007348,39.0851682,33.71127673,29.07068147,25.49994721,26.42498742,29.15904054,30.04713162,29.34035614,28.93910247,29.2839633,31.027804,34.67500847,36.5741345,40.81849094,41.48701071,37.38488038,40.34289415,35.50963886,23.86284093,22.64407797,28.62953755,32.25091611,29.72228084,25.60423304,25.3676279,25.83066134,30.22571586,41.89684835,40.94813113,42.34099614,43.59634782,42.37858802,37.47986244,34.04823358,29.76958191,28.46948798,28.43660811,26.80309379,25.20301697,25.68130034,25.81023316,28.09030988,33.71203571,35.23032679,36.06181439,34.76394156,35.73301959,34.27496862,35.95556947,33.53615356,31.75751736,31.95462348,32.01486701,36.65171757,34.87771647,32.53128556,30.65935668,22.14958703,28.51073164,31.37444074,40.56042995,35.43515818,22.68629839,23.93461821,25.82088418,29.23441459,29.10158333,29.9929688,28.74521991,27.12891132,24.63631631,20.66547206,22.08663886,26.38145012,27.70860745,29.03653889,27.36729351,26.40919068,25.97239953,25.75041331,22.16644812,20.3036876,19.63105413,18.30390794,18.21044049,14.65444362,14.62238901,14.69493854,13.04555054,10.6247687,9.084122003,10.55850932,8.612771257,7.94426617,7.066062399,8.161374187,7.411810614,7.638402744,9.939685662,10.58726108,16.24952336,20.90349022,23.42526053,24.86646999,25.37080713,23.407418,19.23451124,18.21409778,18.1594966,19.38438802,21.72316812,30.83539804,32.87096186,21.07252343,15.26717086,12.22650579,11.38366225,11.63828792,11.36218556,14.3579736,15.87759489,17.03741959,22.47095871,29.49029734,31.62001747
2006-03-31 00:00:00-10:00,98.24536056,80.43542219,86.42184286,87.76927665,82.9228232,77.4351395,73.24055249,70.48149768,70.01516429,70.18560164,64.42838653,61.33097297,64.87017185,72.16827799,82.00262773,91.86948188,96.78131565,87.1531734,72.61518993,71.98579317,61.76249337,55.02175163,48.70267763,40.9657671,40.98539682,41.06778983,42.11629983,41.07934413,41.00994647,38.8919428,45.94333682,50.59686424,56.61453655,61.09426084,72.44188613,95.84753931,65.06467627,54.94624679,54.56597544,56.42931949,57.37774192,58.2577272,58.48498753,56.51907205,57.23133307,67.55383348,74.86530658,86.84792104,95.38361289,87.61255237,84.1693269,82.03156566,79.3264551,62.74934512,58.22477364,56.02356723,55.89918973,55.920164,54.40906543,48.79720635,46.80304643,42.44999439,42.25359223,39.81768068,40.80656396,41.22273045,37.71452724,32.59348986,30.33670741,32.09124239,32.41997562,30.48716333,34.35825267,31.56695748,27.8108027,35.73826402,37.87758253,36.70665501,36.79443369,32.37319793,33.46665258,37.32884356,42.00054517,43.58558894,47.32437569,50.98879546,49.22846302,58.03794047,52.91373046,50.26312754,45.88236259,45.90888051,48.07117611,50.52358549,52.83109118,53.04050852,59.73757103,55.49952078,46.93196249,42.81805676,40.56998903,36.66225103,42.12107287,46.56824594,45.89951208,44.24721539,45.1364281,44.86434151,49.94891667,53.32072462,91.55073969,69.92913076,60.5912867,58.66568873,61.89028302,59.55542967,54.60211954,52.28231381,53.01210433,54.4582751,50.68737321,39.25787691,33.90592027,29.2915131,25.63696704,26.57555434,29.35470164,30.22161647,29.44876535,29.10162263,29.53848926,31.26097251,34.89010671,36.8384087,41.1493542,41.82286049,37.74564731,40.59756178,36.01945816,24.42683045,23.24958266,29.15412921,32.74742498,30.19176756,25.8426607,25.61215398,26.04247925,30.47883231,42.26023584,41.1780192,42.57210911,43.80231217,42.69336853,37.6051567,34.15043788,29.88947855,28.60271804,28.55986543,26.95900855,25.34003069,25.79257108,25.93937308,28.24612703,33.85012584,35.40910977,36.21778203,34.89614046,35.85265943,34.40830969,36.1282155,33.65913481,31.84761813,32.06093764,32.07367837,36.74489594,35.07338926,32.58349461,30.6884451,22.14180775,28.50365604,31.37607011,40.82883425,35.68134862,23.01297947,24.26736573,26.25973746,29.6242418,29.44829093,30.34596117,29.20241437,27.61339949,25.0558667,21.15214839,22.53556433,26.75083335,27.99942058,29.26580694,27.55297023,26.64092207,26.21593611,25.97712703,22.27414033,20.4197183,19.745184,18.40431294,18.3889484,14.77937228,14.70420061,14.78871955,13.13082849,10.75680858,9.18746417,10.59414365,8.640935628,7.960466411,7.031923529,8.132936516,7.385200989,7.632908558,9.929837345,10.64343841,16.25998587,20.91377566,23.64509533,24.98699861,25.45013657,23.50871348,19.32377816,18.33176027,18.31926173,19.59139885,21.64925224,30.68723596,32.51322949,20.8148204,15.37572694,12.37772556,11.6857879,11.78114625,11.85451926,14.81735832,16.25059522,17.17954507,22.60920919,29.56351714,31.70627638
2006-04-30 00:00:00-10:00,98.80621512,81.00952837,86.9770547,88.32762647,83.17823808,77.55372246,73.32163622,70.57630997,70.10873576,70.28982672,64.53538417,61.50789725,65.37063238,72.59880151,82.26027135,92.22035015,97.11029883,87.89873099,73.38145748,72.55304624,62.13993333,55.27670274,48.95262316,41.211939,41.21125604,41.30764841,42.40467169,41.45700235,41.53494534,39.49535258,46.5550619,51.20892384,57.05558109,61.49178287,72.53820065,96.35532018,65.46048322,55.3406138,54.89523101,56.45762578,57.39211102,58.27830283,58.54929149,56.98313155,57.35495708,67.56918259,74.91424048,86.93806189,95.26936498,87.49552597,84.03576089,81.94122725,79.25453718,62.78301033,58.16305313,55.97335753,55.8900499,56.05359112,54.36373812,49.2253966,47.15233668,42.85160884,42.35683715,39.93206974,40.94461386,41.45649545,37.24363127,32.68563363,30.05694537,32.00043919,32.38245528,30.92455155,34.72296131,32.05223014,28.32249898,35.84191518,37.94076924,36.76836652,36.71654956,32.13897885,33.32370147,37.126363,41.75168921,43.45469654,47.23351689,50.98277876,49.71884309,58.7804493,53.40392305,50.75483601,46.30379089,46.41095703,48.29661045,50.47081438,52.77509995,52.79771038,59.5904386,55.36484543,46.7433916,42.65792577,40.40413043,36.32882712,42.13887991,46.59551403,46.17231692,44.52156281,45.38259581,44.95404754,49.89395822,53.24089736,91.44830181,69.95538395,60.66957024,58.72201049,61.94108564,59.60770077,54.82104906,52.49976155,53.24288117,54.6892178,50.92576341,39.42350665,34.08721958,29.50286775,25.77500824,26.73314854,29.55660328,30.4015556,29.56369339,29.26433704,29.78522827,31.49794758,35.09641982,37.09966874,41.47231901,42.12852119,38.09072519,40.85840249,36.57571194,25.02009202,23.86253364,29.68311144,33.24048728,30.65028006,26.09512469,25.8680725,26.25418666,30.72650059,42.60770875,41.40763497,42.80422831,44.02656561,43.03189187,37.74593917,34.26629888,30.02557298,28.74566214,28.68823048,27.11753083,25.48011358,25.91650518,26.08172392,28.40943963,33.98959346,35.59881227,36.38484823,35.04074542,35.98682118,34.55154356,36.32300892,33.79080414,31.9387726,32.1811443,32.14120074,36.85283991,35.27409885,32.6546778,30.73774657,22.1553792,28.50886289,31.39275154,41.07253511,35.91350266,23.32009295,24.59667518,26.70568253,29.98060687,29.78076804,30.68393551,29.64945232,28.09682691,25.48370236,21.60835079,22.96419754,27.1183548,28.28310885,29.48198458,27.7386799,26.87469049,26.46037067,26.21025493,22.4010704,20.54725341,19.86895379,18.51369048,18.57921367,14.916088,14.79060005,14.88775966,13.2238159,10.90091286,9.307260513,10.63199617,8.670215159,7.980160649,6.99767933,8.111497001,7.369948432,7.644698395,9.920387985,10.70299481,16.26910393,20.93067003,23.88726025,25.12559516,25.54011328,23.63363372,19.4183744,18.45214026,18.47360191,19.79525269,21.57749446,30.54649272,32.15044053,20.55196344,15.44778212,12.51466958,11.9585282,11.90127023,12.29893971,15.24848186,16.59166478,17.32841739,22.75570063,29.64229863,31.80068886
2006-05-31 00:00:00-10:00,99.30278033,81.62128965,87.56284566,88.90193733,83.45766466,77.69850301,73.42561095,70.67333987,70.19538425,70.38058999,64.62878905,61.67173119,65.86246448,73.03922075,82.51045812,92.56043606,97.431667,88.64743645,74.18883339,73.14936526,62.5331225,55.54718774,49.22272099,41.46976811,41.44993121,41.55273291,42.70568741,41.85294453,42.09009142,40.09470936,47.16190936,51.84047871,57.54850796,61.95234598,72.68281321,96.98716601,65.96201689,55.84140986,55.3150965,56.5654369,57.48386059,58.38739279,58.70745101,57.51154552,57.51191315,67.62710632,75.00908459,87.07290809,95.1597497,87.41430947,83.94603127,81.86576874,79.19481075,62.88499631,58.1519696,55.97338534,55.92430523,56.21337656,54.31211633,49.6664315,47.50263035,43.26584606,42.46700557,40.07903756,41.12845715,41.74562815,36.82103478,32.84315761,29.85626051,31.92288288,32.37046046,31.38759355,35.13517076,32.58179876,28.87880298,35.96147622,37.99757683,36.82407711,36.62751669,31.89151875,33.16282513,36.89248464,41.5141991,43.33808436,47.15301247,50.97214246,50.22483852,59.51882275,53.87437738,51.23706931,46.7198365,46.91026637,48.50996344,50.42044309,52.71424796,52.55590012,59.42151414,55.21168191,46.53217809,42.48772024,40.23500614,36.00154629,42.17664999,46.64803765,46.48127109,44.82497296,45.66228681,45.06439894,49.83002698,53.14899136,91.33470331,69.98019825,60.73947046,58.76538593,61.97925031,59.65918756,55.04214761,52.71272167,53.47103832,54.91318969,51.15404333,39.58186399,34.25327422,29.6989183,25.90488079,26.88664175,29.75277581,30.57801713,29.68065284,29.42472285,30.02445061,31.73997473,35.29217628,37.3567841,41.78955307,42.40967138,38.4202086,41.1172684,37.16347125,25.63665224,24.47110747,30.20622277,33.72214322,31.09255676,26.35215219,26.12721742,26.4588128,30.96419874,42.93848059,41.63831927,43.02866831,44.26251745,43.38444881,37.90174536,34.39211347,30.17603889,28.89526939,28.81882198,27.27320576,25.61502363,26.04458401,26.23088724,28.5779253,34.12976092,35.79716134,36.55816186,35.19258355,36.13266526,34.70361298,36.53949237,33.92989125,32.03180029,32.31432052,32.21677224,36.97455935,35.47408836,32.74410557,30.80711953,22.18623938,28.52451427,31.42574561,41.29308893,36.13867333,23.61190765,24.92258844,27.15802552,30.30039364,30.0948792,31.00256361,30.07986018,28.56920714,25.9120999,22.02956809,23.3675885,27.47500009,28.55613009,29.68267081,27.92373622,27.10914949,26.70485816,26.44539093,22.54448575,20.68404841,20.00101974,18.62801536,18.77198731,15.05336813,14.87030882,14.98251562,13.3157504,11.04835585,9.435758079,10.66953445,8.697751129,7.998436889,6.961831197,8.095919933,7.36521903,7.674479844,9.910562341,10.76524944,16.27756367,20.95872042,24.15044917,25.28325142,25.64220589,23.78193029,19.51710835,18.57535158,18.62465947,19.99856217,21.52230458,30.42731071,31.80439429,20.29862233,15.48924237,12.64411632,12.20255328,12.00378143,12.6940486,15.65045454,16.89952371,17.48390002,22.90454131,29.72999179,31.90578569
2006-06-30 00:00:00-10:00,99.73009689,82.26432914,88.17672287,89.48799567,83.75768038,77.86572579,73.55049206,70.77343225,70.27682734,70.46082216,64.71072924,61.81420295,66.33550044,73.47926516,82.74717447,92.88024582,97.7371967,89.38399222,75.03070761,73.77479755,62.94675162,55.83864415,49.51777761,41.74564622,41.71160337,41.81546444,43.02549053,42.27230309,42.6767867,40.69768264,47.76985858,52.49441621,58.07903089,62.45759332,72.86334309,97.71963993,66.5504686,56.43197743,55.80819775,56.74757447,57.6488024,58.57706322,58.94803677,58.09208682,57.70592018,67.72599598,75.14883655,87.23457969,95.051396,87.36712492,83.89259063,81.80208635,79.14416952,63.03923468,58.1787904,56.01464972,55.98931914,56.38399138,54.24757642,50.10034487,47.83384611,43.67134636,42.57467968,40.25150983,41.3521684,42.08179142,36.46432674,33.06631905,29.73758541,31.8644325,32.38796479,31.86531464,35.58649733,33.13646135,29.46088687,36.09034681,38.04262465,36.86748689,36.52543987,31.64004693,32.9898599,36.63653046,41.29028958,43.22956862,47.07758332,50.95512383,50.73345521,60.24418382,54.32490027,51.70542619,47.12189964,47.39041875,48.70196812,50.36741505,52.64328111,52.31662902,59.23021185,55.035188,46.29851235,42.29746401,40.05283853,35.67909582,42.22269674,46.71515826,46.81113174,45.14034039,45.95884435,45.18380907,49.75282459,53.0400507,91.21027166,69.99898267,60.79444485,58.79055608,62.00028753,59.70709217,55.25874216,52.91574043,53.69155694,55.12684632,51.3709986,39.73349079,34.40358082,29.87465384,26.01922618,27.02551279,29.93223096,30.74147752,29.79320936,29.57898569,30.25653234,31.98655848,35.47679799,37.60754692,42.10077454,42.66983402,38.73190574,41.36528845,37.76763394,26.27483757,25.06617579,30.71543955,34.18541843,31.51422746,26.60543002,26.38198982,26.65012055,31.18807004,43.25210129,41.86884767,43.23713653,44.50344224,43.74000957,38.07153819,34.52296919,30.33762305,29.04839727,28.9488208,27.42082867,25.73824341,26.16966773,26.38085196,28.74865778,34.26968888,36.000719,36.73031955,35.34559807,36.28571604,34.86343122,36.77651626,34.07509707,32.1260518,32.45690356,32.29743857,37.10667191,35.66768891,32.84986334,30.89397672,22.22892621,28.54810359,31.47491484,41.49532903,36.36624287,23.8961905,25.24659738,27.61617524,30.58390712,30.38781678,31.29850582,30.48792481,29.02069605,26.33230373,22.41286874,23.74145645,27.81190002,28.81421445,29.86490715,28.10609417,27.34271303,26.94929757,26.67911017,22.70209713,20.82859326,20.14122802,18.74412516,18.95997195,15.18247245,14.93529012,15.06615007,13.40086333,11.19401365,9.566799774,10.70626314,8.723795401,8.012638972,6.925026042,8.084996331,7.369871573,7.722569688,9.900451098,10.83128391,16.28760506,21.00316676,24.43385507,25.46112414,25.75851572,23.9531179,19.62052095,18.70136816,18.77357718,20.20283169,21.49737451,30.34458088,31.49660998,20.06757259,15.50687227,12.77252916,12.42084015,12.09446788,13.04307072,16.02418201,17.17544226,17.64578686,23.05290294,29.8287278,32.02282552
2006-07-31 00:00:00-10:00,100.0804419,82.92858654,88.81328644,90.08108308,84.07237368,78.04897689,73.69160475,70.87748635,70.35541147,70.53298599,64.7833166,61.92782396,66.78540531,73.9091107,82.96745968,93.17335056,98.02002239,90.09811298,75.90013101,74.42885886,63.38536091,56.155256,49.84147083,42.04726536,42.00661655,42.10583615,43.3710016,42.72086659,43.2956245,41.30636962,48.38005383,53.16839091,58.63265638,62.98818386,73.0666131,98.52400037,67.20262819,57.08979056,56.35242562,56.9951455,57.87914236,58.83536075,59.25536567,58.70526081,57.93398477,67.86192999,75.32848269,87.39991306,94.93866311,87.35259075,83.87057678,81.74958375,79.10202456,63.23345847,58.23461532,56.0892522,56.07449079,56.55448646,54.16953508,50.51172841,48.13311657,44.05258376,42.67502213,40.4455249,41.61200319,42.45598156,36.19151921,33.35434787,29.70442175,31.83267882,32.43992549,32.34798929,36.06789212,33.70047419,30.05401253,36.22487199,38.07245329,36.8953018,36.41098266,31.39591217,32.81215747,36.36988856,41.08068446,43.12509737,47.00357085,50.93115392,51.23273315,60.94470434,54.75199476,52.15287583,47.5016278,47.83671591,48.86367999,50.30467392,52.55498573,52.07984906,59.01787807,54.83194409,46.04349488,42.07837771,39.84889563,35.35849133,42.26161336,46.78151532,47.14008293,45.44880726,46.2542558,45.30018358,49.65704535,52.90923173,91.07520596,70.00592692,60.82756414,58.79117591,61.99870588,59.74668861,55.46282234,53.1027428,53.89864187,55.32563073,51.57366865,39.87724597,34.53640478,30.02393217,26.11289872,27.14163163,30.08676846,30.88379086,29.894162,29.72286098,30.47907534,32.23342572,35.6467135,37.84620425,42.40142498,42.90962894,39.02157886,41.59295354,38.37332744,26.93093395,25.6378807,31.20286014,34.62285489,31.90992464,26.8457097,26.62372308,26.82064265,31.39375374,43.54706007,42.0957808,43.42046671,44.74080161,44.08616132,38.25234929,34.65348656,30.50614235,29.20235288,29.07616337,27.55648788,25.84546281,26.28702231,26.52670191,28.91824178,34.40819716,36.20587859,36.89171322,35.492889,36.44131245,35.03075554,37.03272467,34.22381346,32.21769146,32.60164786,32.37702709,37.24363889,35.85036064,32.9691576,30.99358582,22.27854756,28.57783796,31.53980786,41.6873513,36.60689176,24.18316041,25.57153551,28.07955944,30.83455011,30.65894597,31.57025093,30.86906003,29.44283915,26.73553699,22.7563981,24.08185604,28.12115048,29.0530698,30.02547011,28.28241136,27.57246122,27.19204543,26.9075699,22.87010961,20.97849659,20.28830196,18.85977671,19.13993128,15.29980119,14.98391731,15.13689351,13.47848573,11.33701885,9.695912335,10.74239639,8.75024608,8.021811055,6.88919874,8.077223475,7.382069763,7.787516215,9.889476329,10.90203688,16.30144619,21.06845963,24.73656651,25.66010848,25.89080265,24.14621575,19.73013531,18.83020761,18.92137237,20.40960969,21.51353823,30.31033621,31.2450096,19.86825855,15.50889443,12.90505188,12.61696068,12.17803782,13.35171797,16.37041527,17.42196554,17.81286967,23.20094682,29.93892536,32.15146404
2006-08-31 00:00:00-10:00,100.342076,83.60192885,89.46387384,90.67426243,84.39372715,78.23970609,73.84207395,70.9825384,70.4296791,70.59492113,64.84395528,62.00661895,67.20841865,74.32142333,83.16845843,93.43409556,98.27310418,90.78399432,76.78945655,75.10808375,63.8497309,56.49738769,50.19429257,42.38020994,42.34198678,42.43086166,43.74871997,43.20226204,43.9442854,41.91569994,48.98763138,53.85382443,59.19503999,63.52497614,73.28070366,99.36917332,67.89356944,57.78907283,56.92400276,57.29689829,58.16439524,59.14758199,59.61108262,59.32993232,58.19050435,68.03153617,75.54223471,87.54633374,94.81698989,87.36970414,83.87919169,81.70981975,79.06911713,63.45958437,58.31461633,56.19096789,56.17194096,56.71880778,54.08304952,50.89040042,48.39491778,44.40039998,42.76734513,40.65974876,41.90604118,42.85845994,36.01729541,33.7030401,29.75926844,31.83379377,32.52958894,32.8256555,36.56794573,34.25996887,30.64481579,36.36411271,38.08640246,36.90905955,36.28934185,31.17091435,32.63706772,36.10404191,40.88423905,43.02393204,46.930006,50.90125441,51.71319635,61.60829567,55.15099652,52.57187304,47.85269255,48.23726396,48.98775711,50.22520496,52.44194659,51.84451542,58.78745696,54.60004603,45.76913484,41.823845,39.61626791,35.03641505,42.2775543,46.83116923,47.44384802,45.73276589,46.53219829,45.40339731,49.53831567,52.75346305,90.9295686,69.99512421,60.83272905,58.76167688,61.96949819,59.77267183,55.64691101,53.26850504,54.08703829,55.50490634,51.7579335,40.01057842,34.64913136,30.14060304,26.18307358,27.22838122,30.20954471,30.99793786,29.97673757,29.85240445,30.68709363,32.4729576,35.79670666,38.06497067,42.68425062,43.12809074,39.28413208,41.79094362,38.96443114,27.59504542,26.1750496,31.65939211,35.02671994,32.27375168,27.06466208,26.84342008,26.96210615,31.57620355,43.82172012,42.31420641,43.56941309,44.96482047,44.41038972,38.44004592,34.77881718,30.67740955,29.35557657,29.20006026,27.67832349,25.93543146,26.39515134,26.66598214,29.08477467,34.54529467,36.41042596,37.0324762,35.62665245,36.59571848,35.20352426,37.30429043,34.36924241,32.29988048,32.73913505,32.44768205,37.37783268,36.01836027,33.09863306,31.10160711,22.33247477,28.61401922,31.62081719,41.87974746,36.87138549,24.48423552,25.90132426,28.54667269,31.05612213,30.907656,31.81711654,31.22017903,29.82947225,27.11397028,23.05867785,24.38486949,28.39599208,29.26937733,30.16092863,28.44753119,27.79328032,27.42914088,27.12567113,23.04255178,21.12980057,20.43923371,18.97344696,19.30989689,15.40410398,15.01750531,15.19451126,13.54938137,11.47700762,9.818605554,10.77705358,8.77838604,8.02595687,6.856916853,8.071258859,7.400032728,7.86587593,9.876526033,10.97682962,16.31954086,21.15469498,25.05372103,25.87737051,26.03770634,24.35672645,19.84473619,18.95881798,19.06580185,20.61656571,21.57600494,30.3302186,31.05980957,19.70546063,15.50441864,13.0477281,12.79506413,12.25837617,13.62646669,16.68948436,17.64225361,17.98267296,23.35001877,30.05864595,32.28880061
2006-09-30 00:00:00-10:00,100.505,84.27405675,90.12000522,91.26115157,84.71503178,78.43006262,73.99483944,71.0824263,70.49459824,70.64046018,64.88566882,62.04518314,67.596989,74.71013602,83.34905039,93.65955176,98.49168475,91.4391311,77.69076098,75.80747471,64.33784522,56.8625393,50.57512173,42.74915367,42.72180621,42.79588652,44.16294763,43.71593233,44.61644749,42.51872969,49.58767164,54.54084773,59.75415622,64.0525922,73.49840077,100.2258124,68.60037885,58.50468563,57.50156344,57.64159257,58.49316902,59.49791005,59.99625254,59.94798767,58.46995814,68.23158317,75.78439702,87.65596331,94.68447391,87.41888226,83.92112438,81.68615345,79.04739774,63.71398084,58.41860538,56.31624852,56.27720917,56.87614581,53.99832844,51.23188352,48.62135839,44.71315906,42.85558967,40.8961015,42.23497583,43.28037169,35.94946509,34.10360728,29.90115039,31.87042396,32.65694461,33.28840628,37.07279596,34.80329503,31.22084264,36.51032691,38.08803186,36.91546347,36.17059003,30.97579768,32.47057051,35.84857868,40.6980968,42.92781745,46.85812869,50.86761739,52.1710443,62.22562559,55.51848398,52.95660461,48.1723192,48.58516548,49.0709076,50.12520892,52.29948562,51.60943061,58.54250615,54.33836794,45.47781127,41.52995296,39.35027982,34.71037584,42.25719463,46.85098954,47.70015127,45.97750593,46.7801806,45.48755488,49.39534077,52.5725307,90.77458116,69.96274191,60.8067708,58.69981817,61.91069745,59.78167175,55.80643523,53.4105159,54.25374274,55.66174448,51.92069361,40.13169899,34.74075503,30.22121687,26.22957468,27.28198207,30.29693962,31.08064908,30.03736634,29.96613009,30.87677579,32.69730095,35.92351734,38.2562281,42.94194603,43.32439418,39.51538799,41.95184714,39.52315708,28.2512252,26.66694859,32.07537224,35.39035035,32.60150342,27.25827273,27.03352567,27.06733372,31.73047271,44.07622238,42.51966848,43.67677518,45.16650544,44.70287723,38.63142379,34.89596082,30.84865852,29.50839774,29.32151228,27.78729374,26.01073406,26.49643892,26.79997441,29.24973614,34.68321357,36.61450328,37.14586129,35.74012803,36.74738729,35.37928332,37.58678153,34.50336798,32.36666362,32.86148677,32.50341246,37.50259963,36.16877131,33.23707781,31.21608269,22.39055726,28.65918891,31.71990726,42.08413075,37.16903962,24.81031442,26.24048023,29.01443334,31.25279332,31.13343214,32.0387676,31.53994932,30.17712546,27.46141667,23.31820352,24.64663757,28.63105726,29.46174427,30.26796253,28.59558616,27.99903002,27.65668896,27.3286246,23.21321016,21.2787663,20.5909973,19.0844948,19.46832451,15.49566368,15.03873364,15.23937589,13.61447924,11.61313328,9.931016456,10.80854879,8.808270478,8.025468593,6.830095434,8.065155496,7.421202671,7.951259602,9.859242017,11.05284992,16.34064267,21.25815387,25.37831432,26.10807124,26.19613626,24.57836056,19.96166574,19.08268368,19.20324406,20.81904182,21.68482325,30.40475497,30.94271125,19.58010607,15.50199259,13.20779368,12.96008513,12.33892595,13.87325925,16.98125364,17.83960005,18.15154509,23.5006312,30.18366903,32.42979224
2006-10-31 00:00:00-10:00,100.5661253,84.93776385,90.77575859,91.83926546,85.03381346,78.61584445,74.14503999,71.17176139,70.54525545,70.66311441,64.90116108,62.03925677,67.94081906,75.07173961,83.5105029,93.85002405,98.67498431,92.06075058,78.59344529,76.52020993,64.84615843,57.24723236,50.98243046,43.15806441,43.14767036,43.20236326,44.61386156,44.25690555,45.30254312,43.10931733,50.17784355,55.22289557,60.30125675,64.56175782,73.71877985,101.0688675,69.30426921,59.21478565,58.06858485,58.01886813,58.85407266,59.87107217,60.39364643,60.5462132,58.76659006,68.45745154,76.04960031,87.71856774,94.54250408,87.50268302,84.00148837,81.68395842,79.04124387,63.99780745,58.55215678,56.46581579,56.39066738,57.03129004,53.92906963,51.53762393,48.82195112,44.99754788,42.94884814,41.16049194,42.60305303,43.71618453,35.98673266,34.54300872,30.12326756,31.94067575,32.81822429,33.72779423,37.56756384,35.32222774,31.7718402,36.66907402,38.08464479,36.92368083,36.06641702,30.81924754,32.31642771,35.60958364,40.51866742,42.84021865,46.79156775,50.83416344,52.61104277,62.79218773,55.85371525,53.30438973,48.46200595,48.88121603,49.11641193,50.00702618,52.12878444,51.37426675,58.28674802,54.04638067,45.17211848,41.19626084,39.04925395,34.38007544,42.19200029,46.83296664,47.89226411,46.17087957,46.98899461,45.55068104,49.22987192,52.36921045,90.61397743,69.90871483,60.7511737,58.6085714,61.82555428,59.77433798,55.94182297,53.53069069,54.39961645,55.79673863,52.06233067,40.2421342,34.81452434,30.26789982,26.25608491,27.30419691,30.35154889,31.13525086,30.07702704,30.06514063,31.04790615,32.90126589,36.02852827,38.41438003,43.17009261,43.49975341,39.71433347,42.07280312,40.03201992,28.88028353,27.10498518,32.44170966,35.70921771,32.89211556,27.42815052,27.1898626,27.13305582,31.85358003,44.31400662,42.71091627,43.74004792,45.34012656,44.95927872,38.8263991,35.00504305,31.02018064,29.66365227,29.4436924,27.88756065,26.0778958,26.59729668,26.93433069,29.41846595,34.82628667,36.82092733,37.23150219,35.83078697,36.89816587,35.55830094,37.87797598,34.62144611,32.41607012,32.96516945,32.54309004,37.61529493,36.29966038,33.38596995,31.33706885,22.45421304,28.71716379,31.84085987,42.31140134,37.50652778,25.17010904,26.59333739,29.47802649,31.43025913,31.33718116,32.23559772,31.82902028,30.48495959,27.77381133,23.53402015,24.8648908,28.82353579,29.63144333,30.34505203,28.72248704,28.18545579,27.8738584,27.51467259,23.37881797,21.4242665,20.74167703,19.19368615,19.61545752,15.57692308,15.05187851,15.27349177,13.67553226,11.74488573,10.0315366,10.83636414,8.840617663,8.022010998,6.810181331,8.057145,7.443108998,8.036662512,9.83581475,11.1275197,16.36416646,21.37489149,25.70505505,26.34916535,26.36487596,24.80617944,20.08016195,19.19938911,19.3323749,21.01398149,21.83795145,30.53275619,30.89156143,19.49195311,15.50868116,13.39277353,13.1180025,12.42318197,14.09662563,17.2450222,18.01694641,18.31508773,23.65111747,30.30832891,32.5685373
2006-11-30 00:00:00-10:00,100.5297079,85.58720067,91.42651455,92.4099013,85.35126219,78.79645021,74.29065347,71.24747633,70.57930631,70.65810072,64.8861503,61.98859495,68.23421513,75.40685383,83.65768204,94.01093944,98.82854253,92.64741499,79.48650284,77.23899442,65.37033044,57.64801334,51.41476981,43.61035243,43.61913847,43.64928074,45.099707,44.81969984,45.99307283,43.68343463,50.75588069,55.89425741,60.82849084,65.04733565,73.94522483,101.877376,69.98980249,59.90079768,58.61275417,58.41742709,59.23486274,60.25341808,60.78943179,61.11495004,59.07227187,68.70192487,76.33307265,87.73293522,94.39520427,87.62554066,84.12628311,81.7105657,79.0584179,64.31774674,58.72727024,56.64600048,56.51955647,57.19583606,53.89061539,51.81501552,49.01189336,45.26700364,43.0603272,41.46144034,43.01641904,44.16444489,36.11967285,35.00571738,30.41221632,32.03873106,33.0066586,34.13770318,38.03916531,35.81139368,32.29049252,36.84737322,38.08557864,36.94380403,35.98866719,30.70819836,32.17688375,35.38989468,40.34340297,42.76654084,46.73733317,50.80764408,53.04767111,63.30842281,56.1590388,53.61632725,48.72747275,49.13588731,49.13554104,49.88053943,51.93887685,51.14074728,58.02577676,53.7267324,44.85709256,40.827915,38.71640461,34.04910304,42.07935024,46.77537462,48.01064361,46.30319915,47.15082134,45.592089,49.04527891,52.14950863,90.45380873,69.83715596,60.67235573,58.49608027,61.7221383,59.75526848,56.05788038,53.63451192,54.52874907,55.91350763,52.18644555,40.34696515,34.87726819,30.28978502,26.27048721,27.30284789,30.38202029,31.17094385,30.10025863,30.1522585,31.20283219,33.08234133,36.1168715,38.53719838,43.3685564,43.65802556,39.88393686,42.15678291,40.47738552,29.46274358,27.48344048,32.75204096,35.98215799,33.14674708,27.57926421,27.31347964,27.16255341,31.94688729,44.54075538,42.89219238,43.76397165,45.4849893,45.18000791,39.02704609,35.10839625,31.19513214,29.82603575,29.5711347,27.98497729,26.1456143,26.7063849,27.07753442,29.59874669,34.98063216,37.03581901,37.29529013,35.90114461,37.05252341,35.74355396,38.17816577,34.72356962,32.45080248,33.05189984,32.57084462,37.7181936,36.41068702,33.54937874,31.46670075,22.52677073,28.79362193,31.98915869,42.56971036,37.88742879,25.56911943,26.96297054,29.93130952,31.59373934,31.52077532,32.40985168,32.08989104,30.75385407,28.04941753,23.70764568,25.04170498,28.97522139,29.78197523,30.39503228,28.82797098,28.35267425,28.08234032,27.68519335,23.54008727,21.56789636,20.89142316,19.30349807,19.7536912,15.65217064,15.06200787,15.30019339,13.73489328,11.87219724,10.12121604,10.8619066,8.877849214,8.019309451,6.798842791,8.046533836,7.464499451,8.116866065,9.805960639,11.19926427,16.39066315,21.50196273,26.03152883,26.60015709,26.54452853,25.03760186,20.20199175,19.30998437,19.45560025,21.20233441,22.03396921,30.71455667,30.90401407,19.44103431,15.53082094,13.60865942,13.27591993,12.51531372,14.2994895,17.47920535,18.17623663,18.46906868,23.79794332,30.42703164,32.69935959
2006-12-31 00:00:00-10:00,100.4060152,86.21707299,92.06803515,92.97632692,85.67125387,78.97356647,74.43085127,71.30747239,70.59539265,70.62205871,64.83885872,61.89950386,68.47559,75.71890163,83.79813553,94.15193994,98.96314149,93.2002179,80.36075978,77.95641707,65.90541011,58.06289403,51.87226952,44.10904593,44.13452563,44.13483704,45.6179286,45.39864205,46.67845924,44.23722373,51.31740406,56.54711339,61.32731477,65.50589369,74.18278561,102.6347322,70.64478509,60.54784492,59.12612552,58.82364782,59.62116165,60.63187527,61.17171342,61.64447804,59.37627722,68.9556387,76.63193676,87.70774493,94.24929794,87.79104675,84.30045996,81.77455027,79.10864832,64.68485623,58.95955,56.86710267,56.67666206,57.38695342,53.90016923,52.07759977,49.20874432,45.5379908,43.20502929,41.80641099,43.47858468,44.62631267,36.33429599,35.4764965,30.7497333,32.1574879,33.21461507,34.51541288,38.47846586,36.26599447,32.77122615,37.04917561,38.09902309,36.98629927,35.9481679,30.65089414,32.05703663,35.19444742,40.17313019,42.71490307,46.70460772,50.79597829,53.50083572,63.7766552,56.43851032,53.8962483,48.9771536,49.36477529,49.14318312,49.75926079,51.74391659,50.91254884,57.76509112,53.38484449,44.54018921,40.43530107,38.35982043,33.72467111,41.92082463,46.68057671,48.05014661,46.37139881,47.2628572,45.61402507,48.84865245,51.92241751,90.30134437,69.7550743,60.57976571,58.37269438,61.61005676,59.73085522,56.16062047,53.72814112,54.64598211,56.01647401,52.29759251,40.45225891,34.93615298,30.29730336,26.28035683,27.28786752,30.39921783,31.19855073,30.11409089,30.23068878,31.34354743,33.23903662,36.19371381,38.62525193,43.5386084,43.80252901,40.02833546,42.2084758,40.85045881,29.98133798,27.80076445,33.00494228,36.21201235,33.36795901,27.71799803,27.41011497,27.16345984,32.0160649,44.76252092,43.07278957,43.75902673,45.60379785,45.36754151,39.23503273,35.20799413,31.37702493,30.00004405,29.70755885,28.08404822,26.22137577,26.83130737,27.23736411,29.79679955,35.15096554,37.26498897,37.34543988,35.95598511,37.21484243,35.93791324,38.48734245,34.81184434,32.47591198,33.12576831,32.59290059,37.81628023,36.50386024,33.73128523,31.60699173,22.61162922,28.89495948,32.16952759,42.86133073,38.31091954,26.00815621,27.34883106,30.36719531,31.74579562,31.6851992,32.56525304,32.32592954,30.9856043,28.28854537,23.84264679,25.18201253,29.09048606,29.91707593,30.4224615,28.91450259,28.5047714,28.28537396,27.84326405,23.70035802,21.7129545,21.0426609,19.41805465,19.88750107,15.72692454,15.07341668,15.32252496,13.79480395,11.995245,10.20339792,10.88850247,8.924596637,8.023604041,6.79831966,8.033771497,7.485317297,8.1892453,9.770523392,11.26691055,16.42088322,21.63642607,26.3561945,26.86059949,26.73430737,25.27033197,20.32872623,19.41610671,19.57573902,21.38588645,22.27097728,30.95088512,30.97699677,19.42662984,15.57222518,13.85734648,13.43933482,12.6175485,14.48311143,17.68084997,18.31780708,18.61016243,23.93802106,30.53439125,32.81796464
2007-01-31 00:00:00-10:00,100.2050912,86.82007348,92.69474216,93.54173076,85.99965559,79.15171927,74.56671481,71.35275739,70.59536439,70.55533555,64.76167539,61.77981516,68.66514541,76.01090652,83.93922932,94.28223159,99.08936688,93.71937771,81.20545411,78.66237173,66.44431414,58.49007949,52.35468703,44.65391166,44.68781256,44.65309358,46.16109141,45.98324047,47.34619859,44.76362463,51.85338998,57.1693523,61.78694564,65.93311422,74.43341348,103.3286543,71.25976033,61.14524689,59.60402351,59.22090793,59.99579116,60.99255368,61.52818957,62.12472755,59.66638526,69.20749464,76.94481872,87.65761077,94.11194672,88.00026674,84.52665854,81.88313849,79.20028862,65.11154434,59.26369469,57.1386571,56.87468711,57.62053183,53.97009817,52.34414122,49.42799577,45.82509643,43.39544859,42.19729132,43.98641218,45.10214613,36.61668561,35.94393963,31.11667309,32.29164874,33.43564129,34.86220396,38.88053703,36.68036439,33.20789767,37.26963288,38.12587645,37.05460485,35.95001593,30.65593378,31.96538313,35.03112459,40.01287947,42.690308,46.69814089,50.80526117,53.98803179,64.19660358,56.69340049,54.14576378,49.21727019,49.58058183,49.15145133,49.65350672,51.55611196,50.6924322,57.50799196,53.02714473,44.22909081,40.02957392,37.98927289,33.41425126,41.72648147,46.55621126,48.01137409,46.37841658,47.32719738,45.6182782,48.64617375,51.69511234,90.16069465,69.66694997,60.47983629,58.2460277,61.49580751,59.70609684,56.25424398,53.81554515,54.75441934,56.10912238,52.39974907,40.56259789,34.99593176,30.29772442,26.28986291,27.26597163,30.41031201,31.22442588,30.12295436,30.30202648,31.46991683,33.36959983,36.26215225,38.68018754,43.68043003,43.93362656,40.14951504,42.229772,41.14640426,30.42204758,28.05767656,33.20102607,36.4026051,33.55583818,27.84956971,27.48651044,27.14444838,32.06721217,44.98412493,43.25992278,43.73623085,45.69814871,45.52458147,39.44821758,35.30406539,31.56696295,30.18715083,29.85309958,28.1852222,26.30795778,26.97513485,27.41673895,30.01434363,35.3385664,37.51013293,37.38829802,35.99826035,37.38613653,36.14106851,38.80176563,34.88646502,32.49511592,33.1892518,32.61335247,37.91222056,36.58057729,33.93275196,31.75775902,22.70978311,29.02592838,32.38344612,43.18225898,38.7704683,26.48215837,27.74702776,30.7769272,31.88456271,31.82931486,32.70448411,32.53878159,31.18111391,28.4915019,23.94137234,25.28930254,29.17221638,30.03688191,30.42907361,28.98373959,28.64485913,28.48471085,27.9903275,23.86243382,21.86247038,21.19826991,19.54113715,20.02090278,15.80545906,15.08838076,15.34234105,13.8576363,12.11542641,10.28185438,10.92020628,8.986272761,8.042453831,6.810848503,8.021375707,7.507688687,8.254304487,9.731448344,11.32983961,16.45537418,21.77444022,26.67742728,27.128956,26.93167128,25.50077385,20.45961042,19.51731193,19.69322557,21.56445251,22.54304388,31.23855872,31.10497151,19.44455202,15.63180093,14.13565952,13.60984432,12.72801662,14.64693011,17.84532102,18.43975008,18.73463864,24.06743873,30.62302319,32.9200982
2007-02-28 00:00:00-10:00,99.9335952,87.38561795,93.29784984,94.10636706,86.34179743,79.3367066,74.69865048,71.38522104,70.58117384,70.45930384,64.6570612,61.63906869,68.80003086,76.28512871,84.0843404,94.4064389,99.21322877,94.1999644,82.00499603,79.34245757,66.97610138,58.92488392,52.85766373,45.23785451,45.26769979,45.1924449,46.71615551,46.55835656,47.98133895,45.25245895,52.35050775,57.74569942,62.19464458,66.32138328,74.69050046,103.9480091,71.82319259,61.6809393,60.03866785,59.58992988,60.33917627,61.32007968,61.8450787,62.5452969,59.92903876,69.44442072,77.27143665,87.60003058,93.98983133,88.25060859,84.80424749,82.04076699,79.33852046,65.60938004,59.65147207,57.46739639,57.12345339,57.90863264,54.10705304,52.63360098,49.68145853,46.13994672,43.64005067,42.63259739,44.5337319,45.59067057,36.9561647,36.40308678,31.49680005,32.4387997,33.6649167,35.18184952,39.24298735,37.04903862,33.59462418,37.49597362,38.15913895,37.14378633,35.99155813,30.72598215,31.9080739,34.90442181,39.86687963,42.69225104,46.7176567,50.836379,54.51695029,64.56261753,56.91929092,54.36115751,49.44726818,49.78717538,49.16481851,49.5657459,51.38056075,50.47970377,57.25407207,52.6584789,43.92862275,39.61931181,37.61245089,33.12217382,41.51052386,46.41094585,47.89901379,46.33051027,47.34916955,45.60511229,48.4409927,51.47017496,90.0305669,69.57291668,60.37394725,58.11780979,61.37941258,59.68031287,56.33766245,53.89544295,54.85320495,56.19208302,52.4942949,40.67919694,35.05837662,30.29601305,26.30178595,27.24178856,30.41981547,31.25091503,30.12816662,30.3664807,31.57992918,33.47122343,36.32211684,38.70316579,43.79158382,44.0466208,40.24444503,42.21822404,41.36422953,30.77528974,28.25582226,33.34167897,36.5555727,33.70511836,27.97420286,27.54577944,27.11145851,32.10360018,45.20788265,43.45496505,43.705707,45.76651779,45.65218038,39.66094894,35.39603419,31.76323175,30.38460767,30.00386521,28.28527237,26.40334116,27.1358238,27.61299489,30.24761204,35.54043254,37.76758262,37.42613428,36.02672742,37.56293937,36.34824431,39.11300953,34.94379735,32.50828362,33.24144541,32.63205055,38.00459775,36.64098659,34.15027806,31.91514524,22.81848401,29.18671645,32.626875,43.52315353,39.25464034,26.98066161,28.15169141,31.14948142,32.0037524,31.94907155,32.82663938,32.72861516,31.34134517,28.65898746,24.00542623,25.3657189,29.22236445,30.13965822,30.41505158,29.03598923,28.77336939,28.67924171,28.12367299,24.02484121,22.01558935,21.35787429,19.67299286,20.1544458,15.88835853,15.10588985,15.35896117,13.92296209,12.2321395,10.35709278,10.95914624,9.065141905,8.080071739,6.838389396,8.011919105,7.533902523,8.313486648,9.690207973,11.38526706,16.49140874,21.90829125,26.98945173,27.39921126,27.13010453,25.72265653,20.59049708,19.6101341,19.80559564,21.73496679,22.84070845,31.57027079,31.27894827,19.48732454,15.70512043,14.43732215,13.784897,12.84133439,14.78851181,17.96706078,18.53747291,18.83715763,24.18141461,30.68473288,33.00234097
2007-03-31 00:00:00-10:00,99.59396457,87.89967793,93.86430018,94.66513833,86.6985651,79.53178164,74.82477812,71.4057129,70.55390001,70.3355879,64.52666161,61.48676083,68.87409398,76.540773,84.23210016,94.52450408,99.33643803,94.63213384,82.74097472,79.97878043,67.48577963,59.35800184,53.37155936,45.84674301,45.8596335,45.73739279,47.26637999,47.1061645,48.56771607,45.69132468,52.792559,58.25957718,62.53753573,66.66046014,74.93862078,104.4817552,72.32079552,62.14042047,60.41782016,59.90999426,60.6307748,61.59812314,62.10754636,62.89562345,60.14937887,69.65165449,77.6121824,87.553555,93.88920905,88.53590645,85.12897023,82.24834464,79.52453204,66.18741543,60.13093652,57.85679863,57.42907082,58.25922158,54.314403,52.95963435,49.97788077,46.49297122,43.94505815,43.1116973,45.11634242,46.0906683,37.34646825,36.85608554,31.8796354,32.59974637,33.89944432,35.47954135,39.56533918,37.36775984,33.92686333,37.71135947,38.18677081,37.24300376,36.06342958,30.85663405,31.88654097,34.813295,39.73667137,42.71422249,46.7575333,50.88381965,55.08292409,64.86253885,57.10491228,54.5324569,49.65814046,49.97791536,49.1778434,49.4884363,51.21296179,50.268745,56.99880923,52.28045963,43.63899952,39.21028814,37.23460404,32.8492691,41.28456249,46.25052972,47.71992104,46.2353471,47.33593014,45.5744549,48.23354851,51.24746597,89.90650846,69.46969864,60.25878739,57.98471611,61.25657034,59.64709272,56.40393517,53.96069164,54.93695965,56.26249141,52.57909515,40.7994703,35.12251716,30.29569598,26.31822284,27.2204319,30.43216269,31.27890892,30.12856169,30.42436708,31.6718483,33.54092999,36.37141304,38.69603214,43.86905344,44.13446472,40.30835915,42.17150025,41.50858747,31.03971815,28.39744309,33.42841545,36.66976785,33.80731047,28.08827274,27.58785588,27.06720796,32.12477215,45.43360374,43.65439477,43.6754534,45.80760431,45.74944508,39.86681629,35.48105177,31.95993562,30.58535472,30.15224652,28.3774487,26.50113436,27.30654981,27.81881262,30.48880207,35.75005268,38.02856284,37.45628949,36.03645805,37.73766542,36.55082898,39.40929713,34.97825678,32.51181809,33.27852674,32.64522602,38.08828248,36.68419973,34.37637965,32.07215094,22.93194846,29.37233392,32.89162416,43.87179059,39.75046922,27.4894288,28.55490945,31.47240015,32.09558717,32.0386767,32.92967717,32.89481525,31.46822818,28.79292449,24.03595046,25.41198769,29.24124607,30.22146872,30.37761751,29.06912574,28.88715662,28.86443679,28.23816027,24.18420383,22.16937644,21.51922497,19.81189309,20.28619347,15.97320085,15.12242367,15.36989451,13.98743099,12.34277243,10.42708777,11.00482379,9.160220258,8.137232571,6.881984823,8.007697808,7.565829534,8.369086891,9.648374301,11.43010396,16.52434784,22.02808715,27.2820697,27.66096204,27.31935369,25.92724727,20.71415529,19.68861815,19.90733423,21.89134983,23.15310031,31.93699007,31.48704946,19.54571353,15.78825453,14.75664301,13.95886022,12.95025005,14.9042522,18.04073152,18.60470009,18.91145159,24.27443541,30.71176289,33.06124866
2007-04-30 00:00:00-10:00,99.18519747,88.3456442,94.37729792,95.20693231,87.06340887,79.73499235,74.9416635,71.41472845,70.5153086,70.18811901,64.37428245,61.32762382,68.88205822,76.77237013,84.37617154,94.63220796,99.45575718,95.00384252,83.39528602,80.552031,67.95552032,59.77574093,53.8833645,46.46210683,46.44836722,46.2712001,47.79400042,47.60874401,49.08961086,46.06699519,53.16266168,58.69531842,62.80475789,66.93941817,75.15672999,104.919021,72.73682879,62.50803811,60.72619266,60.16068225,60.85113824,61.81091535,62.3012651,63.16568113,60.31226719,69.81409362,77.96750458,87.53676256,93.81625307,88.84763463,85.49366954,82.50330356,79.75548286,66.85034041,60.70554117,58.30687171,57.79392581,58.67553285,54.59371359,53.3340987,50.32384054,46.89351523,44.31551224,43.63414359,45.73122778,46.6018028,37.78396623,37.30985484,32.26183499,32.77795045,34.13817153,35.76124569,39.84857586,37.63378185,34.20115772,37.89797868,38.19496947,37.33870373,36.15210725,31.03803683,31.89632695,34.75090634,39.62081152,42.7437552,46.80614313,50.93566086,55.67014204,65.07926083,57.23425096,54.64535528,49.83465183,50.13679872,49.17471317,49.40390831,51.03957477,50.04879685,56.73441428,51.891789,43.35623558,38.80595336,36.85922429,32.59399447,41.05395028,46.07684717,47.48190603,46.10097649,47.29473152,45.52561116,48.02203676,51.02534652,89.78261294,69.35194298,60.12758368,57.84035527,61.1210824,59.59745941,56.44179093,53.99971964,54.99671053,56.31436859,52.64832246,40.91643887,35.18318097,30.29674424,26.33867692,27.20573701,30.45016733,31.30767404,30.12164309,30.4764027,31.74544056,33.5781757,36.40807562,38.66186141,43.91196729,44.1921675,40.33930036,42.0912353,41.58985634,31.22275103,28.48465469,33.46191412,36.7422037,33.853585,28.18611753,27.61056893,27.0121029,32.12726917,45.65891457,43.8530589,43.65057646,45.8234993,45.81695169,40.0609052,35.55417172,32.14779134,30.7793775,30.28840457,28.45308325,26.59227747,27.47757832,28.02404212,30.72766436,35.95857109,38.28051828,37.47214969,36.02127682,37.90021709,36.73777481,39.67767609,34.98470824,32.50022859,33.29522236,32.64732485,38.1558278,36.70890642,34.60112315,32.22010788,23.04270005,29.57349581,33.16608105,44.21515174,40.24626388,27.99349245,28.94921061,31.73628652,32.15367648,32.09343224,33.01250033,33.03670865,31.56500257,28.89688409,24.03404343,25.42809494,29.22796804,30.27692277,30.31155412,29.07905408,28.98044667,29.03342824,28.32871608,24.33782489,22.3215526,21.68146083,19.95668338,20.41446685,16.05691615,15.13396731,15.37167487,14.04593324,12.44320876,10.48852226,11.05469546,9.268226915,8.212239493,6.941408882,8.010557284,7.604956667,8.423831667,9.60794961,11.46258026,16.54998818,22.12504001,27.54350481,27.90218538,27.48797519,26.10480764,20.82169942,19.74560115,19.99086465,22.02603865,23.46939249,32.32810143,31.71560642,19.61041628,15.87795375,15.08981247,14.1254274,13.0474982,14.99130375,18.06374659,18.6356047,18.95235523,24.34142865,30.69861331,33.09354903
2007-05-31 00:00:00-10:00,98.70512646,88.7075938,94.8188554,95.71615031,87.42399554,79.94137172,75.04590125,71.41402106,70.46902361,70.02414736,64.20829297,61.16181556,68.82705203,76.97212427,84.507884,94.72460371,99.5656354,95.30608047,83.95300874,81.04412331,68.36698693,60.16196249,54.37976277,47.06441018,47.01922884,46.77726207,48.28148385,48.04934257,49.53252685,46.36678988,53.44566905,59.04046749,62.98939428,67.14939097,75.32437957,105.2514875,73.05752887,62.77046886,60.94956319,60.32553424,60.98544633,61.94653254,62.41551076,63.34812198,60.40553554,69.9187773,78.33731964,87.56780534,93.77741066,89.17687905,85.88928701,82.79955825,80.02467553,67.59703643,61.37313227,58.81378929,58.2163608,59.15396702,54.94333804,53.76294503,50.72140183,47.34403624,44.75126316,44.19465029,46.3701981,47.12005316,38.26178302,37.77017343,32.64526455,32.97674765,34.38048996,36.03181053,40.09400798,37.8458083,34.41497538,38.03913895,38.17052896,37.4170976,36.24249109,31.25730111,31.92788136,34.70655673,39.51629199,42.76500684,46.84798615,50.97554708,56.25509742,65.1949755,57.29221922,54.68620097,49.9605216,50.24233663,49.13206205,49.28738257,50.8398774,49.80591479,56.45220038,51.48986345,43.07360693,38.40751786,36.4877526,32.3529436,40.81821995,45.88901063,47.19312039,45.93905572,47.23519773,45.4595372,47.80426458,50.80159283,89.65263298,69.21412246,59.97209071,57.677554,60.9661424,59.52299962,56.4376735,53.99859921,55.02124516,56.33942518,52.69293107,41.01918716,35.2310189,30.29465345,26.35867137,27.19763406,30.4730741,31.3341414,30.10403956,30.52105378,31.7992172,33.58417082,36.4291835,38.6028293,43.92043891,44.21875682,40.33798936,41.9817604,41.62345994,31.33905202,28.52054511,33.44366508,36.77116761,33.83861594,28.26311257,27.61176269,26.94633936,32.10662494,45.87952749,44.0477523,43.63465129,45.81884489,45.85876975,40.24178507,35.61170342,32.31705467,30.95598525,30.40266477,28.50443013,26.66780332,27.63895245,28.21821425,30.95361769,36.15627318,38.50963522,37.46611121,35.97674954,38.04036719,36.8978977,39.90639631,34.96015887,32.46804025,33.286389,32.63273295,38.19911078,36.71328849,34.81359807,32.35029767,23.1432212,29.77820395,33.43660867,44.53986873,40.72886062,28.47758039,29.32766382,31.93748642,32.1735381,32.11027814,33.07533285,33.15432198,31.63617127,28.97659909,24.00254554,25.41585316,29.18325299,30.30222086,30.21267508,29.06257164,29.04822213,29.17984826,28.39247242,24.4844823,22.47129065,21.84549288,20.10680961,20.53854608,16.13847461,15.13785432,15.35970119,14.09217787,12.52758709,10.53669261,11.10392946,9.38337569,8.301536937,7.015007285,8.021845985,7.652281337,8.480317934,9.571440031,11.48309293,16.56581579,22.19391011,27.76437867,28.11283738,27.62663797,26.24703288,20.90508528,19.77506714,20.04927206,22.13291423,23.78013445,32.73181296,31.95063036,19.67384576,15.97118464,15.43235213,14.27818643,13.12679137,15.0499302,18.03957406,18.62689125,18.95795028,24.37997512,30.64399644,33.09872541
2007-06-30 00:00:00-10:00,98.15462421,88.97505947,95.17471373,96.17679075,87.7688752,80.14799124,75.13772298,71.40935641,70.42209997,69.8544202,64.04033112,60.99124525,68.7204353,77.13280138,84.6184833,94.79502053,99.65707383,95.53335295,84.40338705,81.4402113,68.70369955,60.50058876,54.84790635,47.63391772,47.55664079,47.23801678,48.70995595,48.41086694,49.88264372,46.58041034,53.63121788,59.28861827,63.09089038,67.28817866,75.43137605,105.4805241,73.27927201,62.92496677,61.08349219,60.399376,61.02983563,62.00335216,62.44919265,63.44210083,60.42425243,69.95877681,78.72042333,87.66309176,93.77917019,89.51631775,86.30639116,83.1277012,80.32227299,68.42006136,62.12523,59.37025249,58.68982478,59.68362069,55.35577722,54.2432765,51.1649875,47.83827795,45.24479788,44.78207321,47.01737418,47.63414249,38.76555669,38.23611037,33.03051443,33.19383697,34.6220957,36.29084992,40.3010666,38.00340459,34.5670195,38.12191412,38.10263376,37.46579552,36.31920618,31.50167639,31.97234609,34.67101331,39.41914126,42.76509923,46.8694444,50.98804249,56.81216083,65.19883646,57.26978182,54.64710036,50.02505758,50.27387031,49.02538224,49.1140173,50.59263723,49.52778977,56.14627402,51.07393617,42.78465288,38.01602991,36.12171034,32.12317555,40.57445723,45.68512502,46.86297972,45.76340891,47.16824203,45.37948646,47.57892336,50.57432468,89.5111648,69.0522821,59.78523181,57.48984425,60.78266968,59.41493565,56.37785114,53.94323076,54.99852886,56.32810932,52.70187841,41.09469285,35.25450061,30.28169146,26.37088035,27.19234137,30.49637825,31.3530852,30.07180896,30.55549196,31.8317824,33.56152688,36.43325991,38.5225132,43.89708934,44.21533025,40.30636695,41.84772983,41.62693077,31.40766601,28.51298481,33.38127706,36.75789682,33.76257562,28.32003313,27.59407328,26.87402364,32.06220932,46.08967386,44.23957635,43.63368111,45.80297575,45.88429196,40.41380169,35.65332846,32.46008874,31.10591264,30.48781381,28.52713734,26.7211775,27.78283941,28.39306111,31.158384,36.33547054,38.70388888,37.43302087,35.90212697,38.14943028,37.02199723,40.08654149,34.90435708,32.41120279,33.24835533,32.59691868,38.2109559,36.69427217,35.0028759,32.45539955,23.22741573,29.9736047,33.69028945,44.83228449,41.18332208,28.92673887,29.68435717,32.07951157,32.15450629,32.09016859,33.11974109,33.24853554,31.68694073,29.03918135,23.94625454,25.37969394,29.11071668,30.29683509,30.07978147,29.01899042,29.08814934,29.29956746,28.42962054,24.62449536,22.61918403,22.01334873,20.26218397,20.6583101,16.21853737,15.13185914,15.32992762,14.1210198,12.59114169,10.56833757,11.14777059,9.499103277,8.401385944,7.100718637,8.043003015,7.708775555,8.540236314,9.540748366,11.4942292,16.57126875,22.23385004,27.94053223,28.28734873,27.73099441,26.35012343,20.96022721,19.77508346,20.07963386,22.20976651,24.07816944,33.13631729,32.17965658,19.73167913,16.06662119,15.78137601,14.4130706,13.18488178,15.0820621,17.97452975,18.57720531,18.92892315,24.39005056,30.55054214,33.0793657
2007-07-31 00:00:00-10:00,97.54140646,89.14587377,95.4382583,96.57632227,88.09118531,80.3554873,75.22171148,71.41008801,70.3842714,69.69147655,63.8827792,60.82089811,68.57767748,77.24805477,84.69986558,94.83587466,99.71916325,95.68187086,84.73909504,81.72905584,68.95188466,60.77640564,55.27349473,48.15107542,48.04329312,47.63492309,49.06086407,48.67772257,50.13040876,46.7037583,53.71762275,59.44250342,63.11705884,67.3615832,75.4793474,105.6172199,73.40906237,62.98013249,61.1341488,60.38894434,60.99214339,61.99071799,62.41196834,63.45558723,60.37322944,69.93651116,79.1149763,87.83427649,93.82635228,89.86080527,86.73750144,83.47631283,80.63720514,69.30621534,62.94781679,59.96685849,59.20322213,60.2476948,55.81694897,54.76300786,51.64126756,48.3626427,45.78145949,45.38112089,47.65254255,48.12878382,39.27696292,38.70113743,33.4161029,33.42181195,34.85574451,36.53336155,40.46767874,38.10563118,34.6572472,38.13970417,37.98604679,37.47726449,36.37042921,31.76077933,32.02420234,34.63890258,39.32633081,42.73809301,46.86360607,50.96545963,57.32229104,65.09027455,57.16624439,54.52759438,50.02487161,50.2196648,48.83636697,48.866031,50.28309952,49.20908088,55.81571911,50.64757999,42.48662863,37.63486699,35.76506739,31.90443628,40.32281639,45.46632792,46.50407788,45.58785504,47.10439908,45.29053819,47.34630861,50.34303443,89.35471918,68.86492226,59.56256056,57.27245673,60.56087087,59.26496643,56.24956182,53.8205098,54.91651217,56.27095724,52.66401938,41.12992299,35.24201794,30.24885607,26.3674563,27.18592285,30.51557222,31.36057607,30.02280192,30.57806233,31.84414347,33.51527424,36.4208973,38.42533659,43.84618558,44.18352306,40.24684518,41.69394226,41.61613537,31.44737193,28.47193765,33.28626166,36.70657483,33.6307732,28.36209815,27.56408532,26.80167892,31.99701086,46.28314972,44.43379338,43.65601965,45.78848948,45.90634051,40.58475933,35.68047329,32.57235245,31.22286875,30.5400429,28.52049491,26.74927179,27.90482388,28.54403718,31.33765297,36.49207961,38.85550503,37.37237707,35.8014327,38.22237162,37.10346002,40.21241102,34.81893002,32.32748551,33.18084215,32.53811576,38.1870605,36.64965496,35.15936925,32.53102906,23.29164057,30.14874533,33.91785745,45.08196697,41.59753883,29.33122398,30.01656232,32.17141421,32.1008268,32.03785171,33.1484579,33.32153312,31.72316838,29.0916714,23.87055969,25.32569687,29.0160759,30.26378445,29.91539196,28.95054726,29.10113794,29.39139845,28.44342081,24.75956962,22.766933,22.18741894,20.42359027,20.77462078,16.29916846,15.11445718,15.28115713,14.13026018,12.63268669,10.58399008,11.18382426,9.610617986,8.509360459,7.196780465,8.07612472,7.775883813,8.604438574,9.515481305,11.49827854,16.56788274,22.24815418,28.07366317,28.4254768,27.80209093,26.41547024,20.98764379,19.74767874,20.08312823,22.25825825,24.35825622,33.53075395,32.39332097,19.78278717,16.16481901,16.13567106,14.52884813,13.22172952,15.08949466,17.87602257,18.48752231,18.86749213,24.37304561,30.42391067,33.04054327
2007-08-31 00:00:00-10:00,96.88118013,89.22795706,95.61370163,96.90945695,88.38963908,80.56785575,75.30575196,71.42691125,70.36594463,69.54750915,63.74729941,60.65720419,68.41416492,77.31264522,84.74541343,94.84004804,99.74166663,95.74910365,84.95637056,81.90365161,69.10136783,60.97559423,55.64131609,48.59838236,48.46181669,47.95065796,49.31914915,48.83886551,50.27498743,46.74120958,53.71319398,59.51444045,63.08289248,67.38182698,75.47884425,105.6794257,73.46219865,62.95381387,61.11640075,60.31038456,60.88978362,61.92670638,62.32263481,63.40624032,60.26878523,69.86667689,79.52257846,88.0893147,93.92190868,90.20817788,87.17852535,83.83446813,80.95992407,70.23758753,63.82277242,60.59319606,59.74230884,60.82572423,56.30767302,55.3028859,52.13196079,48.89968863,46.3423065,45.9745687,48.25498701,48.58851691,39.77790908,39.15536175,33.79922761,33.64993738,35.07296858,36.75155506,40.59132963,38.15197283,34.68769294,38.09519314,37.82321682,37.45073225,36.39091516,32.02717526,32.08116107,34.60858519,39.23665116,42.68515761,46.83120285,50.9090792,57.77642305,64.88020055,56.99041898,54.33597561,49.9649686,50.08028697,48.55555787,48.53501918,49.9068329,48.85300995,55.4640902,50.21873825,42.18159185,37.27016659,35.42366533,31.69876314,40.06898796,45.23934441,46.13266479,45.42419655,47.05230046,45.19854145,47.10898739,50.10940197,89.1823975,68.65307317,59.30307906,57.02334575,60.29413511,59.06764785,56.04200702,53.61939223,54.76410513,56.16078293,52.57049734,41.11393022,35.18389644,30.18771209,26.34154401,27.17631526,30.52795933,31.35513923,29.9574402,30.58877384,31.8390891,33.45174526,36.3937267,38.31468584,43.77112327,44.12364465,40.16155107,41.52357371,41.60301547,31.47348348,28.40579032,33.16933498,36.62336564,33.45171537,28.39566286,27.52881743,26.73453533,31.91496126,46.45388369,44.63567642,43.71000772,45.78828842,45.93840178,40.76269818,35.69437334,32.6523358,31.30417725,30.55874346,28.48659198,26.75224834,28.00385653,28.67033161,31.49110373,36.62543396,38.96213318,37.28865463,35.6831631,38.25967207,37.13920082,40.28188158,34.70655293,32.21644026,33.08799985,32.45841136,38.12746479,36.57977919,35.27619628,32.57636387,23.33504409,30.29673085,34.11495296,45.28471951,41.96590484,29.68952711,30.32580329,32.22423486,32.02094227,31.95949014,33.16421801,33.3756082,31.74990595,29.13977833,23.78008157,25.26033944,28.90595019,30.2091651,29.725625,28.86207105,29.09105539,29.45716476,28.43923802,24.89227695,22.91671958,22.36962461,20.59326325,20.89010327,16.38395087,15.08588191,15.2152599,14.12046283,12.65398031,10.5867863,11.21281449,9.716113959,8.624761773,7.302090411,8.124088292,7.855720369,8.67394105,9.493617176,11.49589924,16.55896594,22.24350227,28.17080805,28.53206674,27.8457025,26.44919984,20.99204674,19.69775944,20.06409894,22.28305285,24.61652608,33.90590906,32.5861705,19.82825434,16.26742174,16.49522333,14.62702967,13.23984063,15.07303744,17.75207745,18.36162824,18.77684715,24.33113923,30.27189376,32.98907428
2007-09-30 00:00:00-10:00,96.19548944,89.23782909,95.71540026,97.17906635,88.66797909,80.7914836,75.39927322,71.46993968,70.37661127,69.43439376,63.64516229,60.50554745,68.2413772,77.32289907,84.75045844,94.80190602,99.71646168,95.73396144,85.05525767,81.96163541,69.1463336,61.0864469,55.93844164,48.9631384,48.79831935,48.17285463,49.47668046,48.8907435,50.32407232,46.70388114,53.63339468,59.52280791,63.00685409,67.36486605,75.44489798,105.6880779,73.45894769,62.86995447,61.05066179,60.18562,60.7462029,61.83466577,62.20599465,63.31900967,60.13691605,69.77454783,79.94887,88.43294736,94.06762708,90.55984404,87.62940074,84.19384236,81.28368236,71.19277972,64.72918591,61.23769781,60.29127293,61.39582799,56.80619186,55.8398726,52.61653975,49.43039098,46.90787478,46.54474137,48.80581047,48.9996665,40.2526655,39.58737791,34.17632942,33.86563524,35.26550452,36.93690486,40.6702493,38.14391954,34.66343631,37.99922626,37.62360605,37.39188534,36.38314701,32.29534694,32.14310343,34.58130946,39.15044031,42.61325657,46.77967801,50.82786805,58.17490549,64.58809464,56.75848451,54.08790929,49.85735999,49.8664357,48.18213135,48.12155849,49.47031035,48.46908152,55.09801151,49.79787001,41.87493629,36.9290445,35.10270436,31.50975646,39.82263365,45.01501971,45.76688083,45.28085603,47.0174657,45.1088526,46.87141909,49.87700688,88.99590506,68.42009507,59.00959702,56.74368727,59.98134885,58.82248521,55.74731852,53.33185689,54.53227659,55.9948455,52.41708498,41.0399585,35.07442003,30.09218378,26.28859941,27.16264889,30.5313271,31.33629948,29.87764615,30.58849185,31.81982678,33.37765515,36.35466657,38.19414891,43.67567675,44.03644443,40.0523495,41.33946876,41.59545014,31.49664189,28.320434,33.03897584,36.5160934,33.23656851,28.42814589,27.49576822,26.67712143,31.8204909,46.5965784,44.84907014,43.80307983,45.81422606,45.99307041,40.95439669,35.69643678,32.70242534,31.35112636,30.54653341,28.43001456,26.73316342,28.08149959,28.77407063,31.62185032,36.73817059,39.02701697,37.1900001,35.55815212,38.26722959,37.13006245,40.29645529,34.57064619,32.07918616,32.97783475,32.3636298,38.03692659,36.48793313,35.35017031,32.59299797,23.35892678,30.41513072,34.28114498,45.44243274,42.28836051,30.00544569,30.61533812,32.24749563,31.92500498,31.86161586,33.16967273,33.41255467,31.77048799,29.18702329,23.67894362,25.19071035,28.78826314,30.14170308,29.51943963,28.75984786,29.06377969,29.5010638,28.42265083,25.02553629,23.07065714,22.56083959,20.77450177,21.00878189,16.47732459,15.04838768,15.13672749,14.09444774,12.65886435,10.58153697,11.23808305,9.816376868,8.748116977,7.416175375,8.190111284,7.950812788,8.750434339,9.473050316,11.48683073,16.54878431,22.22862931,28.24282908,28.6159092,27.87107585,26.4611017,20.98142499,19.63180089,20.02880834,22.29061591,24.8500312,34.25456269,32.75630258,19.86996321,16.37580409,16.8608774,14.71153561,13.24323997,15.03233472,17.61091862,18.2058146,18.66085256,24.26690459,30.10353046,32.93278879
2007-10-31 00:00:00-10:00,95.50879094,89.19830483,95.76563647,97.3955974,88.93394999,81.03414684,75.51164029,71.54758118,70.4241459,69.36288825,63.58650669,60.36792709,68.06436728,77.27711019,84.71232105,94.71788153,99.63828165,95.63700661,85.03942313,81.90515786,69.085586,61.10024055,56.15786541,49.23969317,49.04619015,48.29797409,49.53503833,48.83937552,50.2924604,46.60769856,53.4977453,59.4884403,62.90789922,67.32844079,75.3931702,105.6644581,73.42203024,62.75600086,60.96031394,60.03944824,60.58783284,61.74013745,62.08966486,63.22281959,60.01010215,69.69227767,80.40250483,88.86573287,94.26381592,90.92120653,88.09434355,84.55006936,81.60492329,72.14933747,65.64538831,61.88787649,60.83404018,61.93632559,57.28921204,56.34862814,53.0718112,49.93246653,47.45757634,47.07336705,49.28791288,49.34985914,40.68773723,39.98561686,34.54356191,34.05586488,35.42649582,37.08256536,40.70480015,38.08635543,34.59331217,37.86569124,37.40022555,37.31025115,36.35653923,32.56176673,32.21206564,34.56125645,39.06974574,42.53286121,46.72123042,50.7361023,58.52405208,64.23796426,56.49091883,53.8032827,49.71792535,49.59374856,47.72264304,47.63386785,48.9886702,48.0711269,54.72599678,49.39598701,41.57378103,36.61777447,34.80536888,31.34203929,39.59407588,44.80399215,45.42281416,45.16191655,47.00145727,45.02498659,46.63852551,49.65002559,88.79880636,68.17103893,58.6883484,56.43797709,59.62723929,58.53482716,55.36168766,52.9539721,54.21545213,55.77639523,52.2062212,40.90759337,34.91389265,29.96049625,26.20780715,27.14489804,30.52360281,31.30426091,29.78664286,30.57897112,31.78957771,33.29937032,36.30737476,38.06800264,43.56506869,43.92481786,39.92109786,41.14593463,41.59823759,31.5231036,28.21957521,32.9014926,36.3942448,32.99924121,28.4684556,27.47368268,26.63517206,31.71933865,46.70783509,45.0764494,43.94102149,45.87610002,46.08078825,41.16549813,35.68998735,32.72922938,31.36872742,30.50902076,28.35743543,26.697137,28.14068145,28.85885699,31.7352464,36.83586107,39.05811931,37.08601592,35.43671148,38.25440278,37.07996021,40.2606377,34.41534695,31.91807294,32.86021616,32.26206672,37.92403804,36.37966385,35.38224203,32.58398397,23.36601537,30.50515605,34.41841193,45.56108891,42.56754764,30.28340116,30.88707488,32.24834943,31.82259018,31.75137382,33.16809417,33.43358087,31.78613797,29.23406414,23.57014119,25.1234,28.67204939,30.07192891,29.30779625,28.65068448,29.02640167,29.52860353,28.398344,25.16222831,23.23042493,22.76074742,20.97038896,21.13483792,16.58313262,15.00576299,15.05175558,14.05655005,12.65235426,10.57395043,11.26436445,9.913414736,8.880038959,7.538678171,8.276731058,8.063338603,8.836030406,9.452366807,11.47120941,16.541591,22.21268543,28.30237516,28.68798128,27.88920873,26.46302981,20.96568932,19.55673954,19.98432039,22.28826994,25.0568795,34.57209179,32.90440112,19.90967376,16.49023516,17.23389882,14.78799383,13.23639562,14.96625726,17.46005168,18.02819686,18.52405898,24.18330059,29.92839738,32.87989661
2007-11-30 00:00:00-10:00,94.84513105,89.13600603,95.79139641,97.57508654,89.19831288,81.30462297,75.65168835,71.66627968,70.51495931,69.34041605,63.57807334,60.24174065,67.88129791,77.1756442,84.63007894,94.58655929,99.5049327,95.46032344,84.91527923,81.74011113,68.92202737,61.01219686,56.30010868,49.42982223,49.20817369,48.33343944,49.50655611,48.70087893,50.20043971,46.47217891,53.32761369,59.43193325,62.80352503,67.29044846,75.33879983,105.6291586,73.37562614,62.64141308,60.87034147,59.89813102,60.44233734,61.66854085,62.00082463,63.14665984,59.92304069,69.65405174,80.89333077,89.38096948,94.50656412,91.30030326,88.58007252,84.90207088,81.9226796,73.08672155,66.5512569,62.5308581,61.35506442,62.42635345,57.73171142,56.80105717,53.47003765,50.3775556,47.9657911,47.53994401,49.68385213,49.62567018,41.07057488,40.33907643,34.89751256,34.20864441,35.55134253,37.18553959,40.69866571,37.98715119,34.48874854,37.70789134,37.16610994,37.21606353,36.3243526,32.82708726,32.29342272,34.55656746,39.00005671,42.45547399,46.67039134,50.65063086,58.83247143,63.8543394,56.20929216,53.50202319,49.56251631,49.2785179,47.1897448,47.08647181,48.48236009,47.67585596,54.35730916,49.02290312,41.28561847,36.34118121,34.53449555,31.2004612,39.39234149,44.61421128,45.11167104,45.06647275,47.0013892,44.94728351,46.41358837,49.43080247,88.59446912,67.91086488,58.34687974,56.11348351,59.24108231,58.21513289,54.8865103,52.48707433,53.8130357,55.51510476,51.94819506,40.72457371,34.71030618,29.79684328,26.10273029,27.124238,30.50426727,31.26107147,29.69039933,30.5648364,31.75271629,33.22286075,36.25626412,37.94154431,43.44644543,43.79452468,39.7704442,40.94922284,41.61377999,31.55531125,28.10566717,32.76167556,36.26879034,32.75626656,28.52664981,27.47260752,26.6170399,31.61986816,46.78731065,45.31874381,44.12634611,45.98013756,46.20839025,41.40112186,35.68139372,32.74232832,31.36462239,30.45393197,28.27670208,26.65020681,28.18464867,28.92835543,31.83715091,36.92558351,39.06628885,36.98609893,35.32706204,38.2311356,36.99411468,40.18041337,34.24516114,31.73615659,32.74438587,32.16257033,37.79938952,36.26135372,35.37736792,32.55406959,23.36049826,30.57109812,34.53115633,45.64988207,42.80806654,30.52712491,31.14185761,32.23421273,31.72188616,31.63688691,33.16369197,33.43919927,31.79587151,29.27928862,23.45556524,25.06368778,28.56655749,30.01082313,29.10291033,28.5424318,28.98691472,29.5453299,28.37133788,25.30463301,23.39665987,22.96716624,21.18169675,21.2709632,16.70255505,14.96212473,14.96676432,14.01154265,12.63943442,10.569226,11.29616077,10.0088728,9.01979185,7.668498061,8.384372779,8.193915747,8.932518447,9.430544403,11.45001343,16.54078198,22.20364301,28.36198769,28.75957802,27.9110107,26.46708866,20.95513492,19.48011917,19.9385538,22.28472131,25.23800209,34.85840042,33.03337638,19.94993256,16.61133676,17.61535398,14.86276807,13.22380946,14.87429073,17.30487606,17.83852381,18.37198257,24.08417575,29.75605051,32.83808097
2007-12-31 00:00:00-10:00,94.22407701,89.077589,95.81961141,97.7353624,89.47258757,81.61248404,75.82874683,71.83096285,70.65451363,69.36850206,63.6205204,60.12034704,67.6850747,77.02062738,84.50427651,94.40838869,99.31709806,95.2075091,84.69092277,81.47488412,68.6616602,60.8221023,56.37123375,49.54067469,49.29475892,48.29601158,49.41202174,48.49904343,50.070713,46.31822642,53.14363711,59.37175014,62.70873517,67.26745112,75.29562435,105.5998478,73.34065489,62.55236345,60.80302517,59.7857375,60.33503153,61.64195966,61.9625606,63.11566637,59.90718341,69.68991561,81.42944863,89.96522949,94.78840388,91.70249505,89.09010517,85.24993103,82.23667238,73.98663235,67.42892631,63.15365651,61.83969284,62.8460386,58.1099859,57.16843663,53.78119908,50.73379491,48.40338569,47.92263091,49.97575533,49.81269237,41.38949142,40.63750337,35.23505456,34.31365463,35.63698634,37.24546896,40.65724658,37.85557171,34.36071602,37.5372372,36.93286789,37.11861834,36.30113759,33.09538714,32.39540364,34.57875798,38.95104954,42.39325029,46.64194984,50.58881122,59.10755911,63.45917359,55.93318812,53.20060443,49.40290232,48.93561111,46.60178191,46.4995801,47.97523096,47.30113367,53.99971039,48.68457932,41.01581833,36.10073,34.29059937,31.08775964,39.22372731,44.44969485,44.83831541,44.98873334,47.0100794,44.87226308,46.19640048,49.21724447,88.38310452,67.64109513,57.98959253,55.77724118,58.83364998,57.87529714,54.32704093,51.93641127,53.32824775,55.22362833,51.65763793,40.50418297,34.47687467,29.60883892,25.97971854,27.10269809,30.47448874,31.21019373,29.5961343,30.55235425,31.71297256,33.15259524,36.20582809,37.8206792,43.32874922,43.65491174,39.60459719,40.75698015,41.64121921,31.59150344,27.9802852,32.62338005,36.15081455,32.52553151,28.61145835,27.50182759,26.63153067,31.53268925,46.83682363,45.5726095,44.35520008,46.12610667,46.37633726,41.66344622,35.67787162,32.75105304,31.34718662,30.38947488,28.19518377,26.59801383,28.21628785,28.98520316,31.93154168,37.01250382,39.06123695,36.89793295,35.23534639,38.20537921,36.87785695,40.06197784,34.06444956,31.53670314,32.63689365,32.072289,37.67262052,36.13875029,35.34221694,32.50851194,23.34745295,30.61910876,34.62541707,45.71913939,43.01589991,30.73942336,31.38033144,32.2119866,31.62850592,31.52702735,33.16094774,33.4288216,31.79670727,29.32006179,23.33635307,25.01448909,28.47858067,29.96676574,28.9160006,28.44302711,28.95280641,29.55560909,28.34592904,25.45307029,23.56740546,23.17450095,21.40555904,21.41753307,16.83330375,14.92091814,14.88660628,13.96345871,12.6236073,10.57012221,11.33554813,10.10262678,9.164265673,7.803258867,8.510301315,8.340435647,9.040368576,9.40636336,11.4241979,16.54821073,22.20697776,28.43212539,28.84037712,27.9456016,26.48368766,20.95881566,19.40983368,19.89981172,22.28959138,25.3975705,35.11748233,33.14758498,19.99457354,16.74077191,18.00503803,14.9414881,13.20980602,14.75881231,17.14971948,17.64612635,18.21014849,23.97383017,29.59499727,32.81296764
2008-01-31 00:00:00-10:00,93.65957336,89.04455826,95.87433444,97.89437438,89.76319596,81.96379685,76.04992694,72.04381999,70.84551631,69.44148793,63.70709638,59.99511894,67.46672474,76.81524908,84.33652178,94.18513217,99.07751304,94.88343742,84.3749297,81.11895314,68.31239108,60.53454902,56.3791208,49.58217889,49.31984366,48.206466,49.27447225,48.25904759,49.92210872,46.16278434,52.96097074,59.32278957,62.63550017,67.27317623,75.27418269,105.585792,73.32883207,62.50448796,60.77291267,59.7189307,60.28674512,61.6777421,61.99229869,63.14912273,59.98677325,69.82177258,82.01577161,90.60112793,95.10047162,92.12772381,89.62131891,85.5934351,82.54649463,74.8322707,68.26188242,63.74266336,62.27410164,63.17684662,58.40594941,57.42535825,53.97755687,50.97113864,48.7423031,48.20064651,50.14680593,49.89685891,41.63388023,40.87112586,35.55256326,34.36246334,35.67888678,37.25992139,40.58284559,37.69919008,34.21635374,37.36138593,36.70902279,37.02509552,36.3000229,33.36858565,32.52454716,34.63787958,38.9322981,42.35834293,46.64929666,50.56652408,59.35284347,63.06891693,55.67690713,52.91035644,49.24415612,48.57819651,45.98242076,45.89826135,47.49151659,46.96416445,53.65699879,48.3827751,40.76882434,35.89593558,34.07024449,31.00209768,39.08989957,44.30938714,44.60051739,44.9188567,47.01677389,44.79270765,45.98259258,49.00432965,88.16287898,67.36077453,57.6185212,55.43282421,58.41285668,57.52381655,53.68969745,51.30849105,52.76567976,54.91235001,51.34688959,40.25856321,34.22616256,29.40227892,25.84619195,27.08148374,30.43557902,31.15474145,29.50988834,30.54677264,31.67259132,33.09252746,36.1615164,37.71109642,43.22171778,43.51845904,39.4297151,40.57730887,41.67673022,31.62589033,27.84346988,32.48879627,36.0475859,32.32174559,28.72442945,27.56445864,26.68216214,31.46591547,46.85885804,45.83056963,44.61639019,46.30560216,46.57644411,41.94913816,35.68400606,32.76103444,31.32338574,30.32245194,28.1179128,26.54397316,28.23604263,29.0287908,32.01831051,37.0980893,39.04854392,36.82458318,35.16295163,38.18039694,36.73562143,39.91054086,33.87673714,31.32275751,32.53991122,31.99380336,37.5485157,36.01557258,35.28046609,32.44974938,23.33101569,30.65428267,34.70509331,45.7757033,43.19486599,30.92055384,31.60221906,32.18699466,31.54538807,31.43152986,33.16499451,33.40087053,31.78384489,29.35218618,23.21238634,24.9747515,28.40920411,29.94237226,28.75236337,28.35635273,28.92819581,29.56173021,28.32398522,25.60532047,23.738138,23.37704272,21.63759414,21.57194515,16.97126133,14.88445489,14.81225266,13.91395421,12.60553307,10.57671338,11.38101717,10.19216752,9.307881892,7.939023807,8.648162739,8.497380893,9.157951458,9.378127822,11.39344133,16.56345844,22.22445025,28.5176346,28.93516998,27.99751081,26.51821297,20.98164374,19.35134735,19.87384708,22.30994064,25.53991893,35.35363399,33.25102663,20.04732776,16.87879018,18.39935503,15.02690285,13.19828184,14.62476311,16.99837543,17.45842501,18.04376915,23.85766538,29.45212407,32.80737937
2008-02-29 00:00:00-10:00,93.16003465,89.04846016,95.97428617,98.0689468,90.07126334,82.35683167,76.31495435,72.29991578,71.08376198,69.5477441,63.8249509,59.85749816,67.21908113,76.5629611,84.12941864,93.91950985,98.78971154,94.49340335,83.97494212,80.6812746,67.88285146,60.15850561,56.33007431,49.5648195,49.29682117,48.08435574,49.1140479,48.00269446,49.76865794,46.01747345,52.7895836,59.29530101,62.59195358,67.31678122,75.28003554,105.5864006,73.34086542,62.49967534,60.78333272,59.70283409,60.31174064,61.78715492,62.10040455,63.25870129,60.17555094,70.06040434,82.65156206,91.26966054,95.4338021,92.56978255,90.16291252,85.93044574,82.85124746,75.60757002,69.03419723,64.28331466,62.64518668,63.40176211,58.60939192,57.5533766,54.03862318,51.06764482,48.96184071,48.35871936,50.18492494,49.86752723,41.79531605,41.03102186,35.8458833,34.34985471,35.67226932,37.22503951,40.47535327,37.51960116,34.0559534,37.18038548,36.49619984,36.93780567,36.32807357,33.64263549,32.68090937,34.73682198,38.94788136,42.36002758,46.70367546,50.59626293,59.56710002,62.69222229,55.44709424,52.63686804,49.08639527,48.21591188,45.35549495,45.30725548,47.05254167,46.67957111,53.32788168,48.11186905,40.54659793,35.72373515,33.86955255,30.93932848,38.98721323,44.18719663,44.38894602,44.84515172,47.00936228,44.69936021,45.76519918,48.78530849,87.92951154,67.06593486,57.23209266,55.07983656,57.98146003,57.16342548,52.98037604,50.60932532,52.12982996,54.58679604,51.02255921,39.99472751,33.96619376,29.18089457,25.70825689,27.05949446,30.38735297,31.09536749,29.43377577,30.54913671,31.63223348,33.04518638,36.12831513,37.61669116,43.13447051,43.39907681,39.25356116,40.41737969,41.71373572,31.64923943,27.69383285,32.35793996,35.9603613,32.15121737,28.85932944,27.65688548,26.76643361,31.42227296,46.85524797,46.08512235,44.89418311,46.5036637,46.7931319,42.24893314,35.69901428,32.77196572,31.29626183,30.25609441,28.04614031,26.48826343,28.2421344,29.0558244,32.09376525,37.18011056,39.02987888,36.76450674,35.10643607,38.15451624,36.57019589,39.72958158,33.68411545,31.09712214,32.45107408,31.92504316,37.42761551,35.89200489,35.19300017,32.37795582,23.31295749,30.67856193,34.77069764,45.82117939,43.34583365,31.06972431,31.80586492,32.16222319,31.47339804,31.35971008,33.18124287,33.35486386,31.75317561,29.37144918,23.08273477,24.93921956,28.3540341,29.93449474,28.61061949,28.28130494,28.91349808,29.56379447,28.30468526,25.75777079,23.90370667,23.56950646,21.8704635,21.72803051,17.10772471,14.84986589,14.73890648,13.86069884,12.58207503,10.58463153,11.42732205,10.27314647,9.444001171,8.070855517,8.789077043,8.656863118,9.281157361,9.343826888,11.35480407,16.5831675,22.25321251,28.61617169,29.04257844,28.06538639,26.5695243,21.02286426,19.30568446,19.86181188,22.34757029,25.66730571,35.56892573,33.3461226,20.11026537,17.02252951,18.7913091,15.11954685,13.19252729,14.4785577,16.85403775,17.27988898,17.87739443,23.74177029,29.33156573,32.82057816
2008-03-31 00:00:00-10:00,92.72908327,89.08881337,96.13052802,98.27261315,90.39231263,82.7832473,76.61660766,72.58916037,71.36030937,69.67307833,63.95849111,59.70095351,66.9367949,76.26672937,83.88699623,93.61521524,98.45717901,94.04176592,83.49618941,80.16891561,67.38186949,59.70581857,56.22897821,49.4986241,49.238208,47.94720843,48.94780227,47.749391,49.62205871,45.89196586,52.63750176,59.29318263,62.57963199,67.40019862,75.31239034,105.5929487,73.36823632,62.52810897,60.82688378,59.730826,60.41593113,61.97421137,62.28947559,63.44788417,60.47600889,70.40517884,83.32996128,91.95186901,95.77982155,93.01647865,90.69731183,86.25473898,83.14731869,76.29809056,69.73140895,64.76107042,62.94136922,63.50541487,58.71289309,57.54050415,53.95307547,51.01260871,49.0529672,48.39196347,50.08796506,49.72314438,41.8715406,41.11290461,36.11358943,34.2776054,35.6174891,37.14073619,40.33678118,37.3139347,33.87512666,36.9884236,36.2903982,36.85342169,36.38405632,33.90991756,32.85970869,34.87378978,38.9990261,42.40150358,46.81179115,50.68380515,59.74387419,62.32833567,55.24162835,52.37889087,48.92665864,47.85274455,44.73926587,44.74482507,46.67037547,46.45336702,53.00750773,47.86131702,40.34643456,35.57815712,33.68523901,30.89514661,38.90776176,44.07365794,44.18945904,44.75775216,46.97855977,44.5851441,45.53898757,48.55472829,87.67838718,66.75229813,56.8279883,54.71678212,57.53947312,56.79329598,52.20573652,49.84525455,51.42588644,54.24830524,50.68731292,39.71690484,33.70194652,28.9484307,25.57101251,27.0341519,30.32802818,31.03037755,29.36557002,30.55609555,31.59044033,33.00903576,36.10791729,37.53856271,43.07325405,43.30913922,39.08465242,40.28297969,41.74328219,31.65062757,27.52931632,32.22771077,35.88516888,32.01097055,29.00346104,27.76842477,26.87453891,31.39710495,46.82540059,46.32796212,45.17059781,46.70187625,47.00744164,42.55072931,35.71819892,32.77920271,31.26510254,30.18993369,27.9774543,26.42803912,28.23081841,29.06115429,32.15160414,37.25301116,39.0035053,36.71203592,35.05869873,38.12255629,36.38290203,39.5212468,33.48682536,30.86197755,32.36482097,31.86093279,37.30886356,35.76674609,35.07987012,32.29221199,23.29313898,30.69296821,34.82243947,45.85622465,43.4702879,31.18751756,31.9887055,32.13780836,31.41079592,31.31645473,33.21269947,33.29175057,31.70259866,29.37436488,22.94653544,24.89980753,28.30445357,29.93566855,28.48471496,28.21238639,28.90490894,29.55953697,28.28499751,25.90542581,24.05851673,23.74649806,22.0931783,21.87607917,17.22984281,14.80980712,14.65819688,13.79811972,12.54693002,10.5857779,11.46656121,10.34094986,9.566112045,8.193460608,8.924039925,8.810956376,9.403624829,9.300506695,11.30286078,16.60153918,22.28683118,28.7198446,29.15639905,28.14360528,26.63158524,21.07785747,19.27052497,19.86153102,22.40018933,25.78079282,35.76353657,33.43365446,20.18316896,17.16736374,19.17199836,15.21847825,13.19453538,14.32695168,16.71910891,17.11169587,17.71439191,23.63059226,29.23293088,32.84789039
2008-04-30 00:00:00-10:00,92.36696881,89.15546883,96.34589844,98.51436993,90.71700843,83.23007764,76.94252901,72.89846764,71.66359434,69.80461964,64.09369286,59.52211325,66.61713668,75.92800316,83.6123072,93.27458636,98.08256355,93.53175221,82.94106545,79.58782571,66.81913436,59.19034391,56.08018182,49.3926753,49.15491734,47.80930329,48.78899293,47.51494879,49.49125074,45.79293396,52.50745071,59.31194967,62.59195344,67.51492336,75.36507051,105.5917392,73.39639435,62.57249611,60.88947375,59.7884004,60.59702592,62.23603825,62.55516516,63.71266058,60.88166513,70.84700282,84.04031855,92.63001414,96.13031376,93.45067752,91.20269492,86.55529428,83.42684885,76.89223899,70.3417723,65.16276024,63.15366624,63.47608182,58.71162493,57.38181845,53.71866937,50.80546432,49.0170859,48.30470959,49.86280907,49.47011054,41.86522004,41.11627478,36.35534428,34.15272984,35.51879923,37.00937722,40.16956151,37.08019287,33.66940563,36.77713018,36.08410461,36.76459423,36.45991968,34.16127144,33.0521634,35.04162275,39.08190207,42.48247943,46.97303159,50.82605024,59.87283054,61.96906588,55.05210543,52.13046586,48.7619451,47.48831876,44.14544726,44.22133202,46.34635837,46.28296482,52.69051655,47.61971648,40.16333744,35.45144361,33.51396909,30.86491286,38.84321735,43.96035866,43.98923278,44.64883348,46.91761544,44.44494728,45.3006209,48.30911491,87.40571972,66.4179684,56.40593441,54.34273788,57.08690792,56.41213892,51.37575192,49.02588679,50.66222836,53.89635645,50.34246238,39.42929749,33.43771636,28.70936746,25.43831473,27.00129306,30.25473692,30.95599832,29.29938963,30.56076396,31.5428125,32.97855249,36.09838025,37.4742713,43.03855185,43.25628274,38.93080388,40.17721618,41.7546084,31.61910298,27.34807095,32.09268758,35.81458573,31.89124623,29.14033397,27.88384688,26.99173697,31.38015742,46.76721964,46.5487411,45.42824868,46.881603,47.2001519,42.84162003,35.73561925,32.77558222,31.22660099,30.12101514,27.90748987,26.35873166,28.19719202,29.03899811,32.1844486,37.30933106,38.96544457,36.65920513,35.0109587,38.07840072,36.17377288,39.2858444,33.28259758,30.61782077,32.27392621,31.79469476,37.18966475,35.63694151,34.94143151,32.19191815,23.27099474,30.69990506,34.8629013,45.8829055,43.5704787,31.27568923,32.14796948,32.11058198,31.35282131,31.29873157,33.25615071,33.21166155,31.6312279,29.35779674,22.8028516,24.84691261,28.24954868,29.93661249,28.36628722,28.14082218,28.89435494,29.54368561,28.25911108,26.04116958,24.19584982,23.90158138,22.29282037,22.00371618,17.32232991,14.75372664,14.55975298,13.71835428,12.49165764,10.57075445,11.49021151,10.3912107,9.668238509,8.301327956,9.045731213,8.953509234,9.519168561,9.245402469,11.23148592,16.61210643,22.3176291,28.81829319,29.26841344,28.22495953,26.69627521,21.14011269,19.24111955,19.8688142,22.46296791,25.88126888,35.93807572,33.51431775,20.26443355,17.30868034,19.53133322,15.3209578,13.20357423,14.17507755,16.59496114,16.9524514,17.55642905,23.52622151,29.15265981,32.88241826
2008-05-31 00:00:00-10:00,92.07203126,89.23283902,96.616821,98.79821667,91.03237928,83.68094918,77.27655143,73.21280502,71.98002626,69.93244417,64.2203014,59.32155002,66.26026232,75.54588485,83.30621326,92.89736891,97.66889277,92.96727037,82.31149068,78.94508167,66.20646393,58.62739214,55.88818955,49.2549274,49.05548135,47.68074977,48.6464723,47.31013533,49.3811848,45.72254894,52.396668,59.34081626,62.61743266,67.64577452,75.42886496,105.5680666,73.40889367,62.61310927,60.95471824,59.85780508,60.84641584,62.56458032,62.88801709,64.04350495,61.38105289,71.37288109,84.77188283,93.28856346,96.47731721,93.85227319,91.65646444,86.81766705,83.67813326,77.38223669,70.85732364,65.47785864,63.27664539,63.30790218,58.60463331,57.07991951,53.34107583,50.45357009,48.8634793,48.10837195,49.52351165,49.1207915,41.7823935,41.04361332,36.570448,33.98569851,35.38272216,36.83457317,39.97497268,36.82065609,33.43933528,36.53926078,35.86892009,36.66116732,36.54274765,34.38738837,33.24696326,35.22805683,39.18674262,42.59720312,47.17906286,51.01292838,59.94352034,61.60217604,54.86877638,51.88521618,48.59168824,47.1226832,43.58405977,43.74321005,46.07475221,46.16066688,52.37305738,47.37751502,39.99250486,35.3354155,33.35179254,30.84330676,38.78548545,43.84055836,43.77910655,44.51281611,46.82195885,44.27524325,45.04858184,48.04696547,87.1092131,66.06241603,55.96592935,53.95551323,56.62196407,56.01689565,50.50079487,48.16047348,49.84723742,53.52801844,49.9861336,39.13285832,33.17447332,28.46578634,25.31055484,26.95540751,30.16376354,30.86659139,29.22697426,30.55474324,31.48256452,32.94592998,36.09542991,37.41785605,43.02506922,43.2416456,38.79811308,40.10140394,41.7373107,31.54517235,27.1493735,31.94705172,35.74009434,31.77947632,29.2530449,27.98713711,27.10211942,31.35927594,46.67964164,46.73666296,45.65295872,47.02684122,47.35422611,43.10929895,35.74686268,32.75354131,31.17639834,30.04558884,27.83196748,26.27582201,28.13665322,28.98461173,32.18594288,37.3416718,38.91104521,36.59650151,34.95277706,38.01477597,35.93994644,39.01945127,33.06553636,30.36247859,32.16956805,31.71760582,37.06567506,35.49762784,34.77690447,32.07556409,23.24530357,30.70184126,34.89454668,45.90290712,43.6482779,31.33609833,32.27996403,32.07540327,31.29307538,31.29601941,33.30210536,33.11325412,31.53869574,29.31870654,22.65057536,24.77103074,28.1785086,29.92888605,28.24684196,28.05643111,28.87096907,29.50818762,28.21899958,26.15618784,24.30818879,24.02736091,22.457043,22.09724892,17.36986698,14.66978025,14.43270621,13.61251422,12.40729557,10.53151373,11.49138547,10.41852167,9.74377782,8.388052554,9.148450271,9.080023796,9.622324034,9.176519567,11.13460777,16.60794476,22.33618278,28.89851778,29.36779117,28.29999985,26.75310637,21.20102344,19.21019505,19.87734661,22.52869571,25.96775856,36.09176524,33.58688013,20.3519946,17.44308231,19.85878371,15.42246728,13.21699892,14.02617762,16.48202278,16.80071946,17.40395095,23.42877198,29.08526439,32.9168789
2008-06-30 00:00:00-10:00,91.84185697,89.3052155,96.93649461,99.12304561,91.32341687,84.11700864,77.59979858,73.51586528,72.29400526,70.04953404,64.33208959,59.10226038,65.86845632,75.11841704,82.96771788,92.48111075,97.22180215,92.35561681,81.61259442,78.25137274,65.55895464,58.03303169,55.65824446,49.09265863,48.94621851,47.56759275,48.52466282,47.14033704,49.29278554,45.67914582,52.29964907,59.36672098,62.64357291,67.77617522,75.49462381,105.5102111,73.39186706,62.6327829,61.00791356,59.92250091,61.15199226,62.94903094,63.27590845,64.42808035,61.96152069,71.9697052,85.51682287,93.9153005,96.81318956,94.20068626,92.03856266,87.02644427,83.88737696,77.76453413,71.27446507,65.69944864,63.30904039,63.00268698,58.39602716,56.64453399,52.83225543,49.97033959,48.60702195,47.81968566,49.08951529,48.69194473,41.63210499,40.90075592,36.7576028,33.79012461,35.21809361,36.6226982,39.75416882,36.54307871,33.19054809,36.26518976,35.63652227,36.53182742,36.61705145,34.57980773,33.43187807,35.41735421,39.29910008,42.73313792,47.41657635,51.2321705,59.94820597,61.21529962,54.68548295,51.64067222,48.4192813,46.75720068,43.06433145,43.31510939,45.84654753,46.0762324,52.05374013,47.12846882,39.83072781,35.22263035,33.19391755,30.82438722,38.72702677,43.70906634,43.55544074,44.34745161,46.68993373,44.07478159,44.78409865,47.76889934,86.78851837,65.68520696,55.50682417,53.55082504,56.14017498,55.60258839,49.58975376,47.25627237,48.98781092,53.13926867,49.61346593,38.82391101,32.90858233,28.21563728,25.18406492,26.890357,30.05069254,30.7553377,29.1394313,30.53002585,31.40231445,32.90385874,36.09495005,37.36164061,43.0243008,43.26145267,38.69135686,40.05561831,41.6833329,31.42201983,26.93485747,31.78716221,35.65472698,31.66445669,29.32788464,28.06524815,27.19237875,31.32420068,46.56510932,46.88422491,45.83589541,47.1266975,47.45698668,43.34352052,35.75061608,32.70712243,31.1107794,29.96072183,27.74825948,26.17674731,28.04667161,28.89597023,32.1526983,37.3445964,38.83655117,36.51726128,34.87583574,37.92558634,35.67886036,38.7172633,32.82903715,30.09393657,32.04417878,31.62179535,36.93089274,35.34203526,34.58489994,31.94028885,23.21325088,30.69832582,34.91572649,45.91535611,43.70439164,31.36994907,32.38031492,32.02636048,31.22491797,31.29369127,33.33797406,32.99479783,31.42513656,29.25433674,22.48875602,24.664555,28.08270399,29.90697568,28.11970187,27.9499395,28.82384956,29.4441522,28.15629702,26.24155485,24.38847449,24.11673083,22.57631066,22.14394222,17.36056133,14.54766292,14.26800194,13.47252861,12.28644759,10.46352897,11.4665081,10.41801505,9.786252282,8.447180829,9.227408754,9.186168208,9.707667988,9.093218374,11.00975266,16.58335261,22.33488845,28.94985426,29.4452881,28.36132912,26.79289263,21.25343352,19.17208313,19.8821335,22.5909972,26.03919733,36.22346359,33.65029434,20.44384798,17.56845054,20.14488164,15.51767011,13.23169987,13.8819679,16.38042408,16.65684937,17.25687134,23.33685065,29.02452169,32.94505098
2008-07-31 00:00:00-10:00,91.67411569,89.36191005,97.2981199,99.48349134,91.57587382,84.51891428,77.89279845,73.79150803,72.58883699,70.15145004,64.42635263,58.86840183,65.44543623,74.644657,82.59518812,92.02271424,96.75097057,91.70946201,80.85560516,77.52245039,64.89527061,57.42310539,55.39669249,48.91319273,48.83207082,47.47230195,48.4238086,47.00588331,49.22359857,45.65872164,52.210899,59.37766934,62.66003274,67.89263495,75.55609806,105.4124812,73.33776981,62.62087204,61.03924359,59.97091206,61.50104149,63.37808863,63.70624105,64.85364503,62.6111572,72.62554063,86.27097951,94.50256062,97.13089732,94.47764771,92.33445307,87.16801038,84.04126735,78.04003426,71.59432743,65.82502341,63.25413622,62.57099587,58.09555222,56.09131875,52.20880289,49.37397919,48.26627043,47.45893702,48.58366178,48.20310606,41.42633334,40.69741769,36.91555665,33.5826382,35.03650574,36.38505478,39.51041625,36.26002908,32.93238606,35.94418184,35.37961138,36.36636318,36.66736772,34.73180493,33.59578303,35.59343035,39.40319539,42.87253438,47.67023274,51.47352555,59.88340719,60.79906012,54.50139651,51.40021563,48.25218056,46.39461307,42.59456124,42.94104945,45.65261785,46.01845367,51.73403328,46.87040884,39.67707195,35.10731643,33.03482313,30.8018121,38.66146489,43.56214672,43.31897207,44.15491099,46.5236846,43.84549373,44.51222796,47.47779175,86.44548659,65.28655723,55.02725054,53.1236532,55.63659006,55.16487875,48.6531959,46.32061663,48.09067029,52.72578093,49.21921982,38.49631819,32.6343271,27.95450747,25.05281173,26.80008059,29.91026835,30.61521969,29.02964365,30.47919531,31.29526322,32.84585665,36.09410662,37.29842285,43.02726132,43.30852616,38.613062,40.03887298,41.58867643,31.24691529,26.70999004,31.61406078,35.55529915,31.53948281,29.357455,28.11101587,27.25483672,31.26938213,46.43093221,46.99017162,45.9751766,47.17734067,47.50207716,43.53771219,35.74813522,32.63332419,31.02810916,29.86530741,27.65598429,26.06220261,27.9280098,28.77453653,32.08483048,37.31567073,38.74013395,36.41920598,34.77584929,37.80854533,35.3912132,38.37826643,32.56958573,29.81307214,31.89447114,31.50282881,36.7792718,35.16256553,34.36369452,31.78215087,23.17082055,30.68559608,34.92127992,45.91727379,43.73843678,31.37789512,32.44509318,31.95779342,31.14259003,31.27737102,33.3518395,32.85544761,31.29181261,29.16285471,22.31726506,24.52340847,27.95694461,29.86929865,27.98119057,27.81477181,28.74441824,29.34433794,28.06440468,26.29017528,24.43162988,24.1646961,22.64500157,22.13382399,17.28861332,14.38144779,14.06112931,13.2936232,12.12583407,10.36816886,11.41591219,10.3870179,9.792134017,8.474391071,9.279355435,9.26837551,9.770824235,8.997370707,10.8600407,16.53550932,22.3095962,28.96602163,29.49500853,28.40484057,26.80960738,21.29337841,19.12473946,19.88119024,22.64631493,26.09508887,36.33201033,33.70336987,20.53786277,17.68297451,20.38287821,15.60159172,13.24487017,13.74269017,16.29012925,16.52225849,17.11425224,23.24740799,28.96408072,32.96254858
2008-08-31 00:00:00-10:00,91.5671343,89.39992719,97.69679859,99.87444427,91.78167549,84.87252307,78.14122456,74.02820881,72.85117448,70.23771993,64.50469744,58.62553456,64.9962497,74.12658729,82.18816687,91.52060087,96.26931844,91.04645283,80.05785851,76.77815451,64.23563666,56.81207322,55.11046479,48.72300653,48.71675565,47.3946082,48.34236911,46.90402729,49.16963253,45.65706344,52.12640296,59.36480021,62.66070421,67.98753988,75.611243,105.276146,73.24681071,62.57468402,61.04482569,59.99825015,61.88175568,63.84075778,64.16680082,65.30793216,63.31888816,73.32938656,87.03256205,95.04754341,97.42549639,94.66963641,92.53812564,87.23341537,84.13011763,78.21455093,71.82318059,65.85707213,63.11994956,62.0313485,57.7175485,55.44005243,51.49068138,48.68647775,47.86191751,47.0481958,48.0300283,47.67486097,41.17886656,40.44574744,37.04246224,33.38071624,34.85042292,36.1365722,39.2496505,35.98726763,32.67672357,35.56957553,35.09394065,36.15847419,36.68118899,34.8393003,33.73078089,35.74335029,39.48600733,42.99677445,47.92539633,51.73182581,59.75007224,60.34765817,54.32014028,51.17212682,48.10106379,46.03917005,42.18201605,42.62492466,45.48606865,45.9767126,51.41853254,46.60555592,39.5330656,34.98610415,32.8689621,30.76953323,38.58482015,43.39799748,43.07261921,43.94058754,46.32807405,43.59151431,44.24069233,47.17739325,86.08323474,64.86758913,54.52650367,52.66971623,55.10867742,54.70265734,47.70581383,45.36531278,47.16603839,52.28484391,48.80061371,38.14509478,32.34693482,27.67885364,24.91106017,26.68048708,29.7384846,30.44195997,28.89525186,30.39828069,31.1581487,32.76659928,36.09143544,37.22305642,43.02699508,43.37478701,38.5641178,40.05061988,41.45482198,31.02322059,26.4850592,31.43518575,35.44362665,31.40372962,29.3421502,28.1245794,27.28918518,31.19558819,46.28995356,47.06016385,46.0765433,47.18243618,47.49029598,43.6901617,35.74237135,32.5328129,30.92939271,29.76051167,27.55734171,25.93596596,27.78459606,28.62481151,31.98541113,37.25559999,38.6221368,36.30449449,34.65313836,37.66623493,35.08188822,38.00685336,32.28883866,29.52449403,31.72281839,31.36112884,36.60678917,34.9529253,34.11144183,31.59686294,23.11326148,30.65772947,34.90573387,45.90506826,43.74916732,31.36033258,32.47205329,31.8656851,31.04199015,31.23548798,33.3347296,32.69646689,31.14210269,29.04438043,22.13772868,24.34846734,27.80049646,29.81865574,27.83136076,27.64816154,28.62799375,29.20511858,27.94015556,26.29873208,24.43609875,24.17014418,22.66187752,22.06245934,17.15510809,14.17193796,13.81441532,13.07696793,11.92806653,10.25356182,11.34364746,10.32592555,9.761642597,8.468174271,9.303106457,9.324665527,9.809266839,8.893534777,10.69387369,16.46577572,22.26067312,28.94590092,29.51505787,28.42972963,26.80143053,21.32100445,19.07045393,19.87641505,22.6951688,26.13594064,36.41669262,33.74444195,20.63187271,17.78467892,20.56978428,15.67034791,13.25427513,13.60727589,16.21108294,16.39833996,16.97410871,23.15603463,28.89778742,32.96744633
2008-09-30 00:00:00-10:00,91.51896613,89.42252767,98.12831666,100.2925685,91.94054898,85.17137656,78.33969474,74.22332918,73.07591596,70.31317567,64.57367291,58.38137073,64.52744178,73.57020363,81.74933263,90.97720233,95.79071188,90.38661915,79.23982669,76.03918006,63.5982323,56.2118377,54.80685605,48.5280562,48.60310609,47.33278882,48.27954661,46.83140621,49.12788227,45.671754,52.04415224,59.32385934,62.64412194,68.05910793,75.66070237,105.1079459,73.12523446,62.4976063,61.02558893,60.00530216,62.28342675,64.32658899,64.64617534,65.77949732,64.07364575,74.07020295,87.79966903,95.55135925,97.69506249,94.7701803,92.65398726,87.22094219,84.15078037,78.2989994,71.97246249,65.80325458,62.91904704,61.40861532,57.27970998,54.71362707,50.70059145,47.93248605,47.41520756,46.60937525,47.4516279,47.12705328,40.90387061,40.1587121,37.13487473,33.19997759,34.67094778,35.89337481,38.98073197,35.74139985,32.43705181,35.14407261,34.78286253,35.90833354,36.65175603,34.90151302,33.83376988,35.86010468,39.54068106,43.09114508,48.17026168,52.00817609,59.55297144,59.85878703,54.14774924,50.96694523,47.97788157,45.69679243,41.83291609,42.37038292,45.34347932,45.94282309,51.11503078,46.34036107,39.40256691,34.858619,32.69191189,30.72311007,38.497066,43.21768869,42.82069333,43.71158756,46.10928892,43.31800527,43.9778358,46.87118819,85.70503671,64.4302719,54.0052111,52.18691894,54.55815815,54.21894808,46.7652272,44.40752225,46.22958027,51.81789744,48.35944149,37.76956514,32.04496062,27.38906883,24.75617716,26.5318513,29.53544702,30.23655813,28.73863113,30.28810475,30.99259053,32.66328945,36.08625454,37.13397226,43.0200397,43.45290436,38.54455307,40.09185432,41.29008758,30.76175463,26.27448578,31.26363631,35.32625297,31.26176197,29.28982775,28.11333929,27.30261183,31.11007515,46.15911419,47.10521762,46.1520216,47.15164092,47.42887379,43.80433561,35.73715022,32.40987746,30.81832093,29.6497111,27.45652568,25.80386832,27.6228042,28.45346359,31.85968679,37.16791866,38.48502248,36.17886271,34.51234061,37.50556808,34.7589488,37.61144436,31.99279742,29.23574449,31.53669513,31.20181486,36.41252489,34.71044028,33.827661,31.38116274,23.0360513,30.60911534,34.86662485,45.876725,43.73563814,31.31844468,32.46186097,31.74923044,30.92134306,31.1614022,33.28322269,32.522481,30.98260237,28.90255408,21.95479124,24.14678692,27.61797732,29.7616516,27.67408826,27.4513414,28.47446847,29.02725169,27.78461224,26.26882907,24.404562,24.13694439,22.63001272,21.93305209,16.96654746,13.92649448,13.53657701,12.82990085,11.70094515,10.13255058,11.25581552,10.23776481,9.698268118,8.429696445,9.299699853,9.355169069,9.822767877,8.788320742,10.52291054,16.37975392,22.19345358,28.89333659,29.50786951,28.43823986,26.77089667,21.3404572,19.01533937,19.87322568,22.74193845,26.16426298,36.47893747,33.77283861,20.72494914,17.87281536,20.70747045,15.72177192,13.25860535,13.47403892,16.1439299,16.28642125,16.8342118,23.05813699,28.82038857,32.96013039
2008-10-31 00:00:00-10:00,91.52503444,89.43512306,98.58530589,100.7342353,92.05888917,85.41635994,78.49233974,74.38365292,73.26800505,70.38768917,64.64398808,58.14559655,64.04685031,72.98513155,81.28584296,90.40094553,95.32884201,89.75011239,78.42190844,75.323533,62.99554767,55.63110288,54.49419349,48.3360551,48.4945141,47.28588952,48.23484317,46.78575694,49.0985114,45.70381226,51.96475177,59.25670278,62.61172357,68.10834684,75.70327121,104.9158769,72.98032335,62.39430169,60.98376224,59.99582779,62.69879079,64.82566216,65.13388778,66.25742471,64.86249657,74.8349066,88.56684898,96.01586239,97.93860925,94.78125343,92.69558949,87.13738234,84.10807506,78.30893418,72.05804648,65.67586669,62.66770512,60.73191558,56.80202873,53.9376947,49.86353212,47.13788095,46.94616965,46.16212389,46.86819967,46.57708031,40.61467174,39.84957747,37.18792328,33.05228389,34.50671283,35.6715157,38.71633032,35.53793569,32.22824368,34.68271747,34.45854245,35.6245982,36.58039714,34.92124815,33.90710579,35.94393897,39.56814871,43.14871228,48.39718627,52.30816564,59.29973173,59.3334925,53.98903584,50.79266602,47.89164461,45.37433469,41.55199264,42.18012487,45.22494897,45.91259371,50.83397847,46.084575,39.29119787,34.72776849,32.50154685,30.66116768,38.40133042,43.02494253,42.56858305,43.47608357,45.87443487,43.03102865,43.73117173,46.56224852,85.31364208,63.97725685,53.46577303,51.67663871,53.98992907,53.71880622,45.8481934,43.46641452,45.30029077,51.33137714,47.90251368,37.37468167,31.73143293,27.09094789,24.59019254,26.36058599,29.30735015,30.00576162,28.56521539,30.15175415,30.80280625,32.53710477,36.07761931,37.03526378,43.00745805,43.53793278,38.55354339,40.16491023,41.10917896,30.47770098,26.09209217,31.1129556,35.21230717,31.12146135,29.21403922,28.09046499,27.30808969,31.02484658,46.05450984,47.1386428,46.21688201,47.0979815,47.32977229,43.88800406,35.73630302,32.27151979,30.7008064,29.53785694,27.35828337,25.67239666,27.45045131,28.2683251,31.71422474,37.05817656,38.33294584,36.05007678,34.36136357,37.33582414,34.43148954,37.20211368,31.68955393,28.95559703,31.34577925,31.03170252,36.19709648,34.43647905,33.51569815,31.13458174,22.93706089,30.5376239,34.80515372,45.83406747,43.69949895,31.25598801,32.41923775,31.61220033,30.78329906,31.05641034,33.20214719,32.34086017,30.82242323,28.74513762,21.7768455,23.93053394,27.41840248,29.70527421,27.51514307,27.22855785,28.28678471,28.81380762,27.60119685,26.20450812,24.34158193,24.07151362,22.55474809,21.75268886,16.73266801,13.65671292,13.24016998,12.56387862,11.45509032,10.01871447,11.15835112,10.12702915,9.60784646,8.362298185,9.272260917,9.362366799,9.813959242,8.689755171,10.35978751,16.28585908,22.11724628,28.81496819,29.47996368,28.43497282,26.72393924,21.35840601,18.96761042,19.87884107,22.79283326,26.1856054,36.52476709,33.7922941,20.81961801,17.95138044,20.80277141,15.75583575,13.25789091,13.34226117,16.09097788,16.18937349,16.69439973,22.95121269,28.73038263,32.94398717
2008-11-30 00:00:00-10:00,91.57712364,89.44255587,99.05673863,101.1950302,92.14989314,85.61639458,78.6116329,74.52339136,73.44074392,70.47409407,64.72829609,57.92953296,63.5622666,72.38370577,80.80848051,89.80536787,94.89565639,89.15554236,77.6228183,74.64563351,62.43460371,55.07561771,54.18118185,48.15502402,48.39480181,47.25442729,48.20727948,46.76534468,49.08212071,45.75586595,51.89184686,59.17024714,62.56791741,68.13911288,75.73715652,104.7076627,72.81873234,62.26970862,60.92199469,59.97542783,63.12099314,65.32891482,65.62060984,66.73136978,65.67004916,75.60812223,89.32510725,96.44252459,98.15540373,94.71306417,92.68163731,86.99644225,84.01348663,78.26298724,72.09821403,65.49052649,62.38416132,60.03174062,56.30515536,53.13857915,49.0050001,46.32788789,46.47172111,45.72174247,46.29419664,46.03804608,40.32274231,39.53096074,37.19688457,32.94499108,34.36345237,35.48423629,38.47005798,35.39063901,32.06619947,34.21033602,34.13921808,35.32333894,36.47673126,34.90481218,33.95738442,36.00111345,39.57563037,43.17213954,48.60320274,52.63576643,58.99982899,58.7758713,53.84540171,50.65125994,47.84473487,45.07880251,41.34201076,42.05519479,45.13346878,45.88675972,50.58679889,45.84938932,39.20494599,34.59939965,32.29931006,30.5856414,38.30213073,42.82534029,42.32139963,43.24309925,45.6321415,42.73823455,43.50697748,46.25406977,84.91212562,63.51248487,52.91298982,51.14432222,53.41130361,53.20848449,44.96912961,42.56143957,44.39923545,50.83727523,47.44079117,36.97003625,31.41251154,26.79378722,24.41731816,26.17581783,29.06382225,29.75968543,28.38202259,29.99443434,30.59547665,32.39227145,36.06517696,36.93573678,42.99399082,43.62809903,38.58949735,40.27245947,40.92861875,30.18749549,25.94810297,30.99345376,35.11110604,30.99192478,29.13069639,28.07096815,27.32017528,30.95287006,45.98696261,47.17287829,46.28562082,47.03483768,47.20714032,43.95005907,35.74215807,32.12533859,30.58288578,29.42978548,27.2666158,25.54735341,27.27517582,28.0768979,31.55533591,36.93205546,38.17020127,35.92622753,34.20930562,37.16573226,34.10774674,36.7886526,31.38768072,28.69261833,31.15826735,30.85544348,35.96067472,34.13561538,33.18178674,30.85944152,22.81638625,30.44458823,34.72539278,45.78158246,43.64242396,31.17678943,32.35019264,31.46142286,30.63293053,30.92440532,33.09756834,32.15790338,30.66956808,28.58067337,21.61296491,23.71320281,27.21119802,29.65448038,27.36013505,26.98587761,28.06990548,28.56944216,27.39481479,26.11116507,24.2526503,23.98158662,22.44269119,21.53062345,16.46527652,13.3756602,12.93878014,12.29177294,11.20164251,9.922550671,11.05585035,9.998849645,9.497511285,8.270918221,9.225793136,9.351042336,9.788310172,8.606440581,10.21593365,16.19335219,22.04227,28.71722352,29.43862101,28.42455725,26.66736615,21.38179371,18.93509703,19.89974723,22.85279152,26.20493331,36.560182,33.80708766,20.9186344,18.02509458,20.86350029,15.77348074,13.25258633,13.21216135,16.05494591,16.11060871,16.55598937,22.83519872,28.62910919,32.92384081
2008-12-31 00:00:00-10:00,91.66424143,89.44837855,99.52995211,101.6699581,92.2313745,85.78721752,78.71515673,74.6602398,73.61173076,70.58518625,64.83905362,57.74652546,63.08218816,71.78195812,80.32960459,89.20641127,94.50012476,88.6189658,76.85922291,74.01723791,61.92003738,54.54945242,53.87684325,47.99210618,48.30628275,47.23695152,48.19401637,46.76718467,49.07853662,45.83007912,51.83043405,59.07151439,62.51949414,68.15747608,75.76404483,104.4947211,72.65041415,62.13292326,60.84649865,59.95153099,63.54383718,65.82934993,66.09923967,67.19319859,66.48003605,76.37427651,90.06450602,96.83366282,98.34641243,94.58236961,92.63117711,86.8143851,83.8818272,78.18042843,72.11095305,65.26555267,62.08710148,59.33706834,55.8078361,52.3400681,48.1483498,45.52450311,46.0034711,45.29693682,45.73694076,45.51631871,40.03651144,39.213103,37.15877609,32.87992564,34.24295937,35.33894267,38.25245602,35.3055181,31.96092388,33.75276955,33.84314564,35.02183154,36.35351492,34.86115052,33.99171596,36.03993386,39.57271434,43.17135208,48.7888377,52.9876561,58.66381879,58.19308477,53.7153995,50.53992538,47.83334956,44.81601268,41.20200057,41.99383518,45.07325388,45.87092298,50.38449338,45.64588057,39.14918031,34.48254121,32.09298302,30.50333801,38.2040531,42.62459571,42.08270857,43.02206864,45.39308953,42.44967927,43.3098875,45.9522499,84.50669355,63.04344568,52.35648029,50.60038923,52.83354666,52.69608583,44.14007537,41.71103369,43.54802191,50.35028515,46.9868666,36.5678273,31.09555753,26.50733233,24.2417833,25.98575276,28.81409154,29.50720684,28.19444245,29.82219566,30.37844686,32.23383304,36.04726817,36.84301656,42.98459797,43.72205188,38.64736325,40.41381686,40.76188149,29.90509911,25.84704034,30.91013,35.0298728,30.88026604,29.05312985,28.06614909,27.34927825,30.90195728,45.95714859,47.2161466,46.36703524,46.97243032,47.07328192,43.99599627,35.75474896,31.9772286,30.46784355,29.32812087,27.18399236,25.43282188,27.1030162,27.88526786,31.38824854,36.79481228,38.00040023,35.81410134,34.06370694,36.99969697,33.79360479,36.3790224,31.09523463,28.45381135,30.97857064,30.67441203,35.70301485,33.81469796,32.83258527,30.55947464,22.67583127,30.33310226,34.63275567,45.72403168,43.56628171,31.08483335,32.26156977,31.30459832,30.47644044,30.77202507,32.97695405,31.97859464,30.53058138,28.41749233,21.47028683,23.50613791,27.00441257,29.61158164,27.21322185,26.73110173,27.83169021,28.30151818,27.17314834,25.99652646,24.1448826,23.87641288,22.30204079,21.27827562,16.17793658,13.09614147,12.6450843,12.0257284,10.95102689,9.850015318,10.95243974,9.859174952,9.375087674,8.161936866,9.167023333,9.327828172,9.752808783,8.546450318,10.10002529,16.11067102,21.97653602,28.60443961,29.38817032,28.40945707,26.60640231,21.41573822,18.92290204,19.93979292,22.92365595,26.22400362,36.5878534,33.81880415,21.022494,18.09614075,20.89674378,15.77661943,13.2436789,13.08491524,16.03812196,16.05259168,16.42035518,22.71091009,28.51842645,32.90331666
2009-01-31 00:00:00-10:00,91.77501869,89.45666326,99.99430563,102.1531807,92.32067431,85.9472052,78.82072536,74.81057397,73.79727485,70.7305272,64.98567541,57.61237147,62.61867424,71.19560969,79.8613916,88.6202452,94.15050889,88.15358043,76.14503578,73.44556421,61.45367555,54.05417094,53.58508321,47.84641319,48.22350371,47.2248884,48.19036963,46.78633556,49.08710106,45.92833123,51.78610638,58.96836267,62.47480272,68.17004118,75.78688314,104.2887286,72.48542567,61.99490263,60.76586804,59.93155139,63.96214906,66.32165627,66.56600915,67.63809158,67.27707611,77.1191291,90.77530867,97.19112915,98.51332662,94.40936917,92.55919126,86.60544611,83.72765153,78.07837005,72.11114186,65.01971661,61.79321481,58.67177096,55.32461769,51.56066415,47.31164507,44.74272697,45.54477308,44.88667993,45.19356975,45.007859,39.75782835,38.899705,37.07105304,32.84997188,34.13977352,35.23287107,38.0665077,35.27763685,31.91197835,33.3291473,33.58486601,34.73490696,36.22285044,34.79917343,34.017222,36.06957481,39.57103549,43.15750017,48.95559509,53.35448351,58.30325897,57.59621835,53.59676217,50.45409442,47.85062724,44.58782443,41.12378419,41.98885198,45.04611956,45.87332439,50.2366093,45.48370714,39.12848635,34.38789156,31.89400361,30.42233037,38.11383905,42.4305102,41.85783706,42.82009504,45.16800682,42.17628314,43.14102487,45.66149103,84.10372648,62.57831793,51.80771579,50.05740045,52.26848326,52.18942978,43.36762587,40.9267212,42.76165102,49.88081975,46.54867405,36.17676328,30.78500885,26.23808168,24.06629106,25.79740752,28.56592165,29.25560164,28.00664563,29.64118289,30.15963164,32.0663237,36.0200768,36.76040584,42.98216275,43.81833985,38.7203791,40.58520644,40.61881489,29.6412277,25.78849522,30.86340388,34.97429327,30.79236415,28.99288357,28.08465393,27.40253921,30.8763449,45.95921552,47.27418408,46.46654383,46.91906503,46.93884275,44.02838811,35.77262688,31.8312008,30.35618995,29.23337219,27.11168902,25.33129238,26.93819707,27.69785295,31.21719898,36.65074355,37.82608918,35.71863192,33.93085142,36.83845139,33.49203804,35.9788171,30.81983916,28.24367227,30.80776609,30.4887572,35.42569462,33.48278123,32.4776103,30.2417477,22.51974536,30.20812121,34.53315982,45.66649831,43.47507434,30.98605017,32.16145021,31.1496992,30.32175218,30.61006034,32.8508087,31.8080502,30.41126475,28.26480478,21.35527863,23.3195875,26.80594447,29.57817925,27.07810706,26.47340762,27.5823941,28.02028591,26.947577,25.87105001,24.02710406,23.76617306,22.14276787,21.00885667,15.88499328,12.82985714,12.37022627,11.77630892,10.71256815,9.804179951,10.85294184,9.714844304,9.248503992,8.042020321,9.102866953,9.2995767,9.714518496,8.515628706,10.01624235,16.04376696,21.92407146,28.47806673,29.32911774,28.38844116,26.54259362,21.4613559,18.93220019,20.00004657,23.00451613,26.24288851,36.60932448,33.82781875,21.13115941,18.16600681,20.91048711,15.76923996,13.23365472,12.9632137,16.04256108,16.01630549,16.28983914,22.58112477,28.40179003,32.88518553
2009-02-28 00:00:00-10:00,91.89941284,89.47208607,100.443551,102.6403112,92.4320372,86.11302834,78.94339539,74.9864773,74.01044214,70.91690978,65.17545912,57.5440857,62.18768862,70.63495065,79.41371506,88.06007502,93.85332972,87.76767122,75.4880057,72.93073798,61.03256796,53.58773089,53.30320144,47.71105431,48.13706267,47.20766133,48.18832207,46.81442665,49.10457595,46.05063607,51.76160745,58.86507209,62.4396725,68.18219638,75.80981971,104.0993358,72.33183771,61.86842252,60.69186624,59.92162878,64.37216095,66.80218933,67.02020583,68.06449127,68.04782048,77.83179563,91.44948249,97.51756647,98.65999656,94.21176398,92.47389013,86.38313926,83.56528659,77.97182588,72.1106917,64.77104011,61.51626485,58.05316007,54.86623057,50.81217945,46.5079963,43.9913004,45.09424901,44.48506604,44.65580979,44.50317261,39.48225696,38.58797505,36.93204455,32.84294835,34.04466664,35.15595217,37.90784239,35.29212216,31.90759421,32.9469164,33.37249831,34.47283705,36.09236299,34.72504219,34.03889238,36.09596548,39.5772598,43.1425528,49.10784639,53.72595735,57.93031218,56.99570205,53.4852385,50.38700189,47.88813409,44.39271611,41.09475412,42.02731259,45.04975413,45.90271058,50.15057267,45.36952971,39.14551895,34.32422909,31.71220515,30.34762442,38.03779637,42.25130372,41.65388361,42.64228468,44.96633949,41.9281251,42.99840614,45.38426736,83.70771799,62.1237018,51.27734261,49.52801169,51.72670248,51.69575671,42.65359596,40.21199661,42.04615895,49.43409773,46.12939336,35.80118886,30.48249414,25.98912419,23.89237537,25.61681332,28.3253473,29.00995347,27.82074443,29.45579098,29.94518748,31.89379832,35.9792031,36.68741582,42.98737973,43.9155463,38.8027508,40.78138911,40.50628402,29.4037958,25.76896508,30.85079447,34.94911877,30.73294211,28.95919257,28.13287277,27.48453183,30.87839278,45.98330433,47.3505188,46.58760745,46.88157254,46.81307237,44.04777606,35.79267895,31.6891134,30.24638133,29.1442062,27.04937637,25.24331834,26.78275474,27.51701332,31.04499116,36.50212744,37.64793955,35.64240003,33.81580817,36.67997537,33.20279516,35.59078754,30.56847598,28.06398332,30.64538329,30.29949955,35.13361541,33.15075862,32.12652961,29.91463436,22.35277532,30.07472018,34.4299867,45.61168394,43.37228569,30.88598525,32.05646981,31.00251858,30.17523958,30.44910144,32.72928094,31.64920884,30.31495436,28.12990963,21.2717891,23.16099663,26.62234192,29.55406004,26.95600401,26.22138257,27.33245547,27.73639784,26.7302583,25.74537843,23.90835981,23.66004767,21.9754646,20.73595497,15.59963139,12.58599862,12.12263471,11.55145218,10.49358977,9.785460777,10.76103305,9.570858287,9.123847753,7.917403051,9.039596294,9.27180813,9.679953581,8.516977196,9.964503276,15.99535302,21.88484034,28.33829278,29.25975711,28.35811148,26.47440152,21.51574298,18.96025042,20.07742411,23.09118788,26.25996298,36.62506532,33.83356611,21.24370795,18.23478147,20.91025793,15.75512906,13.22472905,12.84969878,16.06870529,16.0010033,16.16687018,22.44896934,28.28212766,32.86920478
2009-03-31 00:00:00-10:00,92.03038497,89.4978614,100.8755945,103.1299177,92.5710287,86.29499687,79.09115367,75.19280701,74.25847453,71.14811759,65.4132457,57.55792321,61.80738857,70.10480095,78.99453185,87.53598523,93.60852112,87.45907378,74.88322259,72.46188986,60.64496731,53.14366882,53.02697808,47.5803905,48.04047414,47.17861748,48.1818565,46.84541301,49.12984855,46.19988835,51.76226209,58.76478531,62.41877767,68.19986009,75.83884202,103.9347672,72.19669747,61.76581917,60.63845636,59.9272306,64.77253377,67.26995464,67.46410274,68.47366408,68.78164839,78.50478818,92.07752987,97.81427118,98.78900274,94.00468333,92.37836561,86.1574632,83.40795786,77.8722931,72.11948983,64.53763628,61.26877129,57.49445809,54.443227,50.10049817,45.75137514,43.2801939,44.65468831,44.09117909,44.12068985,43.9982345,39.20404689,38.2738752,36.74413748,32.84716324,33.95079184,35.09869615,37.76925085,35.32883653,31.93041908,32.60290936,33.2045755,34.23773212,35.96259278,34.64123215,34.05821784,36.12077349,39.59217122,43.13217369,49.2480237,54.09062148,57.55074922,56.40327721,53.37607522,50.33191769,47.93866095,44.22514527,41.10017912,42.09552915,45.08046063,45.96723569,50.13127129,45.30547999,39.20011391,34.296538,31.55345689,30.28065213,37.9792875,42.09382677,41.47914102,42.49530914,44.79731749,41.71500153,42.8796392,45.12400829,83.32366039,61.68714984,50.77525387,49.0245025,51.21865933,51.22368376,42.00037365,39.56618067,41.4029047,49.01524208,45.73270675,35.44501861,30.1902315,25.76246838,23.72247752,25.4502745,28.09931305,28.77564797,27.63869161,29.26904749,29.73998438,31.72080231,35.92212748,36.62266725,43.00084248,44.01365497,38.89213468,40.99819422,40.43006378,29.19965088,25.7842981,30.86954038,34.9579161,30.70246291,28.9541313,28.21166801,27.59483225,30.9068276,46.01624177,47.44420133,46.72881378,46.86272877,46.70185753,44.05242702,35.81106638,31.54969743,30.13504926,29.05701698,26.99404469,25.16645114,26.63562278,27.34243035,30.87183932,36.34783152,37.46358356,35.58470406,33.72086091,36.51921911,32.92201702,35.21357107,30.34600537,27.91381434,30.49138145,30.10896589,34.83444089,32.83083996,31.78947869,29.5885385,22.18096169,29.93896297,34.32497079,45.56138744,43.26039119,30.78874227,31.95163587,30.86813411,30.04233165,30.29823312,32.61946407,31.50328374,30.24302174,28.01810405,21.2214614,23.03443698,26.4580716,29.5365915,26.84592897,25.98259866,27.09127566,27.45901224,26.53157095,25.62796483,23.79586062,23.56333724,21.8085161,20.47093107,15.33142081,12.36915445,11.9058104,11.35444841,10.29729752,9.789030292,10.67667076,9.428616554,9.005659662,7.7945918,8.983581067,9.247146259,9.655439254,8.552163345,9.94375853,15.96656529,21.85706499,28.18701582,29.17913341,28.31629541,26.40025527,21.57441785,19.00242036,20.16637112,23.17835618,26.27450978,36.63585733,33.83603907,21.35910798,18.30205738,20.89971005,15.73729189,13.21865231,12.7475092,16.11657345,16.00475735,16.05333952,22.31699775,28.1612,32.85298236
2009-04-30 00:00:00-10:00,92.16387827,89.54011675,101.2922309,103.6223036,92.74040479,86.50137801,79.26710839,75.43046788,74.54371004,71.42466506,65.70130033,57.66285063,61.4942674,69.60953832,78.6080317,87.05336361,93.40928933,87.21614516,74.32125697,72.02687341,60.27715555,52.71384212,52.75227261,47.44990699,47.928762,47.13272988,48.16538053,46.8731837,49.1599085,46.3768995,51.7921543,58.67127861,62.41599511,68.22926691,75.88009919,103.8018339,72.08643896,61.69679843,60.6197104,59.95716122,65.16669302,67.72850649,67.90323557,68.8697411,69.47099861,79.13302882,92.64658704,98.07731861,98.89761045,93.79235171,92.26643441,85.92955907,83.26488586,77.78754194,72.14584189,64.33627719,61.06193313,57.00581541,54.06576581,49.43127171,45.05653549,42.62181533,44.2327182,43.70615574,43.58764445,43.49299861,38.91564003,37.95145737,36.51070689,32.84817889,33.85000285,35.05121602,37.64195546,35.36875826,31.96338995,32.28871156,33.0710272,34.02229774,35.8269317,34.54728366,34.07417025,36.14319209,39.61312529,43.12730178,49.37839744,54.43905753,57.16496885,55.83324316,53.26592455,50.2840331,47.99767849,44.07769213,41.12704896,42.18494237,45.13543008,46.07382396,50.18083519,45.29348581,39.29263793,34.30854336,31.422651,30.22233896,37.93973528,41.96394351,41.344066,42.38718477,44.66966398,41.54637573,42.78353268,44.88529241,82.95703529,61.27685598,50.31097435,48.55854877,50.75438678,50.78264447,41.41122044,38.98156751,40.82581916,48.62577998,45.36042903,35.109818,29.90916061,25.55799116,23.55723134,25.30013011,27.89190664,28.55631009,27.46158967,29.08248708,29.54542515,31.5516623,35.85057325,36.56636825,43.0245469,44.11414787,38.98987365,41.23325412,40.39571863,29.03535877,25.83162019,30.91812176,35.00140791,30.69724205,28.97457704,28.31847685,27.7301983,30.9586923,46.04391527,47.54965378,46.88370983,46.86081194,46.60685523,44.03867813,35.82410358,31.41028028,30.01853856,28.96716392,26.94095768,25.09691599,26.49449211,27.1727951,30.69669339,36.18445555,37.2693528,35.54299447,33.64627771,36.35087083,32.64513388,34.84387868,30.15453559,27.79010908,30.34755018,29.92033375,34.53600659,32.53292345,31.47646235,29.27490579,22.01151965,29.80776971,34.22050342,45.51814614,43.14142462,30.69641319,31.84979282,30.75158938,29.92923043,30.16581066,32.52743913,31.37280225,30.19685587,27.93437907,21.20608803,22.94333901,26.31769114,29.52316466,26.74755359,25.76430914,26.86678614,27.19579383,26.35977463,25.52493357,23.69477665,23.47635512,21.64621193,20.22172349,15.08720712,12.18035359,11.71886313,11.18421179,10.12343636,9.807161884,10.59678848,9.286893884,8.897479378,7.679502051,8.940274479,9.22602718,9.645987235,8.621052699,9.951914363,15.9566153,21.83695779,28.02726426,29.0872673,28.26236798,26.32018872,21.63299381,19.05373982,20.26069043,23.26091639,26.2873721,36.64219253,33.83646399,21.4769211,18.3682502,20.88267631,15.71838148,13.21680371,12.65971351,16.18669695,16.02526887,15.9507168,22.18730258,28.04076573,32.8342906
2009-05-31 00:00:00-10:00,92.29656698,89.60291008,101.6928366,104.1147385,92.93998427,86.73175489,79.46879563,75.69639748,74.86315238,71.74274165,66.03713986,57.85346849,61.25970415,69.15100497,78.2544684,86.61378525,93.24570675,87.02416482,73.79411842,71.61778497,59.92210342,52.29642852,52.48035701,47.32032884,47.80230995,47.07017832,48.13743672,46.89467077,49.19277491,46.58164594,51.85399775,58.58724288,62.43285793,68.27454074,75.936952,103.7040034,72.00523649,61.66685648,60.64584932,60.01954034,65.55821767,68.18143123,68.34127446,69.25527241,70.10836022,79.71023502,93.13782463,98.29511468,98.97525337,93.56451291,92.12254159,85.69078462,83.1401823,77.72236021,72.19543608,64.18012705,60.9040758,56.59426749,53.7409875,48.81001483,44.43621595,42.02852152,43.836504,43.33639041,43.06247562,42.99608213,38.61405231,37.61731217,36.23865544,32.83305193,33.73622372,35.00822452,37.52195879,35.39704537,31.99253931,31.99536173,32.96041954,33.8153031,35.67782168,34.44281033,34.08624898,36.16338786,39.63761203,43.12649219,49.50333895,54.76647759,56.7722206,55.29800951,53.15042148,50.23772074,48.06074448,43.94404385,41.1671962,42.29210146,45.21200073,46.22580481,50.29833389,45.33584962,39.42415676,34.36325201,31.32501638,30.17638083,37.92127688,41.86788611,41.26094036,42.32506901,44.59020446,41.4305559,42.71069527,44.67316958,82.61330266,60.9002906,49.89287841,48.14014997,50.34221679,50.38153107,40.88909394,38.45381514,40.31088221,48.27026241,45.01697451,34.79880231,29.64251573,25.37711194,23.39854998,25.16755251,27.70571056,28.35466043,27.28919772,28.89695368,29.35937058,31.3888658,35.76967284,36.52015099,43.0612948,44.21830922,39.09914411,41.48493002,40.40678554,28.9161175,25.90909356,30.9948427,35.07362234,30.71079911,29.01484031,28.44913199,27.88595554,31.02976029,46.0539497,47.65917466,47.04377298,46.87272668,46.52889631,44.00356011,35.82958034,31.27028932,29.89608014,28.87220812,26.88600561,25.03164392,26.35789911,27.00786771,30.51958899,36.0094165,37.0640179,35.51548246,33.59224437,36.17378659,32.37091248,34.48223033,29.99623412,27.69194223,30.21946638,29.74025869,34.24935278,32.26772177,31.19632555,28.98425735,21.85151967,29.68784977,34.1200224,45.48433597,43.01773762,30.60849661,31.75105621,30.65645162,29.84063246,30.05982177,32.45988552,31.26177519,30.17823462,27.88231837,21.22692227,22.88999762,26.20498105,29.5112952,26.66092527,25.57110983,26.66215634,26.9502936,26.21848837,25.43944477,23.60769757,23.39522253,21.48984144,19.99247573,14.87019722,12.01821674,11.5589798,11.037472,9.970346358,9.833061253,10.51815082,9.144586931,8.802054252,7.576379103,8.913163221,9.209236761,9.654217594,8.720643249,9.98492885,15.96243055,21.81869729,27.8620611,28.98495483,28.1969093,26.2364027,21.68826165,19.11003107,20.35491188,23.33472735,26.29984607,36.64542341,33.83661776,21.59683628,18.43426346,20.86446758,15.70126907,13.21949678,12.58729521,16.27918605,16.05991259,15.85943222,22.06054327,27.92245558,32.80877378
2009-06-30 00:00:00-10:00,92.42397492,89.6824471,102.0683868,104.5968882,93.16528608,86.97669817,79.68829503,75.98289472,75.20843645,72.09436651,66.41266225,58.1165221,61.10689332,68.72779966,77.93103971,86.21553308,93.10578947,86.86620002,73.29506606,71.22910582,59.57745924,51.89473232,52.21507858,47.1943883,47.66368917,46.99312174,48.09854626,46.90887138,49.2268517,46.81092935,51.94588452,58.51214194,62.46677,68.33436784,76.00583969,103.6371826,71.95072134,61.67342293,60.71759785,60.11502239,65.94441825,68.62608153,68.77373065,69.62590501,70.68294412,80.22540688,93.52627255,98.44814825,99.00377464,93.30731873,91.92705991,85.4289589,83.03420284,77.67915777,72.2703783,64.07701985,60.79931094,56.26416853,53.47292996,48.24217596,43.90051975,41.51080582,43.4754502,42.99290587,42.55828152,42.52568045,38.30386902,37.27412917,35.94046159,32.79608105,33.60999523,34.96964278,37.41105111,35.41044382,32.01415625,31.72285615,32.86842371,33.60562048,35.5114027,34.33082235,34.09756858,36.18509569,39.66647118,43.12923504,49.62839636,55.07179361,56.37248002,54.80417293,53.02421001,50.18662933,48.12227917,43.82050633,41.21691126,42.41671861,45.30732955,46.42179416,50.47868015,45.43274192,39.59541389,34.4618913,31.26452632,30.14773448,37.9269209,41.81062511,41.23924773,42.31346756,44.56252218,41.37327537,42.66329367,44.49216434,82.29751839,60.56278314,49.52655097,47.77613049,49.98761885,50.02751694,40.43562571,37.98170715,39.85583394,47.9547014,44.70765589,34.51566438,29.39425952,25.22187807,23.25001595,25.05417492,27.54199834,28.17242273,27.1214776,28.7139109,29.17891891,31.23365386,35.68556426,36.48590692,43.11273338,44.32680249,39.22313235,41.75195977,40.46272825,28.84411925,26.0145779,31.09611231,35.16454809,30.73663704,29.06892099,28.59938957,28.05663948,31.11589488,46.03821758,47.76423708,47.20008624,46.89552311,46.46903084,43.94615389,35.82695151,31.13171077,29.76988888,28.77249766,26.82637971,24.96833586,26.22484511,26.84743632,30.34061993,35.8214876,36.84920239,35.5011181,33.55857673,35.99053869,32.10083716,34.13253993,29.8737388,27.62082692,30.11459232,29.5776846,33.98745988,32.04645234,30.95592589,28.72369015,21.70554768,29.58350488,34.026012,45.46084465,42.89207344,30.52171934,31.65325805,30.5835237,29.77884891,29.98712803,32.42378739,31.17527893,30.18952281,27.8635795,21.28414087,22.87504289,26.12181675,29.49884293,26.58613091,25.40418378,26.47671588,26.72248188,26.1074627,25.37265886,23.53540488,23.31518998,21.34038902,19.78407681,14.68014916,11.88009091,11.42299912,10.9103764,9.835807287,9.861596298,10.43799605,9.001350312,8.720765662,7.486927368,8.902971435,9.197079549,9.680154154,8.84483141,10.03657766,15.97914538,21.79623502,27.69470152,28.87458647,28.12192083,26.15284609,21.73857314,19.16841898,20.44525061,23.3976805,26.31330898,36.64740973,33.83850865,21.71856341,18.50120259,20.85088976,15.68828972,13.22697765,12.53085191,16.39371984,16.10677096,15.78033292,21.93733347,27.80904819,32.77164693
2009-07-31 00:00:00-10:00,92.53950349,89.77092423,102.4060651,105.0540963,93.40710054,87.22253126,79.91540253,76.27970248,75.56816186,72.46828791,66.81563476,58.43400339,61.03447017,68.33644113,77.63322771,85.85390513,92.97743855,86.72804238,72.82225661,70.86118673,59.24777036,51.51376062,51.95962306,47.07392366,47.51523618,46.9034211,48.04943767,46.91593701,49.25988452,47.05739712,52.06011592,58.44202049,62.51113498,68.40201054,76.07648109,103.5895927,71.91299958,61.70510093,60.82490132,60.23450413,66.31452067,69.05185791,69.18880993,69.97180666,71.18459845,80.66854704,93.79069336,98.51820086,98.96652013,93.00957249,91.66273504,85.13563567,82.9457238,77.65813144,72.36862838,64.02975744,60.74839617,56.01688444,53.26338426,47.73312195,43.45702827,41.0767846,43.16159953,42.69082291,42.09512691,42.10652208,37.99768717,36.9329353,35.63460728,32.73988921,33.47835547,34.94061089,37.31633905,35.41615724,32.03366775,31.47840201,32.79642774,33.38720207,35.32987249,34.21723852,34.11422748,36.21450741,39.70304197,43.13804636,49.75933852,55.35664873,55.9668366,54.35371072,52.88359587,50.12592152,48.17731726,43.70581515,41.27625068,42.56027339,45.41821671,46.65556544,50.71207981,45.57960434,39.80364923,34.60245769,31.24187736,30.13954502,37.95932274,41.79336509,41.28166165,42.35098004,44.58463593,41.37512672,42.64411814,44.34465097,82.01321362,60.26688919,49.21462996,47.47044006,49.6942365,49.72567565,40.05185064,37.5664227,39.45976871,47.68451395,44.43687225,34.26294323,29.16729339,25.09326861,23.11296839,24.95879379,27.3973972,28.00707193,26.9570366,28.53327886,29.00071391,31.08583956,35.60284144,36.46504756,43.17844127,44.43930169,39.36395396,42.03302451,40.55860041,28.81801887,26.14349489,31.21555148,35.26384101,30.76979101,29.13213244,28.76586045,28.23690868,31.21396553,45.99138733,47.85578956,47.34325039,46.92519655,46.42686563,43.86762958,35.81743422,30.99753725,29.64342365,28.67013056,26.76059986,24.90556214,26.09456066,26.69108866,30.16023558,35.62174759,36.62847064,35.49890573,33.54421622,35.80613577,31.83968899,33.80225261,29.79024613,27.57973561,30.03965594,29.44174543,33.76300142,31.87791146,30.75974738,28.49484069,21.57385421,29.49443703,33.93739406,45.44505036,42.76456285,30.43037984,31.55220561,30.53058994,29.74325038,29.95238005,32.42537364,31.11796146,30.23200288,27.87808681,21.37628069,22.89694904,26.06805101,29.48440056,26.52312164,25.26244235,26.30836121,26.51100277,26.02363561,25.32394244,23.47715314,23.23299239,21.19943492,19.59469019,14.51363461,11.76150506,11.30683928,10.79805239,9.71649381,9.887915523,10.35375991,8.857555977,8.652896505,7.410170232,8.90732011,9.188356533,9.721350105,8.985196011,10.09932277,16.00109907,21.76567181,27.5298927,28.76040457,28.04092969,26.07454384,21.78372463,19.22753775,20.53000357,23.45006699,26.32902325,36.64979701,33.84432687,21.84184426,18.57007934,20.84751672,15.6808381,13.23997059,12.49172924,16.5292796,16.16408197,15.71486571,21.81871686,27.7046546,32.71933516
2009-08-31 00:00:00-10:00,92.63598075,89.86007807,102.6928502,105.4700556,93.65224055,87.45367073,80.1387392,76.57439137,75.92834036,72.85025379,67.22995537,58.78388979,61.03636534,67.97355746,77.35602145,85.52239626,92.85020173,86.60007081,72.37908428,70.52076842,58.94403734,51.15991663,51.71719312,46.96071459,47.360445,46.80399955,47.99224274,46.91799143,49.28990133,47.31193368,52.18542126,58.37083286,62.55667347,68.46735267,76.13507506,103.5441837,71.87585354,61.74322457,60.94904895,60.36066164,66.65115544,69.44160486,69.57066293,70.2815517,71.60787222,81.03529533,93.91988132,98.49518461,98.85412342,92.6651745,91.32116809,84.80711758,82.87277374,77.65744483,72.48428162,64.03611412,60.74873806,55.85023998,53.11233633,47.28747069,43.10994366,40.73115779,42.90894099,42.44729738,41.6970204,41.76461856,37.71444596,36.61250053,35.34488432,32.67468507,33.35349071,34.93116727,37.24958194,35.42887142,32.06312724,31.27250027,32.74851782,33.16052889,35.14042284,34.10753744,34.14148799,36.25577229,39.74865687,43.15720822,49.90153661,55.62522658,55.55809248,53.94513956,52.72771157,50.05277054,48.22180513,43.600862,41.34863017,42.72509249,45.54088085,46.91667813,50.98450264,45.76623779,40.0413549,34.77873488,31.2534644,30.15173623,38.01961451,41.81208995,41.38193102,42.42919287,44.64814997,41.43043815,42.6553392,44.22985925,81.76135831,60.01255485,48.95698034,47.22431361,49.46403525,49.47885578,39.73926944,37.21155197,39.12410205,47.46414718,44.20845043,34.04332056,28.96460084,24.99225604,22.98539814,24.87589857,27.26583195,27.85403852,26.79371683,28.35286918,28.82011512,30.94240418,35.52166933,36.45788189,43.25531274,44.55388524,39.52526014,42.32701008,40.68400812,28.83170264,26.28782045,31.34500305,35.36302169,30.80717574,29.20138751,28.94607998,28.42223978,31.32198992,45.91074722,47.92479992,47.46368671,46.95620326,46.39978637,43.77057599,35.80377034,30.87090635,29.52051782,28.56839722,26.68849958,24.84292463,25.96678971,26.53846971,29.97964141,35.41409229,36.40720387,35.50801196,33.54733401,35.6267578,31.59476401,33.50078987,29.7487692,27.5718436,29.99924423,29.3401511,33.58657219,31.76752293,30.61000733,28.29436366,21.45288699,29.41624537,33.84973281,45.43168909,42.63253059,30.32764283,31.44256847,30.49319876,29.73032442,29.95756074,32.4691088,31.09344107,30.30520592,27.9238585,21.5001449,22.95209099,26.04176388,29.46725712,26.47165874,25.14337049,26.15465089,26.31438124,25.96197253,25.29102314,23.43074278,23.14810544,21.06900502,19.42072167,14.36517278,11.65722774,11.20612345,10.69533249,9.608318399,9.907090875,10.26333068,8.714282164,8.595405659,7.342393242,8.920954541,9.179877545,9.77300208,9.131750818,10.16526306,16.0226144,21.72605679,27.37308531,28.64769099,27.9585758,26.00671423,21.82450075,19.28743588,20.60949769,23.49440042,26.34860304,36.65460744,33.8564245,21.96662273,18.64157543,20.85923279,15.67935874,13.25962526,12.47250985,16.68373467,16.23086808,15.66508628,21.70622762,27.6142388,32.64823178
2009-09-30 00:00:00-10:00,92.70872025,89.94270241,102.9177214,105.8291012,93.8861829,87.65429088,80.3459537,76.85198146,76.27147759,73.22272826,67.63526607,59.14168143,61.10089289,67.63851903,77.0952876,85.21469103,92.71700219,86.4773973,71.97259159,70.2193526,58.68086068,50.84112704,51.49167597,46.85728557,47.20529402,46.70014775,47.93171967,46.92007011,49.31720523,47.56713572,52.31005549,58.29235799,62.59275644,68.51885206,76.16771919,103.4819127,71.81916184,61.76467711,61.06601701,60.47107216,66.93334266,69.77431991,69.90129544,70.54284845,71.95094529,81.32554004,93.91152325,98.37695246,98.66383877,92.2735688,90.90471086,84.44403414,82.81358339,77.67415195,72.60850465,64.08901403,60.79418835,55.75792246,53.01781433,46.90792442,42.85871533,40.47398239,42.72931678,42.27673287,41.38552066,41.52036166,37.47542764,36.33529805,35.09777619,32.61638354,33.25053539,34.95422996,37.22525924,35.46775391,32.11876641,31.11567424,32.72841843,32.93015633,34.95137226,34.00758315,34.18441898,36.31077748,39.80299797,43.18794885,50.05920611,55.8856321,55.15234922,53.5749734,52.55921072,49.96717446,48.25405051,43.50894695,41.44060529,42.91421711,45.6714362,47.19193896,51.27922983,45.97831574,40.29699204,34.97986114,31.29138291,30.1805472,38.10614379,41.85735261,41.52481819,42.53314743,44.73889269,41.52773866,42.69687325,44.14374391,81.54005107,59.79782795,48.75134869,47.03680779,49.2975182,49.28825712,39.50110003,36.92367089,38.85347242,47.29685113,44.02613873,33.86097044,28.79054271,24.92037856,22.86499359,24.79898826,27.14180831,27.70952797,26.63039918,28.17063786,28.63421713,30.79897825,35.43897258,36.4628108,43.33810833,44.66670677,39.70873598,42.63131241,40.82396705,28.87461484,26.43793545,31.47638602,35.45565071,30.84669814,29.27402061,29.1373104,28.60880817,31.43815891,45.79669335,47.96291397,47.55220264,46.98152684,46.38282398,43.65802859,35.78975994,30.75483237,29.40514079,28.47152571,26.61112636,24.78106569,25.84209794,26.38970005,29.80108803,35.20489816,36.19332882,35.52866554,33.56616887,35.45860291,31.3742056,33.23712898,29.75072056,27.59922095,29.9953248,29.27809626,33.46550299,31.71738808,30.50712893,28.1180333,21.33867107,29.34401936,33.75857315,45.41589931,42.49324848,30.20830724,31.3203717,30.46634241,29.7349212,30.00221359,32.55663742,31.10383796,30.4068116,27.99699059,21.65098721,23.03501759,26.03949209,29.44695428,26.43140435,25.0429318,26.01263323,26.13118369,25.91668247,25.27048111,23.39240757,23.06202752,20.95002294,19.25777399,14.22860466,11.56285907,11.11724385,10.59797688,9.507232521,9.914439332,10.16523532,8.5729063,8.543032584,7.27756427,8.936508907,9.166595399,9.82834498,9.273686094,10.22686907,16.03855307,21.67924094,27.22949898,28.54189303,27.88008569,25.95409258,21.86240237,19.34951845,20.68594968,23.53505961,26.37442036,36.6647065,33.8773378,22.09319894,18.71578239,20.88983321,15.68354826,13.28723487,12.47699817,16.85315203,16.30643949,15.63304772,21.60190525,27.54298967,32.5561799
2009-10-31 00:00:00-10:00,92.75699909,90.01320861,103.0733237,106.1189957,94.09549925,87.81044064,80.52479738,77.09621379,76.57800766,73.56608926,68.0082875,59.48345388,61.21214369,67.33523433,76.84946075,84.92707628,92.5760626,86.35998293,71.61161087,69.97065049,58.47259045,50.56656665,51.28761376,46.76711416,47.05875775,46.60016478,47.87586568,46.93071205,49.3463038,47.82018178,52.42432218,58.20190021,62.60871842,68.54516087,76.16314261,103.3850135,71.72230104,61.74563431,61.15053081,60.5422213,67.14028538,70.02869011,70.16303606,70.74363648,72.21428284,81.541855,93.77004446,98.1681509,98.39841306,91.83880877,90.42423499,84.05117336,82.76682859,77.70460946,72.73061628,64.17708478,60.87511715,55.72902346,52.97526054,46.59376842,42.69674167,40.29966471,42.6268828,42.18490174,41.17226833,41.38171674,37.29847432,36.12116426,34.9172997,32.58314776,33.18443377,35.02198918,37.25727192,35.55266815,32.21779653,31.01824206,32.74063922,32.70523608,34.77259861,33.92435805,34.24863836,36.37982606,39.86530156,43.22943298,50.23491247,56.14964231,54.75943994,53.24000778,52.38376673,49.87183994,48.27507469,43.43640015,41.56216569,43.13292739,45.80778839,47.46820327,51.57908017,46.19967828,40.55647615,35.19104621,31.34422382,30.2186848,38.21238629,41.91496791,41.68785621,42.64263327,44.83829956,41.6510213,42.76448259,44.07967673,81.34568476,59.6200234,48.5945176,46.90586704,49.19464118,49.15507905,39.34329756,36.71272922,38.65615556,47.18458561,43.8938306,33.72193139,28.65128304,24.87907923,22.75169368,24.72416883,27.02208139,27.57089266,26.46762299,27.98552814,28.44353049,30.65143052,35.3508014,36.47684205,43.42134479,44.77231896,39.91052818,42.93942958,40.96091342,28.93297279,26.58457075,31.60314709,35.53719367,30.88662001,29.3471144,29.33574931,28.79299682,31.56021382,45.65298766,47.96295129,47.6004666,46.99292513,46.36875916,43.53251004,35.77959655,30.65235285,29.30147459,28.38442414,26.5304946,24.72144995,25.72191256,26.24576572,29.62802161,35.00206154,35.99776798,35.5627531,33.59978226,35.30694885,31.18536934,33.01780681,29.79452684,27.66179289,30.02731762,29.25767623,33.40331067,31.72623135,30.45031641,27.96358064,21.22994644,29.27542783,33.66240339,45.39600459,42.34688807,30.07179864,31.18504144,30.44595114,29.75162024,30.08341684,32.68599148,31.14920262,30.53299042,28.09220927,21.82323591,23.13922476,26.05666828,29.42295253,26.40194078,24.95572163,25.87907476,25.96022101,25.88235758,25.25832108,23.35721779,22.97646611,20.84126483,19.10146038,14.09833925,11.47590262,11.03798511,10.50352224,9.410061395,9.906097206,10.05852235,8.434384768,8.489182905,7.20877827,8.945943239,9.142504719,9.87943579,9.400585954,10.27766588,16.04488219,21.62908882,27.10342477,28.44801647,27.81087464,25.92057916,21.89974408,19.41658722,20.76321214,23.57761046,26.40947365,36.6834837,33.9096166,22.22210587,18.79156292,20.94079451,15.69216759,13.32370109,12.50948122,17.03146031,16.38940604,15.61989721,21.50815563,27.49553353,32.44461332
2009-11-30 00:00:00-10:00,92.78341198,90.06686755,103.1562089,106.334119,94.27013323,87.91284936,80.66611292,77.2937449,76.83140832,73.8635352,68.3280166,59.79009246,61.35362674,67.07210378,76.62100938,84.66021663,92.4317562,86.25311324,71.30550185,69.7870915,58.32979281,50.34452782,51.10838011,46.69349501,46.93110547,46.5143052,47.83456349,46.96028408,49.38532899,48.07216998,52.52208567,58.09750747,62.59661009,68.5381187,76.11573642,103.2396707,71.56791952,61.6655619,61.18023514,60.55367475,67.25545704,70.18730669,70.34218003,70.87490873,72.40014228,81.6887031,93.50469847,97.87976847,98.06599155,91.36961243,89.89731174,83.63725171,82.73086968,77.74398454,72.839006,64.28549649,60.97880296,55.74809307,52.97681315,46.3397511,42.61101495,40.19617847,42.59574158,42.16658079,41.05577665,41.34229304,37.19152586,35.9805078,34.81647709,32.58920145,33.16620888,35.14195193,37.35476805,35.69985098,32.37499352,30.98955922,32.79083235,32.4988225,34.61524967,33.86470472,34.33932065,36.46201504,39.93487897,43.27993577,50.4291202,56.43001789,54.39208522,52.93941915,52.20805099,49.77052463,48.28704592,43.39242316,41.72613892,43.38909638,45.95007992,47.73465995,51.87005178,46.4159975,40.80616173,35.39587267,31.39864306,30.25647564,38.32645445,41.9678289,41.8444165,42.73426849,44.92492473,41.78076063,42.84869177,44.02992686,81.17556019,59.47701013,48.48367732,46.82916241,49.15560815,49.08200875,39.27412925,36.59062266,38.54270516,47.12708309,43.8139342,33.63154224,28.5524665,24.8682286,22.64659416,24.65056856,26.90563106,27.43670809,26.30662773,27.79666201,28.25059064,30.49685662,35.25311217,36.4953136,43.49832993,44.86420298,40.12243345,43.24104135,41.07781552,28.99163738,26.71960816,31.72084874,35.60483201,30.92534571,29.41750939,29.53640392,28.97085522,31.68553226,45.48692403,47.91976137,47.60188574,46.98184343,46.34884835,43.39571424,35.77720516,30.56692789,29.21418338,28.31246113,26.44940051,24.66596102,25.60805256,26.10828779,29.46443428,34.81342953,35.8309859,35.61086048,33.6464984,35.17544249,31.03458514,32.84733384,29.87571959,27.7569514,30.09156508,29.27693948,33.39899769,31.78871501,30.43678171,27.82978962,21.12779429,29.21069242,33.56251779,45.37301161,42.19667751,29.92233436,31.03940257,30.42915902,29.77539702,30.19588526,32.85174407,31.22741996,30.67896705,28.20349624,22.01103219,23.25772442,26.08785295,29.39441051,26.38260585,24.87729242,25.75195502,25.80134491,25.85471149,25.25075206,23.32085636,22.8928455,20.74100854,18.94871418,13.97064207,11.39613983,10.96768856,10.4116804,9.31548299,9.880058573,9.943109176,8.299146079,8.428389742,7.130737323,8.94244165,9.102171621,9.918191974,9.50410866,10.31312747,16.03942805,21.57977702,26.99719986,28.36975889,27.75553577,25.90876465,21.93982125,19.49238242,20.84590191,23.62740424,26.45631982,36.71350101,33.95569866,22.35340565,18.86539689,21.0085443,15.7018066,13.36902448,12.57332108,17.21127385,16.47772659,15.62559985,21.42726915,27.47493781,32.31766075
2009-12-31 00:00:00-10:00,92.7934312,90.09963208,103.1672549,106.4769287,94.40419611,87.95730418,80.76429831,77.43616539,77.02138222,74.10473457,68.58044098,60.05168726,61.51238449,66.860545,76.41631023,84.4191431,92.29245144,86.16480674,71.06105762,69.6753909,58.25635556,50.17958413,50.95397594,46.63747268,46.83121099,46.45239048,47.81684588,47.01760058,49.44164431,48.32318579,52.60140473,57.98044601,62.55359917,68.49512094,76.02700677,103.0381582,71.34512935,61.51049988,61.1389097,60.49117994,67.26978833,70.24012307,70.43206232,70.93333816,72.5125244,81.77216196,93.12807989,97.52764244,97.67909667,90.87891014,89.345911,83.21365731,82.70257482,77.7857407,72.92199536,64.39739471,61.09065674,55.79669944,53.01158361,46.13713771,42.58425602,40.14532293,42.6199994,42.20539399,41.02112066,41.38305925,37.15045837,35.91132698,34.79402233,32.64178388,33.19956707,35.3132321,37.51800751,35.91716288,32.59840132,31.0352562,32.88355831,32.32469625,34.48943579,33.83250936,34.45837394,36.55536805,40.01117116,43.33704794,50.63946661,56.736359,54.06397758,52.67454335,52.03808979,49.66679042,48.29223918,43.38775086,41.94631493,43.69167605,46.10017114,47.9848391,52.14304199,46.61701529,41.03536723,35.57909967,31.4416764,30.28352705,38.43457878,41.99963447,41.96796427,42.78620071,44.97847257,41.89706707,42.93691501,43.98730128,81.02776604,59.36660871,48.41734164,46.80421983,49.17996049,49.07165958,39.30150052,36.56806147,38.52241171,47.12053022,43.78449579,33.59073564,28.49545118,24.88406727,22.55027328,24.57734464,26.79169265,27.30587485,26.1490806,27.60499853,28.06000128,30.33413634,35.14293582,36.51354517,43.56219933,44.9361202,40.33397458,43.52382288,41.16130615,29.03627566,26.83631317,31.82685816,35.65722025,30.96150903,29.48232449,29.73355017,29.13800005,31.81186959,45.30953561,47.83238851,47.55374819,46.94167881,46.31475189,43.24925568,35.78620517,30.5022386,29.14818505,28.26134035,26.37159808,24.6165904,25.50194071,25.97843992,29.31317542,34.64487325,35.70010886,35.67012108,33.70189736,35.06436078,30.92549794,32.72700769,29.9863912,27.87859666,30.17951134,29.3278668,33.44511503,31.89317193,30.45934378,27.71382743,21.03252981,29.14996813,33.46040849,45.34751556,42.04763613,29.76743417,30.88876959,30.41437612,29.80229858,30.33244609,33.04601135,31.33453388,30.83949993,28.32455268,22.20838292,23.38336485,26.12702515,29.36029384,26.37246245,24.80522528,25.63092747,25.65561224,25.83103959,25.24482762,23.28097307,22.8125559,20.64832233,18.79885319,13.84422112,11.32464954,10.90701876,10.32416728,9.224433966,9.837158969,9.820985873,8.168083254,8.358069659,7.04004969,8.920239692,9.041051663,9.937072743,9.578510732,10.3304976,16.02105241,21.53367762,26.90939421,28.30758896,27.71507735,25.91844851,21.98584002,19.57983661,20.93800989,23.68833631,26.51617523,36.75562704,34.01899624,22.48622967,18.93177577,21.08562,15.70792502,13.42202571,12.66943961,17.38426085,16.56913866,15.64893683,21.36108887,27.48219642,32.18114958
2010-01-31 00:00:00-10:00,92.79426516,90.10865849,103.1112904,106.555422,94.49600563,87.944444,80.81692888,77.52064916,77.14498722,74.2870575,68.76108033,60.27076212,61.68121915,66.71228522,76.24464892,84.21257763,92.17000545,86.10544184,70.88310452,69.63805195,58.25226591,50.07560652,50.82471534,46.60070789,46.76758848,46.42451539,47.83122052,47.11057676,49.52262454,48.57343618,52.66532087,57.8552285,62.48290893,68.4192771,75.9043334,102.7807786,71.05184649,61.27565409,61.01875492,60.34882972,67.18260435,70.18561554,70.43365643,70.92133641,72.55663966,81.79902642,92.65447386,97.12889719,97.25162926,90.38242301,88.79349445,82.7919074,82.67699638,77.82232909,72.96943562,64.49696429,61.19711494,55.85721459,53.06820228,45.97659391,42.59890343,40.12738992,42.67901524,42.2793904,41.04575197,41.47833988,37.1620399,35.90181037,34.83807705,32.7420552,33.28188953,35.52844579,37.73995691,36.19975672,32.88424227,31.15189265,33.01699566,32.19211945,34.40058896,33.82880994,34.6042236,36.6571088,40.09382053,43.39764585,50.85969418,57.07191017,53.78757591,52.4474221,51.87852741,49.56338817,48.29280281,43.43203925,42.23426389,44.04857648,46.2610938,48.21694339,52.39238965,46.79488504,41.23522035,35.7276732,31.46226903,30.29003578,38.52466122,41.99873193,42.03883367,42.78221869,44.98364749,41.9833006,43.01692891,43.94563783,80.90065317,59.28639798,48.39491824,46.82847408,49.2664901,49.125464,39.430167,36.65082411,38.59970504,47.15807787,43.80017773,33.59669808,28.47802191,24.92088144,22.46383579,24.50430919,26.68028349,27.17834729,25.99767218,27.41431927,27.87777083,30.16371985,35.01912088,36.52847034,43.60762889,44.98349468,40.53489986,43.77618219,41.20353105,29.05515345,26.92949936,31.91904698,35.69387413,30.99419326,29.53975448,29.92159699,29.29035813,31.93716257,45.13462445,47.70402262,47.45730699,46.86857769,46.25959102,43.09437,35.80931307,30.46170018,29.10746358,28.23604861,26.30095927,24.57508357,25.40476788,25.85759292,29.17651442,34.50026265,35.60892238,35.73592564,33.75998325,34.97185674,30.85846894,32.65495328,30.11682192,28.01893245,30.28030221,29.39927482,33.52969571,32.02340117,30.50946754,27.6127578,20.944312,29.09372545,33.35834126,45.32159123,41.90619052,29.61691501,30.74025466,30.40091323,29.82985247,30.48459601,33.25939482,31.46519682,31.00926876,28.4495855,22.40923184,23.5091148,26.16790365,29.31928535,26.37034422,24.73840033,25.51651098,25.52405722,25.80963763,25.23824854,23.23664436,22.73586515,20.56147077,18.65206373,13.71860886,11.26266442,10.85726467,10.24390559,9.139425329,9.780126627,9.695303517,8.042325411,8.278533812,6.93604169,8.876081924,8.956839874,9.930465468,9.621445924,10.32910443,15.98945141,21.49112128,26.83567722,28.25927421,27.68755861,25.94654619,22.03945472,19.67961089,21.04244956,23.76244103,26.58877892,36.8087516,34.10266773,22.61890359,18.98510438,21.16279494,15.70604367,13.48005174,12.79528837,17.54109784,16.66099435,15.68724975,21.31030339,27.51576254,32.04145976
2010-02-28 00:00:00-10:00,92.79333502,90.09302873,102.9960613,106.5796758,94.54706667,87.87939101,80.8254643,77.5509061,77.20750255,74.41619216,68.87629184,60.46057781,61.85891016,66.63546311,76.11617631,84.05092082,92.07825099,86.08659037,70.77548507,69.675234,58.31646451,50.03804828,50.72427278,46.58801803,46.74841507,46.44041069,47.88508626,47.24575384,49.63438837,48.8232949,52.71981127,57.72805845,62.39284605,68.31776562,75.7584041,102.4759788,70.69523418,60.96621977,60.82149135,60.12996684,67.00059994,70.02980178,70.35394173,70.8448472,72.53808901,81.77549101,92.09868731,96.69836377,96.79584697,89.89555358,88.26111516,82.38093249,82.64750248,77.84591121,72.97393757,64.5719925,61.28809089,55.91600625,53.13679095,45.85031374,42.64012916,40.1253547,42.75278145,42.36681407,41.10559275,41.60153631,37.20813114,35.93492985,34.9321145,32.88579191,33.40470594,35.77493146,38.00741933,36.53078455,33.21778085,31.32633966,33.18225396,32.10432957,34.34913875,33.85225296,34.77229371,36.76382883,40.1822553,43.45694819,51.07849363,57.43151469,53.57152937,52.25896406,51.73229687,49.46194438,48.29035557,43.53085315,42.59576555,44.46471769,46.43730157,48.43356329,52.61444106,46.94396651,41.39878222,35.83203152,31.45189599,30.26769227,38.58796461,41.96010941,42.04832232,42.715057,44.93335617,42.02945541,43.08016973,43.90078923,80.79326875,59.23443962,48.41630084,46.89855693,49.41264229,49.24226777,39.65995294,36.83755684,38.77223131,47.23115401,43.85401697,33.64399262,28.49547612,24.97216514,22.39007832,24.4330848,26.57310103,27.05605694,25.85679021,27.23089208,27.70984463,29.9871891,34.88243039,36.53868665,43.63185687,45.00421523,40.71811417,43.9907981,41.20273451,29.04042087,26.99543461,31.99461449,35.71388821,31.02247321,29.58847011,30.09472878,29.42348717,32.05843834,44.97752889,47.54081639,47.31685232,46.76173185,46.17876998,42.93182387,35.84795718,30.447901,29.09400138,28.23952734,26.24048381,24.54250536,25.31733602,25.74725716,29.05600191,34.38104235,35.5577241,35.80415895,33.8149569,34.89504092,30.83089591,32.62684705,30.25799472,28.17102887,30.38427942,29.48051772,33.63896977,32.16216001,30.57979585,27.52481119,20.86404006,29.04335022,33.25990301,45.30030819,41.77986896,29.48153664,30.60190957,30.38830175,29.85685949,30.64362214,33.48215088,31.61267713,31.18275015,28.57350851,22.60720782,23.62804076,26.20378009,29.26953688,26.37406217,24.67513856,25.40822465,25.40601121,25.78870799,25.22868854,23.18707455,22.6610275,20.47675171,18.50766715,13.59326281,11.21142956,10.81975533,10.17421282,9.063425685,9.712787581,9.569072482,7.922735328,8.192336376,6.8213019,8.810583837,8.850616606,9.896330489,9.634430689,10.31079883,15.94517006,21.45075782,26.77020257,28.22093533,27.66951981,25.98861039,22.10043068,19.79073869,21.16055951,23.84984846,26.67265787,36.87019719,34.20708183,22.74927314,19.02225705,21.23055068,15.69166892,13.53852513,12.94398027,17.67107775,16.74945162,15.735949,21.27365384,27.57115995,31.90413863
2010-03-31 00:00:00-10:00,92.79694561,90.05380079,102.8304164,106.5593623,94.56185163,87.77028903,80.79579203,77.53677384,77.22140554,74.50557069,68.94245509,60.64011768,62.04912741,66.63308922,76.03893304,83.94291559,92.02999084,86.11837141,70.74120108,69.78588725,58.44847247,50.07415376,50.65910229,46.60647455,46.77857111,46.50585991,47.98215097,47.42543106,49.77837033,49.07184472,52.7703213,57.60473168,62.29477826,68.19963676,75.60040188,102.1385561,70.28999417,60.59600421,60.55760393,59.84611812,66.73520572,69.78340591,70.20253196,70.71014531,72.46164042,81.70532337,91.4747452,96.24675581,96.32089648,89.43052339,87.76362659,81.98555148,82.60648687,77.84899473,72.93134105,64.61502221,61.35802848,55.96490132,53.20981081,45.75275673,42.69736195,40.12693321,42.82527591,42.44968609,41.17875581,41.72986736,37.27048027,35.99322221,35.0594799,33.06342494,33.55329986,36.03461511,38.30240717,36.88696764,33.57943113,31.54001228,33.36674955,32.05929185,34.33103554,33.89861837,34.95439311,36.86979974,40.2728848,43.50686713,51.28005186,57.80199433,53.41921917,52.10740646,51.60037428,49.36298931,48.28562969,43.68331055,43.02713577,44.9386126,46.63191316,48.63665682,52.80786677,47.0616211,41.52218185,35.88706789,31.40531758,30.21070549,38.61884948,41.88428419,41.99841646,42.58738536,44.82954414,42.03343557,43.12317662,43.85108058,80.70544333,59.20939975,48.48027141,47.00882999,49.61287325,49.41703814,39.98572731,37.12040576,39.03179722,47.331674,43.9389896,33.72523203,28.54122524,25.03162877,22.33292158,24.36715062,26.47365522,26.94284757,25.73224179,27.06156036,27.55958177,29.80591403,34.73445784,36.54261722,43.63364133,44.9977845,40.88093222,44.1664252,41.16158693,28.98834996,27.03136339,32.04978219,35.7151826,31.04461231,29.62796967,30.24761659,29.5331846,32.17196318,44.85417208,47.35105365,47.13919397,46.62388549,46.07120222,42.76258621,35.90214135,30.4616817,29.10695401,28.27158891,26.19160462,24.51884332,25.23984515,25.6484747,28.95180898,34.28600061,35.543491,35.87304358,33.86258259,34.83051815,30.83808211,32.63746265,30.40418215,28.33133053,30.48617552,29.56490304,33.76061235,32.29468284,30.66529346,27.4499453,20.79325014,29.0007416,33.16936678,45.29000162,41.67581503,29.37031649,30.48101189,30.37546655,29.88210349,30.80152672,33.70484704,31.76858137,31.35366941,28.69163285,22.7953518,23.73340841,26.22839896,29.20959162,26.37980017,24.611683,25.30301542,25.29780429,25.76551543,25.2134348,23.13094304,22.58454787,20.38887074,18.36340738,13.46720412,11.17197741,10.79544954,10.11809074,8.998615739,9.639379278,9.444700092,7.80988625,8.103455817,6.701199178,8.728128871,8.726697786,9.837148883,9.622894186,10.28041993,15.88999165,21.41060583,26.70731884,28.18853983,27.65763224,26.04059886,22.16666829,19.91136172,21.29110378,23.94848226,26.76516829,36.93633825,34.32838584,22.87487975,19.04410839,21.2798737,15.65993585,13.59076702,13.10408349,17.76241099,16.82854547,15.78810544,21.2473555,27.64061746,31.77217896
2010-04-30 00:00:00-10:00,92.80896537,89.99232162,102.6209334,106.502119,94.54727885,87.62586506,80.73826272,77.4925288,77.20367561,74.57361721,68.98178273,60.82908934,62.25761666,66.70330692,76.01733867,83.89378389,92.03520596,86.20774933,70.7813701,69.96728137,58.64706528,50.19049707,50.63651335,46.66302058,46.85869463,46.62180884,48.12231909,47.64784314,49.95060087,49.31860142,52.82280939,57.49182379,62.20103716,68.07454061,75.44017964,101.7865599,69.85519942,60.18426301,60.24333835,59.5137769,66.39941864,69.45840331,69.98810591,70.52222287,72.33053067,81.58787541,90.7933137,95.78245811,95.83466747,88.99498239,87.30741479,81.60733353,82.54669041,77.82499975,72.84018466,64.62248312,61.40472345,56.00037005,53.2817663,45.67948226,42.76405963,40.12492168,42.88567401,42.51516546,41.24750397,41.85167849,37.33889742,36.06574934,35.2067735,33.26460974,33.71197226,36.28931762,38.61120363,37.24603332,33.95077025,31.7741107,33.55844123,32.05178791,34.33875724,33.96150833,35.1392995,36.96655225,40.3579776,43.53569226,51.44556936,58.16397978,53.32774937,51.98943534,51.48300826,49.26802105,48.27938666,43.88022392,43.51265037,45.45909916,46.84319013,48.82493325,52.97374937,47.14870436,41.60409289,35.89094491,31.32061629,30.1164098,38.61431683,41.77475816,41.8986387,42.40919241,44.68092233,41.99960532,43.14710764,43.79719824,80.6370658,59.20949133,48.58351698,47.15149031,49.85843346,49.64199841,40.39942771,37.48860248,39.36821803,47.45518683,44.05031296,33.83362906,28.60935267,25.09631031,22.29637988,24.31104586,26.38638045,26.84350475,25.62993621,26.91212698,27.42704497,29.61990239,34.57713196,36.53672823,43.60899986,44.96146051,41.02135212,44.30286096,41.08220982,28.89722851,27.03493494,32.08098843,35.69542887,31.05849097,29.66008913,30.377345,29.61752398,32.27547748,44.77978088,47.14471464,46.93351456,46.46114998,45.93942167,42.5885334,35.97073019,30.50211957,29.14310323,28.32926353,26.15442125,24.50328972,25.17220829,25.56171649,28.86266879,34.21193148,35.56093689,35.94190123,33.89890389,34.77469963,30.87434804,32.68323129,30.55344066,28.50007632,30.58558456,29.65052283,33.88681408,32.41204275,30.76243335,27.38888029,20.73353034,28.96749452,33.09046438,45.29478178,41.59861616,29.28799893,30.38165704,30.36009854,29.90273839,30.94957982,33.91721961,31.92289845,31.51496192,28.79968089,22.96767531,23.82032855,26.23905158,29.14103468,26.38347119,24.54356055,25.19635885,25.19399425,25.73712642,25.19011455,23.06723515,22.50380945,20.29433399,18.21710096,13.33991236,11.14529495,10.78494413,10.07789529,8.946243824,9.56535495,9.325488145,7.705539673,8.016818301,6.582448353,8.634765783,8.590701239,9.757798258,9.594898246,10.24578013,15.82772698,21.37012177,26.64417503,28.16020826,27.65078992,26.09900081,22.23471395,20.03817611,21.43059389,24.0541772,26.86253378,37.002843,34.45988366,22.99274717,19.0530712,21.30405025,15.60749669,13.63020196,13.26274133,17.80613844,16.89146795,15.83605176,21.2252382,27.71293183,31.64472174
2010-05-31 00:00:00-10:00,92.82973901,89.90992171,102.3701804,106.4109177,94.5116713,87.45482898,80.66613402,77.43412882,77.17242221,74.6400803,69.01757017,61.04491752,62.49002191,66.84068609,76.05183453,83.90465866,92.10009103,86.35791246,70.89536115,70.21463826,58.90820127,50.3887329,50.66099597,46.76120301,46.98441978,46.7830718,48.29978727,47.90516254,50.14120751,49.56320433,52.88347811,57.39637341,62.12090064,67.95010256,75.28581374,101.4388827,69.41236294,59.75374157,59.89879455,59.15289615,66.00748906,69.06824278,69.71946884,70.2870733,72.14965887,81.41846524,90.06314256,95.31308176,95.34532588,88.59305659,86.89235409,81.24539308,82.46196016,77.76847115,72.70093766,64.59349242,61.427911,56.02248656,53.34937845,45.62612093,42.83736969,40.11743335,42.92921903,42.55651263,41.29940559,41.96419371,37.41136033,36.14947812,35.36514433,33.48233206,33.86923905,36.52677496,38.92588851,37.59479694,34.31753362,32.01368896,33.74812262,32.07575215,34.36363778,34.03432308,35.3154713,37.04532185,40.42909844,43.53013614,51.55647714,58.49568103,53.28758956,51.90378412,51.38290457,49.1822234,48.27495095,44.10444917,44.02706484,46.00658412,47.06328066,48.99426964,53.11257586,47.20685649,41.64392721,35.84319346,31.19849141,29.98500739,38.57302014,41.63565682,41.76057247,42.19347164,44.49930596,41.93599389,43.15634442,43.74188511,80.58721718,59.23166818,48.72078833,47.31754501,50.13822442,49.90509129,40.88875217,37.92814629,39.76833225,47.5972759,44.1823919,33.96132992,28.6929287,25.1653203,22.28336509,24.2688523,26.31521256,26.76255131,25.55434772,26.78662152,27.31334479,29.43083321,34.41371229,36.51931008,43.55571484,44.89432237,41.13823053,44.40039515,40.96732791,28.76696295,27.00466747,32.08603089,35.65360552,31.06291754,29.68929477,30.48454393,29.67805015,32.36971001,44.76733685,46.93318444,46.7112687,46.28226016,45.78905341,42.41283223,36.05158914,30.56674377,29.19753306,28.40755222,26.12802157,24.49449948,25.11414535,25.48678483,28.78611205,34.15462259,35.603697,36.01267429,33.92277411,34.72437926,30.93422125,32.76074941,30.70621492,28.67906223,30.68423252,29.7375459,34.01110703,32.5090021,30.8672327,27.34124449,20.68559245,28.94402641,33.02533085,45.31625692,41.55107192,29.2365498,30.30549564,30.33970576,29.91640161,31.079567,34.10976435,32.06753262,31.66174721,28.89617168,23.12270177,23.88700624,26.23664997,29.06801523,26.38290874,24.46815329,25.08509,25.09039666,25.70153907,25.15751494,22.99611912,22.41879017,20.19361327,18.06886909,13.21216006,11.1316242,10.78799402,10.05461344,8.906653782,9.497532289,9.216106754,7.6128366,7.937829546,6.472114966,8.536688746,8.448634158,9.66440556,9.560013004,10.21526206,15.76250617,21.3296442,26.57909678,28.13469437,27.6480851,26.16000947,22.30081529,20.16734964,21.57497272,24.16183569,26.96100326,37.06630605,34.59481347,23.10023508,19.05142732,21.30168347,15.53525985,13.65410468,13.41029484,17.79982763,16.93358221,15.87441564,21.20154932,27.77719541,31.52078939
2010-06-30 00:00:00-10:00,92.85567764,89.80651027,102.0767195,106.2844455,94.46370966,87.26675409,80.59351312,77.37718061,77.1447022,74.7231288,69.07106902,61.3011018,62.75170135,67.03784696,76.13929913,83.97297741,92.22663865,86.56874254,71.08118828,70.52231897,59.22637509,50.66474833,50.73244253,46.89913362,47.1458955,46.97903973,48.50377807,48.18451962,50.33603152,49.80328988,52.95411602,57.32091916,62.057637,67.82991775,75.14279877,101.1122273,68.98224209,59.32735797,59.544751,58.78409416,65.57420888,68.62764225,69.40589704,70.01232069,71.92607205,81.18894092,89.29243658,94.84555657,94.86091614,88.22567688,86.51486635,80.89772898,82.34852503,77.67633376,72.51625122,64.52977336,61.42889279,56.03422948,53.41060565,45.58789975,42.91773638,40.10738034,42.95710498,42.57317412,41.32804301,42.06947568,37.49069229,36.2465835,35.53094663,33.71418969,34.01989542,36.74258289,39.24208878,37.92718197,34.67014014,32.24981468,33.93113791,32.12737906,34.39961061,34.11240404,35.47418078,37.09983622,40.48000977,43.48272906,51.60201745,58.78099267,53.28639371,51.8516509,51.30484334,49.1131303,48.27739351,44.33369183,44.54077459,46.55654104,47.27851321,49.13691696,53.22246599,47.23705058,41.64103009,35.74398847,31.04144089,29.81857379,38.49515213,41.47152995,41.5940971,41.95173328,44.29543183,41.8506405,43.15610402,43.68845057,80.55394233,59.27175349,48.88537689,47.49790412,50.44011167,50.19030076,41.43818311,38.42319213,40.21715627,47.75146631,44.32797426,34.09930554,28.78370681,25.23864621,22.29469705,24.24322793,26.26302659,26.70351524,25.50739929,26.68655723,27.22048489,29.24159712,34.24788783,36.49098029,43.47402321,44.79692898,41.23076696,44.46061302,40.82236229,28.59970193,26.94037405,32.06440549,35.59055148,31.05769823,29.72118592,30.57333145,29.71974247,32.45871424,44.82583036,46.72889822,46.48594224,46.09780689,45.62851679,42.24005401,36.14168825,30.65183456,29.26436152,28.5002958,26.11078038,24.49082517,25.06518222,25.42286064,28.71907738,34.11001804,35.66545577,36.08840884,33.93668842,34.67671013,31.01284442,32.86552869,30.86392174,28.86912476,30.78318068,29.82574066,34.12696886,32.58250345,30.97449257,27.30467567,20.64835631,28.92893089,32.97399018,45.3537388,41.5339694,29.21561445,30.25220987,30.3129481,29.92309461,31.18632325,34.27576623,32.19801471,31.79310663,28.98336738,23.26427251,23.93495023,26.22531734,28.995833,26.37877899,24.38626725,24.96879038,24.98557071,25.65901338,25.116312,22.91957822,22.33210615,20.0899897,17.91958095,13.08437298,11.1303243,10.80403234,10.04854599,8.880310107,9.442466245,9.121162826,7.535035021,7.871738025,6.376813488,8.439542583,8.306480944,9.56383079,9.528703545,10.19637905,15.69753271,21.28958338,26.51006263,28.11004889,27.64737849,26.21923609,22.3611324,20.29481512,21.72007295,24.26623,27.05754164,37.12507441,34.72751869,23.19594637,19.04178248,21.27576431,15.44746016,13.66338249,13.5420903,17.74764845,16.9537264,15.90139764,21.17288843,27.82587081,31.40182212
2010-07-31 00:00:00-10:00,92.87934032,89.67812152,101.7360788,106.1198593,94.4109994,87.07269668,80.5331969,77.33577895,77.13552136,74.83747671,69.15991441,61.6062149,63.04832149,67.28708145,76.27437218,84.09400642,92.41320998,86.83888572,71.33652089,70.88608055,59.59618309,51.01045001,50.84732489,47.07098315,47.33034996,47.19626937,48.72100604,48.47039034,50.51991416,50.0319179,53.03040009,57.2631884,62.00942777,67.71385597,75.01296448,100.8174507,68.57986445,58.92277329,59.19712699,58.42332921,65.11223655,68.15018368,69.05554427,69.70448826,71.66498086,80.88820764,88.48899427,94.38500681,94.38774698,87.89154118,86.17013983,80.56322847,82.20661784,77.54960806,72.29168087,64.43600687,61.41055952,56.04083031,53.46339107,45.56005759,43.00798517,40.10105818,42.97521869,42.56970247,41.33259184,42.17206949,37.5820546,36.36171511,35.70402854,33.96109836,34.16440098,36.9389963,39.5587935,38.24091464,35.0033385,32.48016838,34.10781213,32.20596989,34.4447562,34.19454572,35.61159181,37.12834978,40.50828216,43.39471381,51.58225653,59.01332663,53.3135573,51.83364871,51.25193874,49.06594427,48.28979046,44.54510972,45.02516858,47.08382156,47.47194625,49.24184423,53.29903125,47.23922998,41.59443699,35.59438879,30.85378795,29.62132285,38.38246611,41.28723678,41.40592024,41.69130458,44.07591996,41.74854855,43.14996412,43.63894348,80.53435831,59.32469684,49.06954591,47.68425898,50.75216586,50.48093948,42.03221227,38.96064679,40.70265199,47.91192555,44.48189204,34.2414438,28.87580186,25.31817894,22.32986249,24.23581867,26.23231217,26.66863006,25.48780859,26.60990174,27.14730244,29.05378988,34.08171783,36.45186667,43.3638826,44.66904143,41.29591234,44.48607809,40.65523238,28.4004948,26.84308424,32.01729895,35.50832653,31.04260875,29.75972225,30.65018005,29.74989761,32.54924679,44.95874169,46.54449514,46.27231693,45.91952649,45.4687803,42.07601022,36.23745749,30.75284722,29.33759514,28.60113495,26.10078029,24.49074081,25.02483727,25.36889435,28.65887981,34.07531278,35.74084351,36.17090742,33.94499938,34.62902999,31.10633088,32.99328999,31.02852253,29.07006912,30.88201784,29.9141937,34.22901481,32.63180453,31.07859169,27.2752653,20.61832304,28.91830848,32.93312543,45.40311591,41.54344631,29.22026191,30.2180662,30.27957576,29.92387529,31.26783268,34.41100464,32.31209098,31.91121839,29.06546064,23.3994404,23.96841772,26.2121077,28.92954667,26.3746705,24.30298306,24.8503605,24.88149316,25.61312217,25.06945307,22.84160896,22.24790238,19.98857955,17.77249052,12.95946368,11.14243385,10.83409231,10.06112348,8.86889371,9.404380344,9.043835403,7.474729334,7.823281138,6.301997764,8.34792512,8.169569025,9.46285081,9.511684157,10.19665651,15.6360776,21.25263919,26.43727903,28.08602642,27.64823319,26.27400407,22.41336679,20.41785421,21.86278248,24.3636657,27.15058059,37.17978536,34.85458215,23.28053239,19.02828703,21.22968611,15.34803076,13.659057,13.65679252,17.65871728,16.95419426,15.91819447,21.13862724,27.85553884,31.29092456
2010-08-31 00:00:00-10:00,92.88882215,89.5168858,101.3407869,105.9138938,94.35843711,86.88282126,80.4935585,77.31958919,77.15521162,74.99271361,69.29613291,61.96445415,63.38490831,67.58219497,76.45195799,84.26368964,92.65660128,87.16746869,71.65905712,71.30358815,60.01364699,51.41627817,51.00046268,47.26937821,47.52580172,47.42212669,48.93934304,48.74754211,50.67956839,50.23843071,53.10333755,57.21774251,61.97090884,67.59845633,74.89422176,100.5589931,68.2130309,58.55023113,58.86531988,58.07977431,64.63034527,67.6455679,68.67309032,69.36650615,71.36777729,80.50423075,87.66060054,93.9344347,93.92971957,87.58882776,85.8537457,80.24257982,82.04039506,77.39322732,72.03506678,64.3190993,61.3765574,56.04879823,53.50578203,45.53899689,43.11089792,40.10496638,42.99088066,42.55256871,41.31513061,42.27668493,37.69054802,36.49932133,35.88535675,34.22480338,34.30586668,37.12126919,39.8761595,38.53534095,35.3148719,32.70735653,34.28214001,32.31251451,34.50094277,34.28316608,35.72915183,37.13436235,40.51591776,43.27632732,51.50675973,59.1933285,53.36267133,51.84946742,51.22452514,49.04171996,48.3117882,44.72038405,45.45579606,47.56599638,47.62777784,49.29714192,53.3356243,47.21240543,41.50293103,35.39683061,30.64118658,29.39924576,38.23798661,41.08734466,41.19967052,41.41480649,43.84231445,41.63032724,43.13823132,43.59358099,80.52499436,59.38507221,49.26528875,47.86994153,51.06378065,50.76281668,42.65752889,39.53218948,41.21824148,48.07486653,44.64118496,34.38484832,28.96644714,25.40768202,22.38826495,24.247238,26.22401693,26.65777105,25.49098192,26.55211507,27.0892733,28.86643351,33.91502628,36.40158633,43.22530293,44.5108081,41.3298114,44.48004444,40.47489926,28.1763713,26.71436917,31.94575315,35.40895582,31.01712698,29.80597671,30.72226168,29.77634961,32.64926881,45.16450573,46.39145115,46.08503112,45.75922841,45.32194742,41.92742511,36.33524608,30.86498424,29.41197613,28.7043677,26.0962759,24.49340239,24.99297723,25.32413743,28.60398128,34.04947253,35.82573891,36.25968716,33.95052727,34.57864543,31.21177149,33.1403836,31.2013883,29.28166646,30.97859601,30.00092945,34.31481435,32.66010266,31.17557722,27.24952542,20.59170221,28.90853727,32.89890632,45.45919141,41.57226964,29.24256197,30.19695914,30.24076759,29.91951095,31.32455421,34.51441889,32.4096655,32.02016386,29.14641974,23.53510985,23.99333629,26.20554679,28.87313727,26.37608683,24.22606944,24.73444375,24.78203895,25.56905054,25.02088732,22.76699924,22.17103654,19.89591923,17.63365226,12.84373783,11.17114833,10.8808663,10.09497154,8.87521191,9.385642297,8.986953138,7.435096013,7.796712683,6.251107415,8.265344191,8.042090428,9.367373636,9.5174659,10.22284518,15.58177048,21.22341158,26.36270741,28.06350089,27.65122478,26.32287658,22.45693379,20.53566966,22.0015467,24.45304692,27.23981384,37.23262947,34.97448249,23.35594691,19.01592037,21.16586991,15.23947158,13.64115999,13.75484498,17.54426201,16.93891477,15.92709263,21.10008567,27.86576649,31.19050932
2010-09-30 00:00:00-10:00,92.87090001,89.31524596,100.8833013,105.6647161,94.31015275,86.70526112,80.47840797,77.33287816,77.20829756,75.19360494,69.48554811,62.37793577,63.7645594,67.92101201,76.66901672,84.48027905,92.95323914,87.55453166,72.04622236,71.77334032,60.47637659,51.87342346,51.18640751,47.48743434,47.72404359,47.64777842,49.15073052,49.00346343,50.80542675,50.41161686,53.16342412,57.17899396,61.93642974,67.47982752,74.78345535,100.3382777,67.88570506,58.21524491,58.55517493,57.75830393,64.13432015,67.11903444,68.25946105,68.99760979,71.03273881,80.02716802,86.81610243,93.49599609,93.48897671,87.31703728,85.56284638,79.93849839,81.85678182,77.21467944,71.75499049,64.18657941,61.32967169,56.06426377,53.53688884,45.52347602,43.22874802,40.12401786,43.010705,42.52784339,41.27860809,42.38638548,37.81925076,36.66162265,36.07540432,34.50573781,34.44717316,37.29438036,40.19317332,38.80972531,35.60418025,32.93714707,34.46069086,32.44864153,34.57318805,34.38399853,35.83330741,37.12676482,40.50944877,43.14612117,51.39254135,59.32634377,53.43386034,51.89985976,51.22180318,49.0384763,48.34079267,44.84995551,45.81288769,47.98506123,47.73631365,49.29463075,53.32418459,47.15474851,41.36499067,35.15491885,30.40921416,29.15883334,38.06527508,40.87520052,40.97672703,41.12137084,43.59250425,41.49330567,43.11840573,43.55105489,80.52280164,59.44830638,49.46581363,48.05101738,51.36693877,51.02629629,43.30348909,40.13355136,41.76229742,48.23809964,44.80422566,34.5289297,29.05537884,25.51097615,22.46914593,24.27691821,26.23769124,26.66946108,25.51176455,26.51015797,27.04231472,28.67748744,33.74630131,36.33997051,43.059549,44.32424473,41.32993852,44.44643934,40.28948378,27.93492545,26.55637128,31.84996473,35.29439397,30.98155385,29.85932993,30.7948011,29.80430104,32.76584329,45.43821004,46.27932571,45.93643213,45.62770157,45.19995009,41.80148248,36.431795,30.98392504,29.48366043,28.80558487,26.09613669,24.49916541,24.97045585,25.28888444,28.55474671,34.03363821,35.9176281,36.35261775,33.95329326,34.52326643,31.32703006,33.30370259,31.38346238,29.50468255,31.06967723,30.08322441,34.3850324,32.67390108,31.26427523,27.22520027,20.56524693,28.89742565,32.86972215,45.5183035,41.61228394,29.2741803,30.18232666,30.19907655,29.91055709,31.35879507,34.58835015,32.49251756,32.12465988,29.22900134,23.67480602,24.01541041,26.21301308,28.82930111,26.38846399,24.16319726,24.62539671,24.69161637,25.53144799,24.97421073,22.70040198,22.10710556,19.81963259,17.51131264,12.74646647,11.2213722,10.94790634,10.15320752,8.902651433,9.387307191,8.953650902,7.420007066,7.795024318,6.225349519,8.194567138,7.927081674,9.281941329,9.550772229,10.28000051,15.53885166,21.20779359,26.28956068,28.0439327,27.65738088,26.36539994,22.49283214,20.64908598,22.13584644,24.53461926,27.32518203,37.28566585,35.08650027,23.4243994,19.00925183,21.08633707,15.12290063,13.60884116,13.83747093,17.4144085,16.91132954,15.9300181,21.05919401,27.85779358,31.10082095
2010-10-31 00:00:00-10:00,92.81594868,89.07121656,100.3608519,105.3738906,94.27284396,86.54763317,80.49110987,77.37789656,77.29649664,75.44297914,69.72992282,62.84791825,64.18842384,68.3053504,76.92511448,84.74418001,93.29836724,87.99917782,72.49393119,72.29174377,60.98121989,52.37417914,51.39945619,47.71915513,47.92109283,47.86885409,49.35180065,49.22981462,50.89266299,50.54394904,53.20564086,57.14481344,61.90430691,67.35828173,74.68134284,100.1593711,67.60355857,57.92388582,58.27383918,57.4641678,63.62969328,66.57354777,67.81438928,68.59618352,70.65843469,79.45380706,85.96711272,93.07345858,93.06775895,87.07786976,85.29710385,79.65553944,81.66401385,77.02228327,71.4590558,64.0447772,61.27013766,56.09102136,53.55776403,45.51488414,43.36435539,40.16121104,43.03985092,42.50047015,41.22648503,42.50173019,37.96775815,36.84763191,36.27344238,34.80148469,34.58881949,37.46039777,40.50577999,39.06116953,35.87088057,33.17697443,34.65270521,32.61937447,34.66911281,34.50564722,35.93487892,37.11950976,40.49926756,43.02864255,51.26145332,59.42109042,53.53544693,51.98837952,51.24453957,49.05397092,48.37476693,44.93564642,46.08226585,48.32937917,47.79770397,49.23599611,53.25776977,47.06409757,41.17903923,34.87228725,30.16135733,28.90517997,37.86781939,40.65291557,40.73597953,40.80879967,43.32342861,41.33449574,43.0871096,43.50983426,80.52730239,59.51298322,49.66742067,48.22672004,51.65698424,51.2660483,43.96001527,40.76154925,42.33471813,48.39929626,44.96973147,34.67416529,29.14364933,25.62904394,22.57036084,24.32301652,26.27301493,26.70324775,25.54690341,26.48445393,27.00588809,28.48644866,33.57435185,36.26759615,42.8701802,44.11423569,41.29653317,44.38989068,40.10467355,27.68358706,26.37316937,31.73113585,35.16760443,30.93765023,29.91889243,30.86793916,29.83239832,32.90373206,45.77293671,46.2154816,45.83372031,45.53428395,45.11418957,41.70513954,36.52468866,31.10673809,29.55065344,28.90207431,26.10024857,24.51014603,24.96008345,25.26533163,28.51413826,34.03155476,36.01625501,36.44778546,33.95268645,34.46235577,31.45068871,33.48067838,31.57588303,29.74055039,31.15282945,30.15964098,34.44322874,32.68117725,31.34620166,27.20246505,20.53769855,28.88516671,32.84762134,45.58007867,41.65662971,29.30868162,30.16924929,30.15809677,29.89972002,31.37502608,34.6378708,32.56361046,32.22844752,29.31462765,23.8176425,24.03795504,26.23801136,28.79984781,26.4152216,24.11973833,24.52665459,24.61516425,25.50372785,24.93218236,22.64571022,22.06097231,19.76797027,17.41495739,12.67907127,11.29921325,11.0384986,10.23838576,8.95427322,9.408942452,8.946995172,7.433071662,7.819483291,6.225098569,8.138488846,7.827124471,9.209648968,9.612428284,10.37124287,15.5127165,21.21295042,26.223076,28.0299266,27.6693453,26.40322911,22.52383878,20.76008262,22.26551474,24.60925254,27.40617618,37.33953113,35.18994876,23.4877517,19.01163756,20.99422628,14.99940688,13.56144709,13.90617534,17.27637238,16.87337114,15.92812778,21.01743877,27.83344851,31.02000451
2010-11-30 00:00:00-10:00,92.72104952,88.79160568,99.77875781,105.0486845,94.25654216,86.41991949,80.53961284,77.46054552,77.42520432,75.74417035,70.03087954,63.3724361,64.65671694,68.73424721,77.22102795,85.05623877,93.68412498,88.49562105,72.99434735,72.84893799,61.51977385,52.90996843,51.63346388,47.9590956,48.11595674,48.0846253,49.54308874,49.42469592,50.94392343,50.63568713,53.23214994,57.11820217,61.87923267,67.24043506,74.59379058,100.0309644,67.37433458,57.68370995,58.0295017,57.2037831,63.1236031,66.01366203,67.34097096,68.16455364,70.24871243,78.79238331,85.12864687,92.67267255,92.66927456,86.87551869,85.05868031,79.39956562,81.47134837,76.82479087,71.15414246,63.89935154,61.19695837,56.13154941,53.57093305,45.51621717,43.52066153,40.2171561,43.082121,42.47509498,41.16429915,42.62179277,38.13114389,37.05305425,36.47730547,35.10581965,34.72779741,37.61752861,40.8067518,39.28368384,36.11326429,33.43335784,34.86756552,32.83125288,34.79819305,34.65768451,36.04727565,37.13010478,40.49811789,42.95034167,51.13702198,59.4889214,53.68333044,52.11940864,51.29524907,49.08732131,48.41397118,44.99026155,46.25814312,48.59644867,47.82244838,49.13391958,53.13707849,46.94171456,40.94644237,34.55425746,29.90012237,28.64190273,37.65241378,40.42513716,40.47739133,40.47322116,43.03018678,41.15231134,43.04168289,43.47000752,80.54120843,59.58150468,49.86930931,48.39732729,51.93051075,51.4788036,44.61401016,41.40994249,42.93305,48.55564439,45.13581982,34.82018958,29.23207749,25.75909003,22.68736442,24.38268008,26.33007842,26.75992136,25.59580979,26.47810758,26.98326705,28.29608148,33.4006464,36.18676624,42.66416941,43.88883008,41.23340867,44.31626949,39.92556241,27.43025515,26.17244683,31.5941937,35.03306193,30.88940276,29.98495386,30.94042734,29.85796421,33.06805699,46.15959541,46.20555083,45.78033637,45.48820568,45.07602917,41.64486705,36.6132431,31.23296834,29.61334428,28.99327603,26.11013443,24.53108755,24.96778438,25.25899557,28.48885174,34.04990669,36.12412413,36.54560079,33.95099545,34.3992649,31.5822953,33.66961738,31.77937888,29.98961779,31.22886513,30.2329635,34.49671466,32.69070075,31.42590432,27.18541962,20.51146326,28.87527191,32.83800716,45.64767753,41.70209261,29.34380062,30.15648546,30.12242835,29.89248609,31.38061537,34.67107841,32.62728107,32.33397574,29.40388652,23.96370151,24.06366299,26.28251408,28.78593524,26.45943169,24.10104058,24.44228225,24.55858508,25.49015114,24.89837221,22.60712702,22.03758105,19.74920851,17.35420456,12.65382481,11.41086589,11.15438166,10.35123709,9.031430482,9.448122992,8.968724683,7.476127436,7.869725639,6.250682648,8.100443649,7.745095067,9.152542624,9.699972196,10.49749858,15.50946578,21.24711104,26.17119687,28.02643846,27.6924814,26.44091908,22.55475668,20.87181229,22.39218009,24.68105716,27.48527932,37.39794754,35.28773052,23.54993281,19.02798904,20.89591559,14.87374544,13.50145145,13.96312928,17.13601666,16.82676245,15.92298803,20.97638185,27.79562376,30.94415845
2010-12-31 00:00:00-10:00,92.59064635,88.49163769,99.15059929,104.7028736,94.27364389,86.33442524,80.63593353,77.59006101,77.60316906,76.09981626,70.38934403,63.94725324,65.16719259,69.20468223,77.55628691,85.41649947,94.10183451,89.03368841,73.53735177,73.43019191,62.07845129,53.46959209,51.88353804,48.20451588,48.31073882,48.29992303,49.73014688,49.59339703,50.9688727,50.69403572,53.25010069,57.10454291,61.86876127,67.13479579,74.52617722,99.96023259,67.20388884,57.50069783,57.82877675,56.98331517,62.62299711,65.44529944,66.84512993,67.70819848,69.81171098,78.0604101,84.31543047,92.29852479,92.29739903,86.71588689,84.85167138,79.17714816,81.28873943,76.63122321,70.8466939,63.75616876,61.11015657,56.19023065,53.58285684,45.5321441,43.70021401,40.29048099,43.14132783,42.45656649,41.09873567,42.74529933,38.29991979,37.26890787,36.68200607,35.40845533,34.85851038,37.76100378,41.08705057,39.46903707,36.32767478,33.71068768,35.11194887,33.089285,34.96936791,34.84560246,36.18250812,37.17596096,40.51930417,42.93445773,51.04117379,59.54224157,53.89491881,52.29597058,51.37707778,49.13913161,48.46099725,45.03202635,46.34511607,48.79424916,47.82845472,49.00850227,52.9729097,46.79463365,40.67477363,34.21057308,29.62983416,28.37354224,37.4270721,40.19680739,40.20131473,40.1122741,42.70894381,40.94989606,42.9839602,43.43552266,80.57005543,59.65929136,50.07463459,48.56690762,52.18807329,51.66674307,45.25382211,42.070388,43.55157758,48.70526267,45.29998471,34.96464349,29.31972671,25.89767505,22.81591959,24.45475301,26.41072201,26.84203488,25.6611919,26.49577845,26.97933786,28.11313312,33.23039027,36.10215167,42.45066659,43.65776273,41.14801132,44.23282583,39.75807499,27.18394598,25.96484346,31.44867987,34.89687087,30.84322264,30.05998159,31.01296049,29.88143425,33.26583979,46.58669143,46.25444161,45.77962615,45.49803744,45.09618394,41.62699703,36.69957988,31.36555686,29.67531222,29.08151492,26.12930663,24.56962552,25.0028629,25.27914901,28.48976395,34.09852199,36.2463266,36.65003795,33.95534563,34.34285791,31.72299203,33.8704016,31.99478803,30.25143968,31.30337385,30.31116377,34.55615297,32.71300835,31.5096786,27.18079477,20.49136355,28.87295227,32.84587959,45.72443754,41.74874619,29.38082436,30.1454427,30.09754828,29.89611483,31.38529378,34.69798742,32.68858601,32.4420091,29.49642024,24.11466505,24.09526246,26.34801907,28.78869624,26.52425559,24.1126408,24.37894879,24.52870327,25.49657933,24.87795315,22.58970648,22.04223609,19.77108245,17.33785497,12.68220108,11.56107916,11.29537908,10.49119732,9.133887432,9.502004989,9.018313221,7.548547619,7.944434693,6.302642558,8.082946567,7.682895529,9.111135909,9.807263279,10.65536597,15.53393904,21.31676008,26.14244873,28.03958556,27.73275667,26.4841776,22.59035291,20.98665142,22.51741418,24.75433152,27.56808409,37.46767035,35.38554841,23.61728255,19.0641229,20.79985968,14.75321346,13.43480025,14.01116228,16.99862814,16.77432574,15.91778674,20.93866371,27.74878563,30.86901791
2011-01-31 00:00:00-10:00,92.43351221,88.18803732,98.49167825,104.3536953,94.33904652,86.30669982,80.79680139,77.77952291,77.84191666,76.5117076,70.8052121,64.56837756,65.7158629,69.71583086,77.93094479,85.82417627,94.54137727,89.59934637,74.1132277,74.02108436,62.64416605,54.04252866,52.14885102,48.45792335,48.51060485,48.52201968,49.91984458,49.74374071,50.97951906,50.7298429,53.26885875,57.11016609,61.88131962,67.04941104,74.48300446,99.95147854,67.09578065,57.37900392,57.67735397,56.80874024,62.13381245,64.87485989,66.33256087,67.23234257,69.35503706,77.27680699,83.53371204,91.9482014,91.95414619,86.60530199,84.68095069,78.99286876,81.12478969,76.44959725,70.54213928,63.62094705,61.01219743,56.27368633,53.60340729,45.5680664,43.9057986,40.38016667,43.22249019,42.45107892,41.0379257,42.87193219,38.46369034,37.48413464,36.88109293,35.69678063,34.97478963,37.88541033,41.338332,39.6084981,36.50907488,34.00988242,35.3848959,33.39121598,35.18558134,35.07091449,36.34977454,37.2715137,40.5743988,42.99494657,50.99020362,59.5917673,54.18231861,52.52059101,51.49344056,49.21101789,48.52012747,45.07855428,46.35719108,48.93896881,47.83665608,48.88219299,52.78346394,46.63640519,40.37845601,33.85496323,29.35863476,28.10765434,37.19914327,39.97203765,39.90936319,39.7304562,42.36257381,40.73398921,42.91899798,43.41317202,80.62200024,59.75494657,50.29126253,48.74316904,52.43450566,51.83649527,45.87078467,42.73465437,44.18202089,48.84918415,45.46080775,35.10413145,29.40322678,26.03991292,22.95080512,24.53780224,26.51501834,26.95048428,25.74661287,26.54163446,26.99806718,27.94691775,33.07150384,36.02006361,42.23952548,43.43123989,41.05002884,44.14816935,39.60896861,26.95450364,25.76280304,31.30764983,34.76584589,30.80566183,30.14713744,31.08757137,29.90636888,33.50252084,47.04003503,46.36290563,45.83150116,45.56798712,45.18073485,41.65313661,36.78649163,31.50981204,29.74261243,29.1715036,26.16257956,24.63405441,25.07502572,25.33644511,28.52909061,34.18779071,36.38836687,36.76740259,33.97552025,34.30430342,31.87468473,34.08374865,32.22266548,30.52441246,31.38499723,30.40474164,34.63082334,32.75701536,31.60171072,27.19428348,20.48146609,28.88218544,32.87256917,45.81260088,41.79619719,29.42023282,30.13749575,30.08825885,29.91740362,31.39930751,34.72811432,32.75210947,32.55156217,29.58992266,24.27000837,24.13482172,26.43528082,28.8088458,26.61249372,24.1597686,24.34465435,24.5321367,25.5285985,24.87672952,22.59870584,22.07986826,19.83968684,17.37216805,12.77220186,11.75261503,11.46136859,10.65884315,9.261830285,9.568688663,9.093680817,7.648103381,8.042418345,6.381737826,8.088974033,7.643139414,9.085987556,9.92769951,10.83914975,15.58981977,21.424912,26.14695983,28.07704646,27.79613858,26.53823366,22.63426984,21.10507826,22.64109297,24.83119297,27.65818079,37.55240458,35.48924592,23.69474437,19.12199314,20.71319856,14.6444383,13.36821404,14.05285924,16.86635258,16.71890188,15.91620444,20.90764515,27.69732774,30.79280488
2011-02-28 00:00:00-10:00,92.25920283,87.89548278,97.81529327,104.014996,94.46570427,86.35163522,81.03582302,78.03846481,78.14824684,76.97692017,71.27307819,65.22637629,66.29697858,70.26181739,78.344954,86.27684644,94.9894372,90.17437332,74.70921606,74.60798061,63.20590707,54.62084766,52.43317143,48.72538184,48.72164823,48.75681335,50.11705095,49.88239509,50.98705755,50.75673235,53.29986333,57.143242,61.92594321,66.9923485,74.46707985,100.0061349,67.05109913,57.31942832,57.57843452,56.68478609,61.66065213,64.30844638,65.80666888,66.74091829,68.88403474,76.4581259,82.78181827,91.61269288,91.63676132,86.54535905,84.54711814,78.84642332,80.98456914,76.28507871,70.2436263,63.49839613,60.90880415,56.38998802,53.64370065,45.62989188,44.14161532,40.48846168,43.33266908,42.46724746,40.99193533,43.00374825,38.61573173,37.69033037,37.06931145,35.95956177,35.07335022,37.98844217,41.55622402,39.69475796,36.65259394,34.32931001,35.6797243,33.72937039,35.44400972,35.33198788,36.5542942,37.42564935,40.67156671,43.13369473,50.99315408,59.64462161,54.55096911,52.79611772,51.64759647,49.30501079,48.59498708,45.14396881,46.31360936,49.0482817,47.86558163,48.77486443,52.58790523,46.48258294,40.07411492,33.50136357,29.09610361,27.85273031,36.97717714,39.75659158,39.60849233,39.33754598,41.99958466,40.51312346,42.85340147,43.4112154,80.7064255,59.87884436,50.52998866,48.93508733,52.67720301,51.99622348,46.45764486,43.39441061,44.81416725,48.99186055,45.61918812,35.23645638,29.47919897,26.18197254,23.08794962,24.63117899,26.64178723,27.08434691,25.85512627,26.61779404,27.04160085,27.80639122,32.93221939,35.94655957,42.03934504,43.21726567,40.94909411,44.07062484,39.48531845,26.75179025,25.57914665,31.18545246,34.64710943,30.78125697,30.24752453,31.16462927,29.93568887,33.77723634,47.50351494,46.52491656,45.93027533,45.69442214,45.32772263,41.71885701,36.87563691,31.67086079,29.82176337,29.26882457,26.21496588,24.73124165,25.19129919,25.43979911,28.61664287,34.32516181,36.55455398,36.90373829,34.0197288,34.29317185,32.03696391,34.30798653,32.4608718,30.80346889,31.481542,30.52270718,34.72609293,32.82809913,31.70366244,27.22926413,20.48433932,28.9048729,32.91482348,45.91300985,41.84222662,29.46103799,30.13424854,30.096669,29.96101557,31.43222399,34.76938292,32.82232548,32.66115028,29.67918468,24.42582646,24.18416893,26.54461047,28.84683121,26.72710876,24.24735959,24.34696549,24.57456267,25.58957865,24.89967249,22.63814338,22.15357755,19.9573064,17.45950055,12.92641346,11.98500228,11.65124176,10.85453245,9.416483696,9.648189002,9.192770375,7.772714718,8.163666782,6.489457474,8.122636827,7.629834762,9.078240005,10.05628093,11.04171652,15.67823608,21.56950003,26.19254225,28.14425732,27.88581357,26.60591144,22.68774364,21.22462402,22.76064696,24.91031006,27.75474531,37.64990983,35.60194793,23.78411872,19.19867313,20.63993306,14.55138358,13.30725834,14.08976626,16.73830612,16.6615589,15.92136792,20.88650605,27.6453603,30.71787724
2011-03-31 00:00:00-10:00,92.07607828,87.62387804,97.13122151,103.6920181,94.65766624,86.47575115,81.35377761,78.36437555,78.51695891,77.48327463,71.77774532,65.90287138,66.89932184,70.82835168,78.79194137,86.76399593,95.42664266,90.73602657,75.30746669,75.17734004,63.75406489,55.19842625,52.74097889,49.01180166,48.94753368,49.00601064,50.32257691,50.01276201,50.9995605,50.78861906,53.35435573,57.21241695,62.0103308,66.97025993,74.4781638,100.1209532,67.06660591,57.31680544,57.52951824,56.61183583,61.2054075,63.75026598,65.26825418,66.23669435,68.40200399,75.61847236,82.05360264,91.2801748,91.33759553,86.53092704,84.44481514,78.73324786,80.86906752,76.13917381,69.95112353,63.39080622,60.80879139,56.5472035,53.71279728,45.72496484,44.41291032,40.62149361,43.47974383,42.51505074,40.97175081,43.14533198,38.75577314,37.88508148,37.24500055,36.19042324,35.15599553,38.07293014,41.7420597,39.72579149,36.75568717,34.66540048,35.98632922,34.09209092,35.73648211,35.62377031,36.79538705,37.63856737,40.81281197,43.33948092,51.04972173,59.70184487,54.99534985,53.1232608,51.83965122,49.42050123,48.68494403,45.23411182,46.23169554,49.1347204,47.92540424,48.69765575,52.39954526,46.34522126,39.77604172,33.16129533,28.85090222,27.6163721,36.76955177,39.55668098,39.30837093,38.9446955,41.63067627,40.29643608,42.79450717,43.43719173,80.83096673,60.03982313,50.80087285,49.14948906,52.92336731,52.15244887,47.00535131,44.03863816,45.43554304,49.13932788,45.7777657,35.3617019,29.54665456,26.32343599,23.22629906,24.73664487,26.79085893,27.24334468,25.98871533,26.72544019,27.11145571,27.69829352,32.81911978,35.88725971,41.85719,43.02057689,40.85402852,44.00750854,39.39317311,26.58411453,25.42491452,31.09456935,34.54713079,30.77291194,30.35962162,31.24116633,29.96896231,34.08031273,47.96117245,46.72920308,46.06621438,45.86600656,45.52748837,41.81624946,36.96718457,31.85179062,29.91813734,29.37854363,26.29066654,24.86500374,25.35282311,25.59238493,28.75583022,34.51167413,36.74624052,37.0619938,34.09148917,34.31406949,32.20514803,34.53747008,32.70371816,31.08029463,31.5972129,30.6697769,34.8426006,32.92672649,31.81408786,27.28632218,20.50183337,28.9417619,32.96913586,46.02437189,41.88430968,29.50209354,30.13683594,30.12283171,30.02815497,31.49143674,34.82839794,32.90394239,32.76979018,29.75672341,24.57510798,24.24478086,26.67549581,28.90233888,26.87033742,24.37863353,24.39075721,24.65951263,25.67938478,24.94930002,22.70913719,22.26293922,20.12069506,17.59730343,13.14079106,12.25336476,11.86160456,11.07621162,9.598571104,9.74252775,9.31315932,7.920380043,8.308201344,6.62720375,8.187718897,7.64733229,9.089355693,10.19006878,11.254607,15.79548489,21.74137221,26.28005898,28.24070738,27.99946988,26.68647055,22.74860258,21.33961962,22.87074904,24.98641495,27.85296381,37.75480929,35.72271015,23.88358225,19.28911515,20.58140174,14.47496809,13.2553212,14.12185187,16.61055298,16.60087507,15.93544167,20.87777593,27.59679797,30.64956646
2011-04-30 00:00:00-10:00,91.89085053,87.37492087,96.44633254,103.3824388,94.90434946,86.67059763,81.73688484,78.7424631,78.93253662,78.01265081,72.29748014,66.57481013,67.50646919,71.39761864,79.25829124,87.2662494,95.82821319,91.25735051,75.88537235,75.71518897,64.27851937,55.76848467,53.07335916,49.31819256,49.18848452,49.26766749,50.53451657,50.13625018,51.02210489,50.83610277,53.43963791,57.3216927,62.13611829,66.98370564,74.51109288,100.2839643,67.13075518,57.3553564,57.5172837,56.57983426,60.76342837,63.19874185,64.71576539,65.72053682,67.91000261,74.77010432,81.34004348,90.93769905,91.04583645,86.5507488,84.36393098,78.64690746,80.77554359,76.00957372,69.66122564,63.29667335,60.72296972,56.75173166,53.81555025,45.86160848,44.72385039,40.78709683,43.67064501,42.60493105,40.99005326,43.30452738,38.89173206,38.07429943,37.41352746,36.39140763,35.23151551,38.14691789,41.90147062,39.70776773,36.81908738,35.0118426,36.29174071,34.4640562,36.04905433,35.9366372,37.0649646,37.89970402,40.99179651,43.59353077,51.15147605,59.75749781,55.49652594,53.49606662,52.06233879,49.55031747,48.78206332,45.34421496,46.12284515,49.20287369,48.01451405,48.64841185,52.22291021,46.22993884,39.49419612,32.84377097,28.62996757,27.40468833,36.58148379,39.37624318,39.0182361,38.56051503,41.26466111,40.09105971,42.74853783,43.49571666,80.99924354,60.24259486,51.10982405,49.38925369,53.17862553,52.30875965,47.50352536,44.65530165,46.03364265,49.29721849,45.93971756,35.48151579,29.60661888,26.46500082,23.36707402,24.8580097,26.9633154,27.42800816,26.1482328,26.86563714,27.20924702,27.62715072,32.73689294,35.84812455,41.70040489,42.84529902,40.77484828,43.96644626,39.33610017,26.45666058,25.30701898,31.04264525,34.47038909,30.78337587,30.48108213,31.31261482,30.00299127,34.3961693,48.3987606,46.96322691,46.2284287,46.069721,45.76809665,41.9369459,37.05996083,32.05215206,30.03462938,29.50400201,26.39198332,25.03438898,25.55350556,25.78931583,28.94175214,34.74203748,36.96158804,37.2406532,34.18844229,34.36493305,32.37116865,34.76352894,32.9428797,31.34511919,31.73129437,30.84547953,34.97781745,33.04988643,31.92857964,27.36306271,20.53522173,28.99232018,33.03216212,46.14275852,41.92132995,29.54268394,30.14589338,30.16560608,30.11693158,31.58227631,34.91061924,33.00146138,32.87734648,29.81493287,24.70891374,24.31643499,26.82524459,28.97280467,27.04151626,24.55265326,24.47604133,24.78671146,25.79583831,25.02631334,22.81087715,22.40503477,20.32318964,17.77946295,13.40501559,12.54822104,12.08627165,11.31863575,9.806269703,9.854167178,9.452050289,8.089541022,8.475374275,6.794870257,8.285417333,7.698197105,9.121349578,10.32785139,11.46939229,15.93383887,21.9263045,26.40335639,28.36038485,28.13003733,26.77609526,22.81151576,21.44214217,22.96374691,25.05172201,27.94526752,37.86023864,35.84678485,23.98826993,19.38713751,20.53757591,14.41431939,13.21399339,14.14775898,16.47633887,16.53268559,15.95939531,20.8831057,27.5551339,30.59281375
2011-05-31 00:00:00-10:00,91.70740725,87.14399533,95.76700775,103.0802595,95.18367434,86.9167746,82.16219307,79.15095721,79.37337185,78.54382771,72.81000364,67.21866497,68.10108702,71.95180323,79.72836249,87.7626209,96.17123512,91.71506663,76.42155987,76.20815335,64.7679105,56.32230866,53.42708737,49.64187067,49.4421878,49.5384675,50.75051042,50.25437484,51.05668846,50.9031243,53.55574771,57.46882426,62.29838044,67.02788663,74.55466061,100.4722023,67.22065289,57.40766065,57.5170483,56.56772392,60.32540735,62.64780872,64.14541911,65.18981033,67.40499349,73.9198511,80.63052521,90.57227679,90.74970529,86.58877861,84.2920913,78.58089524,80.69810123,75.89031341,69.36736112,63.20943908,60.66224379,57.00635537,53.95654093,46.04861139,45.07865396,40.99419013,43.91195472,42.74770922,41.06112603,43.49135932,39.03731473,38.2708754,37.5850898,36.57362201,35.31505328,38.22218777,42.04154771,39.64919445,36.84279863,35.35550835,36.57906201,34.82771171,36.36382858,36.25629595,37.3493365,38.19106386,41.19731701,43.87411826,51.28364364,59.80162198,56.0291962,53.90036629,52.30222393,49.68203553,48.87205448,45.46115806,45.99242774,49.25033111,48.12092808,48.61398265,52.05566128,46.13610438,39.23303629,32.55321826,28.4354308,27.21959215,36.41402743,39.21578622,38.74523356,38.19245787,40.909273,39.90198467,42.71955094,43.58682565,81.20900031,60.48532133,51.45427338,49.65252897,53.44561509,52.46478687,47.94202213,45.23262148,46.59695415,49.46713791,46.10572332,35.59627395,29.65971612,26.60703003,23.51279377,24.99950552,27.1594862,27.63744979,26.33352841,27.03683548,27.33407382,27.59349865,32.68520242,35.83257802,41.57296201,42.69518419,40.72096704,43.95340108,39.31468454,26.3707107,25.22745156,31.03206201,34.42006958,30.81627333,30.61103621,31.37733457,30.03595103,34.71026951,48.80450794,47.21447235,46.40604714,46.29322213,46.03651611,42.07216683,37.15120848,32.26739559,30.17036178,29.64481359,26.51718862,25.23319784,25.78127779,26.01836918,29.16220544,35.00725084,37.19664225,37.43435044,34.30308016,34.43742091,32.52574814,34.97689069,33.16918673,31.58906244,31.87843788,31.04479396,35.12794756,33.19257383,32.04047906,27.45394337,20.58424801,29.05351669,33.09833383,46.26188417,41.95074141,29.58036181,30.15984795,30.22077089,30.22257919,31.70564672,35.01934282,33.11770967,32.98395969,29.84874612,24.81951265,24.39760571,26.99032376,29.05418908,27.23724225,24.76466874,24.59936119,24.95288373,25.93655038,25.13021847,22.94148441,22.57469567,20.5564182,17.99764299,13.70531966,12.85767042,12.31700404,11.57395217,10.03452216,9.982810351,9.604957626,8.277753064,8.66257673,6.98913557,8.412004975,7.780016492,9.174647365,10.46857177,11.67842645,16.08376307,22.10964143,26.55298689,28.49506525,28.26866899,26.8687493,22.86955578,21.52446816,23.03160102,25.09925086,28.02396664,37.95888168,35.96800099,24.09281386,19.4872009,20.50616666,14.36702704,13.18417965,14.16665967,16.32960879,16.45131571,15.99336062,20.90367438,27.52350794,30.5515384
2011-06-30 00:00:00-10:00,91.52675052,86.92145523,95.09724633,102.7751942,95.46660008,87.18748169,82.60145803,79.56457601,79.81413772,79.05337343,73.29329808,67.8132011,68.66702196,72.474925,80.18590277,88.23274396,96.43842378,92.09501074,76.89945755,76.64551977,65.211562,56.85244966,53.79817676,49.97975196,49.70712724,49.81729275,50.97002857,50.37026903,51.1033199,50.98930097,53.69818807,57.6499296,62.49115714,67.09819149,74.59749137,100.6609016,67.3115298,57.44539424,57.50288147,56.55130991,59.88198192,62.09066872,63.55320146,64.63976308,66.88121031,73.06866103,79.91536811,90.17300336,90.43902163,86.62629716,84.21682212,78.52755586,80.62858725,75.77305231,69.06130932,63.11923308,60.63535057,57.3070655,54.13914272,46.29131475,45.47785506,41.24895607,44.20723469,42.95176713,41.19709376,43.71538054,39.20732327,38.48969146,37.77011204,36.75245855,35.42250688,38.31144631,42.16833118,39.55890752,36.82656809,35.67981404,36.83012558,35.16527487,36.66197969,36.56490522,37.63038781,38.4919933,41.41589067,44.16114592,51.42862683,59.82287516,56.56772574,54.31992037,52.54478319,49.80298403,48.93951662,45.5688244,45.84293587,49.27139345,48.22749504,48.57701179,51.88776262,46.05423565,38.98792013,32.28572293,28.2629614,27.05761055,36.26521001,39.07310483,38.49447257,37.84744032,40.57169206,39.7327007,42.71016105,43.70749696,81.45418371,60.76053473,51.82386996,49.9322999,53.72110204,52.61475638,48.31202361,45.75958074,47.1153751,49.64555404,46.27390645,35.70624052,29.70760731,26.7493647,23.66386914,25.1604979,27.37416017,27.86560044,26.54080926,27.2328235,27.48064641,27.59378557,32.66027533,35.84078421,41.47581913,42.57195604,40.69728592,43.96899262,39.32539195,26.32267097,25.18294047,31.06004519,34.39711513,30.87467788,30.74927884,31.43572668,30.06812599,35.01190582,49.17222663,47.46972086,46.58909784,46.52500157,46.31933947,42.21273583,37.23711926,32.49027431,30.3222307,29.79695834,26.6607446,25.45268358,26.02107068,26.26320824,29.40128609,35.29506955,37.44432623,37.63389242,34.4240956,34.51861842,32.66020381,35.16914438,33.37371609,31.80525098,32.02943894,31.25931157,35.28800201,33.34720635,32.14136996,27.55085969,20.64714507,29.12068457,33.16138227,46.37603016,41.9710573,29.61323485,30.17703534,30.28375501,30.34058521,31.85919996,35.1537911,33.25165582,33.08877765,29.85651266,24.90252915,24.4859847,27.16785729,29.14211602,27.45210788,25.00706895,24.75580626,25.15278066,26.0997353,25.25944173,23.09822266,22.76630126,20.81294131,18.244752,14.02919153,13.17142213,12.54597464,11.83389919,10.27692238,10.12676873,9.767449118,8.482372411,8.864822817,7.203882023,8.559433637,7.885843387,9.245429357,10.60894324,11.87488811,16.23418653,22.28128674,26.72052106,28.6375932,28.40837553,26.95875015,22.91726254,21.58292203,23.06988664,25.12551526,28.08393644,38.04476078,36.08201633,24.194381,19.58716956,20.4853435,14.33159313,13.16743556,14.1792001,16.16857319,16.35286645,16.03734917,20.94066094,27.5045405,30.52795496
2011-07-31 00:00:00-10:00,91.34884015,86.69706585,94.44091088,102.4572985,95.72426238,87.45528604,83.02699771,79.95949464,80.23007257,79.51803805,73.72630549,68.34037525,69.1913749,72.95387438,80.61604542,88.6585071,96.62004734,92.39412107,77.31109908,77.02200714,65.602015,57.35310005,54.17954438,50.32591987,49.97952486,50.10106829,51.19021821,50.48429089,51.15914548,51.09048686,53.85977437,57.86124196,62.70976772,67.19197907,74.63464599,100.8326982,67.38654611,57.44943828,57.45684221,56.51285586,59.43163877,61.52662541,62.94126947,64.06834068,66.33551459,72.21931143,79.19250347,89.73566737,90.10883784,86.64492872,84.12615677,78.47777968,80.55890084,75.6509819,68.73864489,63.01825057,60.64708775,57.64185452,54.36320289,46.58825377,45.91547453,41.55199305,44.55502815,43.22092309,41.40580083,43.98483685,39.41519357,38.74450356,37.97857051,36.94432342,35.56739594,38.42611048,42.28601672,39.44940639,36.77589695,35.97404665,37.03109705,35.46158207,36.9250962,36.84393476,37.88928596,38.78341548,41.63493538,44.43819565,51.57122164,59.81277885,57.08905075,54.74227699,52.78048586,49.90553624,48.97219624,45.65116189,45.67305477,49.25722973,48.31537011,48.51907657,51.70494312,45.96923303,38.74801362,32.03164599,28.10565998,26.91180569,36.13027978,38.9461679,38.27055274,37.5285579,40.25522811,39.58230675,42.71936614,43.850726,81.72515632,61.05734602,52.20360093,50.21725561,53.99606836,52.74852699,48.60742831,46.22701356,47.58073258,49.82171637,46.43689241,35.80775726,29.74870556,26.88850464,23.81841552,25.33780155,27.60026727,28.10327681,26.7637428,27.44416201,27.64063236,27.6215983,32.65645274,35.87089922,41.40777905,42.47574404,40.70560268,44.01100772,39.36067986,26.30449619,25.16558578,31.11856775,34.39822124,30.95817115,30.89379375,31.4877049,30.09968914,35.29396059,49.4987469,47.7151951,46.76919492,46.75457251,46.60367959,42.3496443,37.31367036,32.71264964,30.48612943,29.95364638,26.81448136,25.68420024,26.25799533,26.50699266,29.64274875,35.59249869,37.69581491,37.8281392,34.53825468,34.59365248,32.76703575,35.33310572,33.54829373,31.9881316,32.17280953,31.47621384,35.44797716,33.5013016,32.21967502,27.64361604,20.72027887,29.18807083,33.21592066,46.48109728,41.98325376,29.64154022,30.19696833,30.35076185,30.46749874,32.03905164,35.30941118,33.39882462,33.19024305,29.84062768,24.9579706,24.5782,27.35474062,29.23237629,27.67968835,25.27058359,24.94000342,25.38003076,26.28432863,25.41139973,23.27747454,22.97404652,21.08622253,18.51517463,14.36547187,13.48163186,12.76683365,12.09078824,10.5257524,10.28176576,9.934224666,8.699082498,9.075098098,7.431080904,8.716921144,8.005881588,9.325640783,10.74305824,12.05228985,16.37430553,22.43413634,26.89940873,28.78293101,28.54541296,27.04277982,22.95270552,21.61966344,23.07969524,25.13209582,28.12408796,38.11482886,36.18729639,24.29280582,19.68736733,20.47338458,14.30751247,13.16568535,14.18762772,15.99499845,16.23668412,16.09098624,20.99524365,27.49965298,30.52175684
2011-08-31 00:00:00-10:00,91.17583055,86.4620604,93.80350498,102.1208808,95.93336099,87.69654327,83.41541379,80.315586,80.59943802,79.91656094,74.09078378,68.7868624,69.66340683,73.38019457,81.00636779,89.02671158,96.71553961,92.61760373,77.65711874,77.33525799,65.93320484,57.81774715,54.5589481,50.66970033,50.2513457,50.38339423,51.40453712,50.59157527,51.21759819,51.19762809,54.03019095,58.09658738,62.94766068,67.30486765,74.66406412,100.9757908,67.43494289,57.40841263,57.3675019,56.44103846,58.97883472,60.96044764,62.31692662,63.47914472,65.77016932,71.37948823,78.46721305,89.26423541,89.76063692,86.63229428,84.01132854,78.42613538,80.48312078,75.52066623,68.39994987,62.90122458,60.69763318,57.99653544,54.62404088,46.93476117,46.38212181,41.90043447,44.95049465,43.55458021,41.68988467,44.30538147,39.67081392,39.04556444,38.21713745,37.16417611,35.75856315,38.57329008,42.3968992,39.33641388,36.70046647,36.23439104,37.1741497,35.70469364,37.13778908,37.07757043,38.11132528,39.05123177,41.84567925,44.69480836,51.70384593,59.77004201,57.57686674,55.15864073,53.00409566,49.98547691,48.96274619,45.69342331,45.47638436,49.196391,48.36855283,48.42459096,51.49296966,45.86504412,38.50083154,31.77903274,27.95613927,26.77494595,36.00185484,38.83111124,38.07531576,37.23495119,39.95952156,39.4463141,42.74253284,44.00666251,82.00976125,61.36406124,52.57740231,50.49407878,54.25902935,52.85504933,48.82647845,46.62919902,47.98833693,49.98071069,46.58402737,35.89458091,29.77847721,27.01824407,23.97535345,25.52780174,27.83115007,28.340921,26.99507191,27.65949445,27.80368055,27.66781885,32.6661662,35.91867847,41.36471357,42.40498502,40.74426474,44.07471466,39.41082261,26.30580459,25.16480978,31.19650919,34.41666071,31.06223279,31.04005902,31.53104517,30.12910589,35.55191437,49.78337016,47.93796836,46.93869405,46.97194093,46.8768622,42.47456211,37.37663696,32.92553074,30.65583608,30.10645673,26.96918576,25.91942821,26.48022902,26.73580224,29.87193817,35.88688364,37.94149463,38.00551675,34.6324566,34.64837928,32.84016303,35.46277078,33.6856872,32.13268916,32.29666084,31.68020941,35.5946037,33.63959043,32.26239114,27.72258589,20.79728455,29.24820289,33.25768591,46.57492488,41.99088081,29.66798146,30.22075074,30.41902651,30.60002051,32.23903248,35.47828477,33.55082829,33.28483931,29.80546149,24.98808106,24.66858221,27.54489465,29.32058231,27.91295869,25.5455149,25.14630289,25.62785745,26.48963553,25.58254336,23.47475725,23.19187835,21.36956259,18.80349358,14.70474052,13.78317438,12.9746928,12.33789535,10.77247261,10.44087265,10.09942089,8.922027051,9.284801344,7.661732923,8.872838509,8.129529535,9.404985304,10.86368322,12.20429132,16.49444709,22.56481903,27.08453326,28.92771905,28.67822556,27.11916347,22.97664963,21.64050991,23.06561941,25.12322357,28.14460298,38.16658485,36.28227769,24.38725816,19.78684383,20.46637919,14.29356461,13.17961261,14.19417724,15.81082078,16.10382139,16.15208948,21.06721812,27.50814528,30.53119086
2011-09-30 00:00:00-10:00,91.01336109,86.21295649,93.19429971,101.7687651,96.08126839,87.89673351,83.75123066,80.6193228,80.90669791,80.23423195,74.37526596,69.14545216,70.07675035,73.74910608,81.35009033,89.3328181,96.73334817,92.77520626,77.94512906,77.58391116,66.19985057,58.23914639,54.92194926,50.9983884,50.51350931,50.65770139,51.60549849,50.68414029,51.26893571,51.29909184,54.19920193,58.34929223,63.19800471,67.4329576,74.68781584,101.0864698,67.45341408,57.32018661,57.231887,56.33228752,58.53344056,60.40295971,61.69363161,62.88355142,65.19477029,70.5623057,77.75325597,88.77334035,89.40534204,86.58528754,83.87315613,78.37340392,80.39958387,75.38330694,68.05069119,62.76619009,60.78497906,58.35838702,54.91469797,47.3240075,46.86724814,42.28917214,45.38640965,43.94795872,42.04602057,44.67907531,39.97908695,39.39802843,38.48635953,37.42356579,35.99803689,38.75361766,42.50167369,39.23567657,36.6122149,36.46090042,37.25701586,35.8867331,37.28934658,37.25547411,38.28883902,39.28785529,42.04373184,44.92669805,51.82480463,59.69956955,58.02233094,55.56273376,53.21317183,50.04145844,48.91031281,45.68623536,45.2462753,49.07880461,48.3749638,48.28194032,51.23983697,45.72686561,38.23422881,31.516635,27.80728527,26.64157359,35.8733746,38.7244456,37.90758527,36.96289701,39.68158296,39.31847944,42.77269969,44.16485555,82.29546245,61.67038602,52.93252278,50.75030276,54.4993711,52.92569439,48.97252231,46.96495247,48.33788534,50.10835182,46.70515135,35.96065918,29.79182952,27.13201263,24.13393537,25.72538822,28.0596034,28.56949401,27.22709759,27.86690315,27.95958045,27.72271218,32.68157279,35.97916241,41.34104342,42.35739421,40.80803892,44.15285452,39.4654656,26.31552744,25.16884484,31.28166355,34.44387206,31.17931854,31.18239894,31.56202728,30.15346707,35.78269213,50.02745627,48.12747671,47.09063018,47.16803995,47.12685005,42.58043525,37.42196486,33.11976127,30.82303314,30.24673841,27.11619318,26.15022775,26.68033396,26.94051149,30.07820221,36.16659537,38.1718872,38.15550887,34.69601127,34.67203358,32.87502833,35.55311509,33.77976368,32.23446262,32.39028092,31.85626458,35.71527129,33.74774214,32.25826038,27.77916426,20.8692078,29.29164325,33.28351396,46.65740954,41.99886161,29.69694231,30.2512436,30.48766687,30.73468491,32.45079946,35.65003496,33.69827,33.36901094,29.75801512,24.99782657,24.75140432,27.72964045,29.40236815,28.14411895,25.82229346,25.36864686,25.88924269,26.71340425,25.76824427,23.68488643,23.41372664,21.65626287,19.10365408,15.04017593,14.07311849,13.16568192,12.56948295,11.00847965,10.59555884,10.25770322,9.144928729,9.484491739,7.886643505,9.016564657,8.247160454,9.473171377,10.96398488,12.32520453,16.58672019,22.67374038,27.27137993,29.069444,28.80588351,27.18658588,22.99092979,21.65145856,23.03330748,25.10309473,28.14574282,38.19794159,36.36667515,24.4774327,19.88278057,20.45863566,14.28805996,13.20856079,14.20071279,15.61921864,15.95467272,16.21620247,21.15388576,27.52606634,30.55291979
2011-10-31 00:00:00-10:00,90.87045887,85.95171669,92.62524201,101.4104879,96.16546814,88.04965928,84.02628257,80.86320252,81.14255365,80.46478369,74.57574556,69.41638466,70.42819371,74.06165154,81.64617846,89.57997419,96.68846741,92.87935108,78.18759059,77.7692834,66.39979108,58.61103945,55.25506008,51.29943067,50.75600354,50.91640033,51.78433967,50.75237686,51.30328658,51.38480442,54.36029576,58.6159156,63.45631822,67.57490392,74.71197599,101.1700568,67.44652039,57.19159954,57.05482556,56.19034616,58.10918297,59.87006739,61.09054575,62.29988998,64.62634249,69.78479254,77.0703451,88.28694235,89.06226003,86.50925314,83.72001744,78.32641301,80.31071102,75.24346963,67.69953033,62.61377571,60.9049818,58.71629864,55.22572534,47.74577615,47.35825003,42.70925223,45.85226047,44.39208182,42.46457451,45.1040379,40.33992069,39.8016097,38.78286512,37.72955337,36.28260183,38.9630984,42.60011281,39.16007347,36.52362263,36.6564417,37.28464626,36.00797787,37.37715291,37.37509398,38.42140566,39.49251699,42.22821065,45.13638046,51.93653258,59.61184122,58.42394764,55.95065245,53.4083948,50.07770515,48.82220386,45.62928944,44.98068167,48.90079343,48.32873023,48.0853904,50.93728337,45.54246471,37.93757958,31.23630315,27.65301628,26.5078403,35.74193065,38.62523614,37.76403873,36.70729767,39.41691613,39.19269548,42.80258388,44.31682013,82.57197019,61.96844648,53.2601435,50.97628299,54.70880521,52.95566213,49.0530214,47.23722472,48.63240503,50.19493996,46.79358405,36.0022984,29.7862763,27.22647121,24.29232472,25.92329628,28.27675554,28.77971042,27.45123768,28.05517283,28.10094746,27.77922275,32.69625476,36.04744901,41.3313321,42.33042536,40.88888507,44.23673734,39.514994,26.32340858,25.16653521,31.36243423,34.47145918,31.30008481,31.31471961,31.57703838,30.16971844,35.98269293,50.23350709,48.27731675,47.22041237,47.33681159,47.34413694,42.66252672,37.44709273,33.28777761,30.97970737,30.36775927,27.24918117,26.36964374,26.85425043,27.11582139,30.25439748,36.42214071,38.37885979,38.27048165,34.72280619,34.65903341,32.86938091,35.60035571,33.82631467,32.2909517,32.44610749,31.99292121,35.80319936,33.81702881,32.20178787,27.80826355,20.92698912,29.30886757,33.29147746,46.72737106,42.00921955,29.7307596,30.28974433,30.5558298,30.86664658,32.66446313,35.81349239,33.83287476,33.4402798,29.70508807,24.99111271,24.8211978,27.89961958,29.47420683,28.3646881,26.09089446,25.60009999,26.15638013,26.94941648,25.9625579,23.90217916,23.63389906,21.94031037,19.40845653,15.36701175,14.34880546,13.33627378,12.78036416,11.22573675,10.73747928,10.40577078,9.362635478,9.665107472,8.096806477,9.139535802,8.350742742,9.520924438,11.03834052,12.41060216,16.64557651,22.76183254,27.45431409,29.2052702,28.92665046,27.24344554,22.99721746,21.65588979,22.98740303,25.0739297,28.12731466,38.20750246,36.44229559,24.56360746,19.97047846,20.44398938,14.28965778,13.25063303,14.20793921,15.42558717,15.78991043,16.27837252,21.25068652,27.54806866,30.58385839
2011-11-30 00:00:00-10:00,90.75899211,85.68586633,92.10966248,101.0603553,96.19343958,88.15772446,84.24131149,81.04832331,81.30717596,80.61303843,74.69790513,69.60555386,70.72009451,74.32205969,81.8997523,89.77781479,96.60059924,92.94478112,78.39985557,77.89727472,66.53641032,58.93113651,55.54946268,51.56378601,50.97059821,51.15283132,51.93432381,50.79008772,51.31577035,51.45095802,54.51392639,58.89743485,63.71827409,67.73121412,74.74513603,101.2391988,67.42688376,57.03732646,56.84812646,56.02599301,57.7220718,59.38023138,60.52925242,61.74885902,64.0849796,69.06581744,76.44013502,87.83002899,88.75128797,86.41388229,83.56338197,78.29547288,80.22277666,75.1088571,67.35732807,62.44665974,61.05265293,59.06285912,55.54789927,48.19087388,47.84465869,43.15126352,46.33729892,44.87745714,42.93191464,45.57424088,40.74857984,40.25083589,39.10174816,38.08402083,36.60645264,39.19621694,42.69267737,39.1200948,36.44705364,36.82694658,37.26783678,36.07518976,37.41060082,37.43725687,38.51360785,39.66867243,42.40055269,45.33253239,52.04555663,59.52276513,58.78736913,56.32119276,53.59432861,50.10437068,48.71342055,45.529953,44.68353718,48.66711367,48.22862362,47.83330929,50.58517491,45.30488637,37.60441277,30.93425577,27.49060448,26.37256269,35.60556252,38.53293034,37.63983219,36.46320079,39.16105583,39.06410172,42.82605451,44.4578545,82.83328719,62.25410604,53.55674745,51.16775381,54.88322836,52.94628078,49.07816969,47.45226218,48.87708819,50.23800667,46.84868631,36.02054801,29.7631561,27.30253885,24.44862112,26.1140684,28.4753686,28.96523189,27.66089973,28.21740498,28.22491453,27.83359303,32.70625548,36.11872454,41.33022048,42.32060785,40.97781373,44.31934978,39.55471722,26.32398067,25.15212431,31.4320793,34.49476469,31.41454422,31.43235514,31.57390234,30.17697312,36.14919103,50.4078238,48.38896776,47.32906933,47.4788267,47.52538882,42.72164133,37.45315205,33.42563236,31.12061374,30.46659516,27.36614215,26.57446892,27.00197002,27.26185212,30.39932704,36.64973209,38.55905653,38.34841296,34.71369835,34.61123186,32.82518957,35.60366439,33.82498277,32.30324967,32.4614444,32.08455793,35.85667387,33.84368265,32.09416295,27.80954487,20.96455907,29.29462196,33.28351507,46.78602077,42.02437041,29.77247009,30.33788546,30.624642,30.99192236,32.87024081,35.95869943,33.94852845,33.49716839,29.65215199,24.9707489,24.87386713,28.04814424,29.53603362,28.56961046,26.34429754,25.83552572,26.42272408,27.19128742,26.16046356,24.12251036,23.8488345,22.21740026,19.71098169,15.68272582,14.60870084,13.48533669,12.96775034,11.41909028,10.86191487,10.5441188,9.571877515,9.81956634,8.283887098,9.236543616,8.434990298,9.542115299,11.08350783,12.45787318,16.66813358,22.82984354,27.62838765,29.33327034,29.03931582,27.28901589,22.99734686,21.65549206,22.93190898,25.03697682,28.08992635,38.19568486,36.51219058,24.64615395,20.04566396,20.41774338,14.29859787,13.30320354,14.21480548,15.23625518,15.61314283,16.33556682,21.35294198,27.56982803,30.62318817
2011-12-31 00:00:00-10:00,90.6904166,85.42678913,91.65814981,100.7309089,96.17885904,88.23054717,84.40659446,81.18536491,81.41218334,80.69450215,74.75720908,69.72571924,70.9612182,74.53929654,82.12001849,89.93864679,96.49087038,92.98790927,78.59840631,77.97790635,66.61801815,59.20229287,55.80298622,51.78889121,51.15477957,51.36583335,52.05575549,50.79928335,51.30937693,51.50202308,54.66765671,59.19753733,63.97861845,67.90320872,74.79737591,101.3118127,67.41264315,56.87573406,56.62695504,55.85447558,57.38581316,58.94942268,60.0281506,61.24749119,63.58755622,68.42082984,75.87951076,87.42044764,88.48595267,86.308759,83.41389733,78.29119756,80.14375746,74.98833443,67.03627642,62.26962594,61.22302614,59.39437279,55.87388869,48.65200972,48.31890611,43.6064717,46.83114008,45.39453103,43.43144456,46.07913788,41.19582278,40.73542789,39.43690599,38.48271972,36.96260089,39.44783738,42.78143977,39.11949265,36.39039217,36.97645582,37.21690968,36.09686991,37.40289063,37.44563256,38.57371252,39.82199968,42.56413733,45.52583905,52.16135789,59.44950152,59.12382108,56.67473855,53.77847382,50.13440957,48.60263697,45.39983841,44.36232799,48.38728713,48.08193734,47.53172217,50.19080221,45.01324967,37.23279375,30.61046955,27.32011705,26.23612035,35.46144615,38.44550432,37.52798753,36.22591051,38.90978063,38.92879168,42.838492,44.58537513,83.07630779,62.52509921,53.8214121,51.32549208,55.02347333,52.90453552,49.05858201,47.6176832,49.07731795,50.24332225,46.87704665,36.02283918,29.72880253,27.36557782,24.6019385,26.29357421,28.65337826,29.12559489,27.85403964,28.35300801,28.33299906,27.88362393,32.70908206,36.18899024,41.33260537,42.32455264,41.06563205,44.39571409,39.58430151,26.31604313,25.12572722,31.48921031,34.512148,31.51407562,31.533562,31.55279383,30.17808559,36.28309278,50.55969321,48.47106986,47.42342403,47.60164233,47.67388641,42.76343588,37.44507141,33.53379288,31.24392408,30.54340685,27.46845737,26.76484271,27.1272274,27.38376383,30.51799551,36.85132582,38.71477038,38.39415777,34.67659875,34.53726131,32.74877619,35.56619568,33.78003406,32.27622154,32.43887673,32.13191392,35.87719776,33.82833655,31.94283649,27.78708155,20.98057668,29.25024145,33.26594749,46.83891023,42.05039504,29.82802417,30.39895477,30.69646248,31.10826783,33.05907331,36.07656376,34.04037457,33.53831534,29.60310462,24.93905564,24.90736575,28.17202061,29.5907195,28.75836392,26.57959916,26.07156022,26.68231612,27.43376762,26.35805063,24.34264275,24.05554,22.48229236,20.0052136,15.98449432,14.8517036,13.61506594,13.13259704,11.58807348,10.96940211,10.67697912,9.771971648,9.945263387,8.443761629,9.308277313,8.499748117,9.536264471,11.10004719,12.46704007,16.65498927,22.87885476,27.79139841,29.45370404,29.14473617,27.32452631,22.99367,21.65217319,22.8711564,24.99414213,28.03643404,38.16582303,36.57923574,24.72506676,20.10696745,20.37764217,14.31680878,13.36344721,14.21982867,15.05802356,15.43108442,16.38666541,21.45593027,27.58806966,30.6717308
2012-01-31 00:00:00-10:00,90.67391398,85.18476627,91.27444888,100.424708,96.13063494,88.27770266,84.53596226,81.29040727,81.47543184,80.72914589,74.77331731,69.79503854,71.1630834,74.72640812,82.31669381,90.07377876,96.37922639,93.02377818,78.79679425,78.02083134,66.65319632,59.4279102,56.01790735,51.97794647,51.31116906,51.5591108,52.15390063,50.78572896,51.2876726,51.54268418,54.82788317,59.51715549,64.23290764,68.09238699,74.87797547,101.4053923,67.42198176,56.72333703,56.40561799,55.69125036,57.10876987,58.58783171,59.59863399,60.80570477,63.14376136,67.85738823,75.39526695,87.06545579,88.2709757,86.19986484,83.27799375,78.3229914,80.0806906,74.88944327,66.74763014,62.08897659,61.40993929,59.70672996,56.19679621,49.11888811,48.77082217,44.06158899,47.31813469,45.92865415,43.94163837,46.60240733,41.6671224,41.24004365,39.77792946,38.91337664,37.33804524,39.70829397,42.86429361,39.15082866,36.35236615,37.10425382,37.13780693,36.07865843,37.36252994,37.40688341,38.6102938,39.95827651,42.72245329,45.72306231,52.292325,59.40343367,59.44376507,57.00769905,53.96596007,50.17664444,48.50354836,45.24877918,44.0224591,48.06936296,47.90051585,47.19014912,49.76357269,44.67519511,36.82844867,30.26958975,27.14168762,26.09686173,35.30492745,38.35848405,37.41906009,35.99161063,38.65993634,38.78416898,42.83764778,44.69896087,83.29983164,62.77965003,54.05401619,51.45013357,55.12999676,52.8368863,49.00209406,47.73916391,49.23556777,50.21916632,46.886427,36.01677839,29.69021012,27.4209506,24.75338249,26.46253636,28.81321346,29.26488619,28.03343426,28.46708302,28.43037792,27.92809183,32.70372502,36.2556362,41.33243125,42.33880668,41.14405674,44.46106775,39.60443735,26.29928082,25.08868648,31.53282595,34.5201262,31.5918934,31.61650718,31.51328223,30.17611989,36.38737791,50.69474614,48.53205098,47.51267554,47.71448548,47.79342549,42.79316287,37.42853004,33.61432527,31.34906296,30.59865227,27.5577031,26.94077449,27.23240861,27.48521261,30.61415878,37.02790773,38.84752043,38.41394691,34.6196628,34.44525769,32.64627074,35.49241155,33.69709267,32.2148984,32.38234982,32.13735207,35.86365836,33.77377761,31.75545582,27.74453282,20.97553942,29.17898826,33.24294524,46.88923949,42.09320679,29.90175796,30.47461728,30.77075963,31.21321345,33.22319429,36.15882028,34.10249925,33.56041791,29.55734499,24.89574484,24.92017509,28.26827659,29.63941434,28.92871677,26.79278481,26.30197652,26.92865241,27.67036641,26.54966353,24.55695008,24.24960604,22.72874367,20.2853056,16.26886404,15.07660299,13.72846381,13.27725121,11.73466925,11.06396442,10.80918266,9.962584715,10.04283155,8.576157392,9.359422634,8.548974618,9.50824162,11.09217455,12.44258555,16.61181004,22.91071836,27.94177412,29.56662358,29.24374659,27.35145442,22.98768776,21.647663,22.80856553,24.9474158,27.97047794,38.12223015,36.64411343,24.79914979,20.15498109,20.32276577,14.34554441,13.4283123,14.22101877,14.89728972,15.25219169,16.43149488,21.55525407,27.59853628,30.72969681
2012-02-29 00:00:00-10:00,90.71567898,84.96348099,90.95293282,100.1364778,96.05306566,88.30574167,84.64116697,81.37773288,81.51250293,80.73403818,74.76291505,69.82891477,71.33604223,74.89651383,82.49603081,90.19008243,96.28013082,93.06347786,79.00366031,78.03382932,66.6498885,59.61135338,56.19651434,52.13654524,51.4437035,51.73627934,52.23509545,50.75691457,51.25610317,51.5782893,54.99926681,59.85597784,64.48003798,68.30041805,74.99179821,101.5319482,67.46869247,56.59325197,56.19555425,55.54848263,56.89304502,58.29879962,59.24328525,60.42564518,62.75426791,67.37187354,74.98131035,86.76452442,88.10514951,86.08816872,83.15629669,78.39814907,80.03975299,74.81850572,66.49783889,61.91045677,61.60475916,59.9912991,56.51169974,49.58031383,49.18953748,44.50058739,47.77913128,46.46635419,44.43651789,47.12195431,42.14294088,41.74466356,40.10939812,39.35696234,37.71341206,39.96452684,42.93458944,39.19663236,36.32031702,37.20512425,37.03068568,36.02315524,37.29384432,37.32695709,38.62828836,40.08022202,42.87588673,45.92795034,52.44130312,59.3854434,59.74617471,57.31298935,54.15717315,50.23450037,48.42226903,45.07852072,43.66425476,47.71710133,47.69198385,46.81565771,49.3092065,44.29948896,36.39928312,29.91752201,26.95497247,25.95227028,35.13141256,38.26692155,37.30484899,35.75986584,38.41256985,38.63111782,42.82361906,44.79874575,83.50343212,63.01466856,54.25215194,51.5389009,55.20032095,52.74631683,48.91447813,47.82091559,49.35242291,50.17334524,46.88198365,36.00600476,29.65104475,27.47083163,24.90210464,26.62328035,28.95710899,29.38672687,28.20198902,28.56419752,28.52037654,27.96706344,32.69087052,36.31546403,41.32478973,42.3586445,41.2076928,44.51195253,39.6155363,26.27429053,25.04219328,31.56137147,34.51485009,31.64296995,31.67909645,31.45498616,30.172836,36.46430763,50.81411257,48.57688809,47.60709596,47.8242961,47.88824186,42.81602506,37.40848048,33.66927989,31.43518526,30.6318652,27.63452837,27.10149924,27.31815202,27.56783238,30.69027139,37.17996691,38.95737483,38.41238044,34.54957514,34.3419074,32.52329346,35.38855935,33.58238581,32.12375538,32.29507616,32.10278525,35.81183544,33.68128032,31.53703872,27.68382463,20.94981166,29.08316747,33.21422379,46.935226,42.15275361,29.99167313,30.56144416,30.8446387,31.30486622,33.3567673,36.19850514,34.12913428,33.55835382,29.50979635,24.83859925,24.91086253,28.33435677,29.68110116,29.07574579,26.97801634,26.51827685,27.15529695,27.89352719,26.72866224,24.75860251,24.4266498,22.95168348,20.54612482,16.53244012,15.28136137,13.8280723,13.40412125,11.8615166,11.15000484,10.94336185,10.14190009,10.11461366,8.682719292,9.395673359,8.588100021,9.465944972,11.06711696,12.39274152,16.54846256,22.92824896,28.07716805,29.67064347,29.33679895,27.37117128,22.98015741,21.64336558,22.74623937,24.89882729,27.89559855,38.06631301,36.70436459,24.86671419,20.19095644,20.2533637,14.38527873,13.49538944,14.21662348,14.75985097,15.08516434,16.47006083,21.64852399,27.59681211,30.79730522
2012-03-31 00:00:00-10:00,90.81861527,84.76235078,90.68265489,99.85803544,95.94984593,88.32073678,84.73283987,81.45986333,81.5370337,80.7238641,74.73991343,69.8401649,71.48935898,75.05858458,82.66245669,90.29241323,96.20314152,93.11398928,79.22258355,78.02371873,66.6164585,59.75690764,56.34192299,52.27116964,51.55722148,51.9005032,52.30587588,50.72141543,51.22079162,51.61373392,55.18589697,60.2122551,64.72124085,68.52984619,75.13646869,101.6958889,67.55973021,56.49374749,56.00415723,55.43363068,56.73583446,58.08021316,58.95718396,60.10286217,62.41247277,66.95198056,74.62402775,86.51288854,87.98460867,85.97235132,83.04609734,78.52112652,80.02658391,74.78108155,66.28561286,61.73654332,61.79608331,60.23744792,56.8150227,50.02676889,49.56632832,44.909406,48.19844658,46.99975624,44.89283461,47.6169668,42.60471173,42.23061476,40.41668146,39.7940533,38.07002868,40.20613357,42.98627253,39.23879279,36.27836809,37.27642052,36.89318153,35.93033699,37.1978242,37.21200549,38.63192665,40.19154314,43.02635383,46.14166118,52.60470584,59.38667057,60.02303829,57.58237325,54.34808379,50.30645244,48.35862746,44.88777796,43.2861162,47.33185964,47.46000852,46.41442867,48.83455213,43.89657359,35.95548909,29.56239694,26.76205397,25.8024158,34.9387391,38.16797162,37.18174623,35.53531995,38.17399117,38.47540398,42.80050594,44.88783177,83.68969312,63.22803296,54.41260041,51.58827998,55.23131143,52.63389994,48.80108111,47.86655081,49.42795905,50.11231162,46.86704641,35.99173458,29.61248796,27.51611218,25.04656827,26.77906224,29.08576401,29.49360186,28.36158455,28.64778569,28.60586838,28.00192782,32.67227591,36.36491943,41.30663184,42.37863219,41.25510026,44.54907278,39.61862362,26.24340877,24.9878601,31.57423438,34.49526022,31.66530153,31.72058113,31.37867291,30.16956467,36.51517809,50.91477358,48.60610566,47.71626338,47.9373669,47.96347064,42.83710109,37.3884149,33.70113604,31.50129698,30.64212263,27.69883157,27.24571793,27.38460426,27.63342614,30.75053394,37.30958059,39.04534797,38.39312511,34.47346673,34.23479028,32.38800193,35.26517202,33.44359799,32.00801985,32.18018242,32.03052679,35.71900709,33.5511709,31.29036449,27.60605168,20.903743,28.96471719,33.17729774,46.97285266,42.22774988,30.09442529,30.6547791,30.91579955,31.38342121,33.45754075,36.19293477,34.11768831,33.5274142,29.45511684,24.76647286,24.87940142,28.36949895,29.7135207,29.19339265,27.1293076,26.71168482,27.35639193,28.09614616,26.88905889,24.94152978,24.58416292,23.14842553,20.78451368,16.77366027,15.46492386,13.91678431,13.51658676,11.9724914,11.23216747,11.0804768,10.30854937,10.16625911,8.768465071,9.424348571,8.624593766,9.418477249,11.0333352,12.3274537,16.47655939,22.93578832,28.19523593,29.76417743,29.42493269,27.38564581,22.97257634,21.64132795,22.68630089,24.85198532,27.81613417,37.99516099,36.75503434,24.92640198,20.2171378,20.17214383,14.43655064,13.56357589,14.20593534,14.65064511,14.93737746,16.50220624,21.73374821,27.57844643,30.87359855
2012-04-30 00:00:00-10:00,90.98208889,84.57959752,90.45180143,99.58228031,95.82603024,88.32957337,84.82059051,81.54715717,81.56079778,80.71106986,74.71559884,69.83876627,71.63100272,75.21743399,82.81961469,90.3849547,96.15282429,93.17810833,79.45306712,77.99731115,66.56207651,59.87057292,56.45928659,52.38879609,51.65742919,52.05481263,52.37206443,50.68704793,51.18593099,51.65100936,55.38743873,60.57986442,64.9561872,68.7802445,75.30293649,101.893685,67.69418637,56.42716349,55.8344946,55.34920449,56.63072782,57.92643812,58.7304753,59.82854876,62.10740261,66.58098069,74.30881901,86.30386216,87.9048289,85.85118207,82.943666,78.69289911,80.04634719,74.7822977,66.10284246,61.56523078,61.97103199,60.4359055,57.10434977,50.4525957,49.89699187,45.2789606,48.56754253,47.5265919,45.29336418,48.06990347,43.03650317,42.68260775,40.68876525,40.20784832,38.39308632,40.42684874,43.01470329,39.26201097,36.21190971,37.31602796,36.72512516,35.80042234,37.0747963,37.0705401,38.62734597,40.29915798,43.17876692,46.36432701,52.77554253,59.391893,60.26531443,57.80940519,54.53169507,50.38682604,48.30805264,44.67636216,42.88760251,46.91504929,47.20667642,45.993672,48.35256221,43.48258727,35.51179477,29.21616888,26.56908679,25.65127353,34.72902066,38.06328137,37.0525489,35.32686009,37.95425737,38.32657329,42.77568811,44.97225925,83.86407941,63.42123684,54.53463262,51.59759396,55.22257232,52.50119137,48.66801573,47.88105192,49.46411774,50.04052802,46.84473618,35.97586006,29.57615723,27.55865786,25.18666208,26.93240955,29.19871126,29.58725279,28.51300883,28.72008586,28.68960566,28.03563267,32.65069462,36.4008121,41.27597278,42.39345448,41.28822835,44.57655548,39.61510054,26.20974074,24.92759019,31.57159833,34.46333468,31.65980057,31.74176704,31.28612108,30.16719268,36.54039435,50.99055783,48.61662614,47.8478078,48.06041694,48.02520423,42.86089532,37.36969894,33.71283748,31.54643306,30.62865299,27.75020124,27.37192462,27.4324337,27.6853148,30.79890232,37.41959831,39.11535628,38.36061903,34.39955172,34.13249096,32.2500661,35.13503669,33.28988352,31.87460693,32.04224126,31.92459306,35.5851799,33.38483374,31.01966179,27.51344313,20.83881263,28.82713913,33.1306977,46.99925627,42.31770345,30.20821238,30.75149817,30.9840096,31.45098395,33.52670453,36.14307534,34.06852721,33.4654321,29.39026923,24.68036726,24.82756549,28.37474171,29.73318206,29.27564535,27.24171313,26.87468651,27.52747977,28.27258625,27.02626612,25.1012299,24.72182187,23.318658,20.99942054,16.99300578,15.62787652,13.99808393,13.6192402,12.07252113,11.31532688,11.22062311,10.4628467,10.20640799,8.841704293,9.454286502,8.667116035,9.375947105,11.00022826,12.25733169,16.40741309,22.93906579,28.29455597,29.84768443,29.51031777,27.39865999,22.96835983,21.6452796,22.63251713,24.8128775,27.73878924,37.90534424,36.79237284,24.97796841,20.23725491,20.08457535,14.50025185,13.63214469,14.1886743,14.57319252,14.81347087,16.52874679,21.81006987,27.54186622,30.95716256
2012-05-31 00:00:00-10:00,91.20198429,84.41075439,90.24960257,99.30562391,95.68753635,88.33859167,84.91033833,81.64528718,81.59126956,80.70323004,74.6954363,69.83062395,71.76524063,75.37423029,82.96817346,90.46918988,96.12641179,93.25229956,79.68835818,77.9579295,66.49327383,59.95749138,56.55350277,52.49574707,51.74920438,52.20080074,52.43642183,50.65815843,51.15186963,51.68750558,55.59756538,60.94723967,65.18031927,69.04546484,75.47784823,102.1151038,67.86355339,56.38999438,55.68570058,55.29281371,56.5682692,57.8304395,58.55193851,59.59262436,61.82674252,66.24263848,74.02432245,86.13039309,87.86176815,85.72502474,82.84587031,78.91084559,80.10393683,74.8272369,65.93992139,61.39160735,62.11775337,60.58096459,57.37732112,50.85742703,50.18383446,45.60723719,48.88648291,48.04949144,45.62805268,48.46802751,43.42624613,43.0897399,40.91914877,40.58524287,38.67255486,40.62419749,43.01720128,39.25590131,36.10985683,37.32131366,36.53090018,35.63606566,36.92648846,36.91534011,38.62249131,40.4116643,43.33885459,46.59528997,52.94606649,59.38317224,60.46582943,57.99037458,54.69947864,50.46665251,48.26302176,44.44656615,42.47093306,46.46991377,46.93490071,45.56464516,47.8805762,43.07719726,35.0856717,28.89368391,26.38600896,25.50613319,34.50937746,37.95958552,36.9263905,35.14579077,37.76516802,38.19607182,42.75759257,45.05871258,84.0319329,63.59692565,54.61953473,51.56841289,55.17530166,52.34982656,48.51846945,47.86740492,49.46153204,49.95828071,46.81532652,35.95803595,29.54215613,27.59857494,25.32086975,27.0829196,29.29490161,29.66824934,28.65529351,28.78123194,28.77079367,28.06968023,32.62755123,36.41991649,41.23116713,42.39778857,41.3108278,44.59864845,39.60496243,26.17468507,24.86143944,31.55252406,34.42038437,31.62784016,31.74265576,31.17838883,30.16496914,36.53938043,51.03351691,48.60369629,48.00669187,48.1981275,48.08015626,42.8908866,37.35109696,33.70625482,31.56899699,30.59020715,27.78740797,27.47817502,27.46188911,27.72516011,30.83629098,37.51058406,39.17232964,38.31647282,34.33145348,34.03856464,32.11371179,35.00523647,33.12722532,31.72824572,31.88483431,31.78842558,35.41159565,33.18480711,30.72991049,27.40798687,20.75705519,28.67472861,33.07372898,47.01220256,42.41788592,30.32754171,30.8452173,31.04694825,31.50875397,33.56561215,36.04992067,33.98303743,33.37277781,29.31328859,24.58179506,24.75868787,28.35208701,29.73520894,29.3175771,27.31217405,27.00168182,27.66536034,28.41895251,27.13710676,25.23482349,24.84004244,23.46315341,21.19060847,17.19101983,15.77153277,14.07553735,13.71685824,12.16631761,11.40296003,11.36271274,10.60625233,10.24418408,8.911398204,9.494091034,8.723326204,9.347748018,10.9763651,12.19146384,16.35004326,22.94200053,28.37387704,29.9219131,29.59465055,27.41359329,22.97059484,21.65821983,22.58824343,24.78683517,27.66991837,37.79472329,36.81407872,25.0208707,20.25584774,19.99796697,14.57749539,13.70013807,14.16481592,14.52938313,14.71535785,16.55102957,21.87670048,27.48677899,31.04419671
2012-06-30 00:00:00-10:00,91.47115687,84.24950549,90.067165,99.02751626,95.54049306,88.3526471,85.00350212,81.75406727,81.63013578,80.70182267,74.67903285,69.81574748,71.89297687,75.52582057,83.10681864,90.54490138,96.11669966,93.32872529,79.91726343,77.9066631,66.41420072,60.02200256,56.62881973,52.59631921,51.83539856,52.33790632,52.49859275,50.63537811,51.11560826,51.7171273,55.80598358,61.29993091,65.38677887,69.31642762,75.64750017,102.3471065,68.05542731,56.37642595,55.5558248,55.25969579,56.5388106,57.78524725,58.41175836,59.38628659,61.56040536,65.92586942,73.76485408,85.98613059,87.85244417,85.59669621,82.75126136,79.16923781,80.20443266,74.92139923,65.79294535,61.21116289,62.22826723,60.67204803,57.63686826,51.24655374,50.43617052,45.90010155,49.16418773,48.5754308,45.89452362,48.80499582,43.76706777,43.44651791,41.10619082,40.91737438,38.90346843,40.79893259,42.99379514,39.21617606,35.96624869,37.28797845,36.31849247,35.44205904,36.75594336,36.76059511,38.62380146,40.53601468,43.50984405,46.83368507,53.11129367,59.34448881,60.62029044,58.1235851,54.84241993,50.53451193,48.21308052,44.20263793,42.04104518,46.00267892,46.64932976,45.14143962,47.43552127,42.69890363,34.69398221,28.61042982,26.22499007,25.37623687,34.2910769,37.86684543,36.81656014,35.0041122,37.61864097,38.0957292,42.7544029,45.15368593,84.19823829,63.75801353,54.67022572,51.50351391,55.0918841,52.18252624,48.35650068,47.82971576,49.42318088,49.86605747,46.77813191,35.93646634,29.50849438,27.63350458,25.44516232,27.22726608,29.37314949,29.73517065,28.78444538,28.82862722,28.84445341,28.10394092,32.60297667,36.41862738,41.17056012,42.38650323,41.32845921,44.62040428,39.58848715,26.13921242,24.79018988,31.5177477,34.3675413,31.57303503,31.72228763,31.05524557,30.16173163,36.5108786,51.03571143,48.56320318,48.19509966,48.3544417,48.13492138,42.92927474,37.33085668,33.68255235,31.56727605,30.52533982,27.80879327,27.5624702,27.47308347,27.75382366,30.8636738,37.58318216,39.22053574,38.26230314,34.27033002,33.95288516,31.97949112,34.87835283,32.95869727,31.57142194,31.71020406,31.626111,35.20106295,32.95412737,30.42572497,27.29156309,20.6617331,28.51255873,33.00668503,47.01163408,42.5212292,30.44482015,30.92773323,31.10071687,31.55619965,33.57488373,35.91453317,33.86455918,33.2528636,29.22391519,24.47342252,24.6783362,28.30501057,29.71532238,29.31780208,27.34198049,27.09154848,27.76952965,28.53403571,27.22072082,25.34165428,24.94002061,23.58365728,21.359485,17.36913561,15.89857265,14.15279477,13.81383873,12.25817963,11.4964913,11.50502419,10.7410657,10.28690426,8.984669892,9.550126908,8.797054317,9.339555266,10.96731413,12.13705455,16.31133536,22.94792,28.43518343,29.98970576,29.68111157,27.43402464,22.98232232,21.68281555,22.55642369,24.77774906,27.6150165,37.66511798,36.82169781,25.05416017,20.27745041,19.9203842,14.66951509,13.76691366,14.13517308,14.51979186,14.64355558,16.57087356,21.93344581,27.4135647,31.12901002
2012-07-31 00:00:00-10:00,91.78030527,84.09102129,89.89917916,98.75018931,95.39108393,88.37487153,85.09783271,81.86814751,81.67345576,80.7029822,74.66204083,69.79033994,72.01304683,75.66712162,83.23459072,90.61237606,96.11665942,93.39979768,80.12933281,77.8455141,66.32860264,60.06808876,56.68886336,52.69198892,51.91648006,52.46419605,52.55657128,50.61672379,51.07234579,51.73239744,56.00157597,61.62409174,65.56959247,69.58476262,75.80269561,102.5790913,68.25929227,56.38304049,55.44565339,55.24667141,56.53631362,57.78537469,58.30300634,59.20369888,61.30340474,65.6274158,73.53111274,85.866297,87.87531281,85.47174098,82.66064676,79.46016873,80.35365309,75.07107222,65.66829881,61.02287871,62.30038959,60.71468046,57.89328558,51.63025787,50.66922627,46.17084775,49.41717278,49.11465408,46.09797451,49.08155916,44.0578969,43.75311282,41.25315714,41.19999343,39.0858018,40.95429351,42.94710093,39.14421459,35.7811179,37.21204644,36.09905732,35.22555994,36.56754208,36.61924107,38.63648988,40.67752299,43.69225908,47.07820931,53.26999223,59.26762959,60.7274118,58.21107591,54.95413848,50.58161914,48.14921237,43.95069469,41.60477907,45.52154371,46.35393638,44.73628151,47.03331174,42.36516274,34.35215733,28.38030777,26.09819975,25.27084834,34.08736842,37.79581816,36.73761363,34.91316351,37.52551096,38.03662381,42.77345417,45.26340745,84.36821052,63.90843471,54.69204311,51.40791486,54.97572529,52.00292654,48.18666609,47.77213532,49.35486997,49.76620561,46.73282074,35.90865546,29.47241344,27.66042187,25.55377887,27.36042815,29.43155148,29.78493333,28.89433495,28.85714985,28.90321135,28.13804173,32.57663793,36.39417028,41.09265141,42.3548902,41.34767817,44.64805534,39.56804278,26.10570139,24.71708977,31.47055825,34.30697275,31.5005456,31.67921686,30.91581698,30.15630411,36.45350928,50.99082772,48.49378938,48.41319573,48.53242109,48.19527967,42.97759774,37.30739086,33.64298202,31.54090805,30.43336211,27.81311168,27.62371641,27.46672389,27.77238073,30.88279671,37.63966596,39.26472569,38.20069735,34.21735365,33.87557864,31.84881811,34.75712881,32.78720064,31.4067751,31.52061623,31.44197219,34.95808113,32.6967493,30.11114869,27.16642566,20.55789805,28.34632942,32.93000234,46.99871247,42.62263063,30.55611955,30.99385536,31.143756,31.59371193,33.55626063,35.74104621,33.71840853,33.11099467,29.12300156,24.35802965,24.59326181,28.23884532,29.67264968,29.28042105,27.33781386,27.14962949,27.84414119,28.62171671,27.28076698,25.42525125,25.02520058,23.68466963,21.51101499,17.53173741,16.01442397,14.23423616,13.91483789,12.35247121,11.59743563,11.64719051,10.87057465,10.33930945,9.066412866,9.626232188,8.888014211,9.353156091,10.97563139,12.09929755,16.29698313,22.96081695,28.48318711,30.05544465,29.77318028,27.4628848,23.00582364,21.72104632,22.53934789,24.78810827,27.5789946,37.52277101,36.82036718,25.07888072,20.30575939,19.8600406,14.77799442,13.83409429,14.10284404,14.54347379,14.59735325,16.5907542,21.98133127,27.32481641,31.20679894
2012-08-31 00:00:00-10:00,92.11943206,83.93740848,89.74761306,98.48038792,95.24695107,88.40819771,85.19046861,81.98019708,81.71435689,80.70092947,74.63808766,69.74930697,72.12337026,75.79393667,83.35173153,90.67367864,96.12221349,93.46192291,80.31934582,77.77935184,66.24143767,60.09977396,56.73681527,52.78228637,51.99212204,52.57962345,52.61029448,50.60128985,51.01953888,51.72871558,56.1780138,61.91223402,65.72820992,69.84616805,75.9404385,102.8071193,68.47091167,56.4117379,55.36104977,55.2549755,56.55957933,57.82855787,58.22196818,59.04241791,61.05601903,65.35154224,73.32919899,85.76882827,87.93099843,85.35819887,82.57724752,79.77468186,80.55845742,75.2831803,65.57989333,60.83111318,62.33867178,60.72086097,58.16142923,52.02184993,50.90165877,46.43850938,49.66615523,49.67822958,46.25078994,49.30552479,44.30340998,44.01480056,41.36763465,41.433533,39.22413766,41.09521271,42.88198914,39.0461871,35.56093021,37.09508276,35.88690564,34.99675685,36.36735984,36.50162713,38.66308191,40.83899653,43.88458005,47.3256422,53.42108336,59.15543343,60.78972905,58.26000463,55.03449125,50.60650295,48.06849995,43.70044827,41.17306898,45.03965605,46.05515845,44.36007568,46.6876708,42.09078736,34.07308364,28.21424432,26.01533936,25.19695699,33.91089487,37.75574142,36.70263138,34.88205061,37.49415915,38.02777383,42.82050673,45.39309381,84.54737175,64.0536238,54.69338663,51.29069778,54.83408509,51.81761641,48.01566737,47.6996878,49.26450454,49.66123246,46.68001533,35.87320237,29.43215431,27.67677466,25.64031872,27.47831701,29.47080404,29.81602552,28.98085114,28.86147767,28.94075951,28.17190387,32.54734472,36.34553547,40.99564739,42.29831374,41.37416071,44.68779553,39.54718946,26.07816359,24.64811599,31.41706975,34.24261259,31.416018,31.61212632,30.75898449,30.14663126,36.3664469,50.89521082,48.39799254,48.65915083,48.73307812,48.26551952,43.03656088,37.28061482,33.58983395,31.49138337,30.31555463,27.80118512,27.66354735,27.4452932,27.78315469,30.89674243,37.68408226,39.31081577,38.13571942,34.17431275,33.80745091,31.72220156,34.64481324,32.61500834,31.23596687,31.31844743,31.23974727,34.68931706,32.41877164,29.78843536,27.03442787,20.45093739,28.18139396,32.84576486,46.97564553,42.71994524,30.66073035,31.04109988,31.17567758,31.62187487,33.51109583,35.53521742,33.55028212,32.95259611,29.01176691,24.23728376,24.50981921,28.15932862,29.60969529,29.21317326,27.30973068,27.18585535,27.89713986,28.68936828,27.32358258,25.49175845,25.10139372,23.77267576,21.65292256,17.68584488,16.12650154,14.32463701,14.02494774,12.45333964,11.70903913,11.79111379,10.99874557,10.40334049,9.159395019,9.723594332,8.993265279,9.387574719,11.00193734,12.08164373,16.31076628,22.98377861,28.52407385,30.12329827,29.8733208,27.50179964,23.04251295,21.77369076,22.53833218,24.81889592,27.56580254,37.37655928,36.81689455,25.09806054,20.34416581,19.82468545,14.9052171,13.90560743,14.07357916,14.59790299,14.57466059,16.61363763,22.02270934,27.22385359,31.27466504
2012-09-30 00:00:00-10:00,92.4798483,83.79818518,89.62065233,98.2266065,95.11521266,88.45411691,85.27813722,82.08146167,81.74367165,80.68825509,74.59909923,69.68650193,72.22159216,75.90421912,83.45913174,90.73139379,96.13188329,93.51479803,80.48659205,77.71493167,66.15815693,60.1200824,56.77356579,52.86445672,52.06051499,52.68502496,52.66158073,50.59009477,50.95845612,51.70606232,56.33476738,62.16243172,65.86644906,70.09875077,76.06304178,103.0321636,68.69072816,56.46776728,55.31090986,55.28832067,56.60924256,57.91434748,58.16786999,58.90335153,60.82320046,65.10887478,73.16961375,85.69561996,88.02358798,85.26594656,82.50663909,80.10389338,80.82664158,75.56458017,65.54475478,60.64574531,62.35430888,60.70865797,58.45638226,52.43476077,51.15219891,46.7233594,49.93205092,50.27531935,46.37141495,49.49086281,44.5133114,44.24077702,41.46037728,41.62275648,39.32697488,41.22797503,42.80567587,38.93510797,35.31982666,36.94778333,35.69806598,34.76783402,36.16285198,36.41510226,38.70273296,41.02053318,44.08437923,47.57556598,53.56811823,59.01994586,60.81364143,58.28097344,55.08964229,50.6155611,47.9751587,43.46626457,40.76267584,44.57595473,45.76282257,44.02232236,46.40949561,41.88630486,33.86646433,28.11985809,25.983499,25.16025669,33.77090152,37.75192473,36.71989823,34.91340996,37.52632287,38.07203294,42.89650854,45.54406451,84.73884908,64.19807255,54.68313346,51.16340877,54.67860487,51.6372055,47.85395537,47.62032646,49.16296181,49.55371519,46.62188177,35.83123708,29.38855521,27.68215554,25.69966084,27.58014123,29.49415177,29.82870015,29.04175221,28.83840692,28.95437874,28.20628884,32.51305488,36.27404857,40.87723535,42.212404,41.41209563,44.74454786,39.52868655,26.06191586,24.59160431,31.36659025,34.1804621,31.32533753,31.5208207,30.58435218,30.13118397,36.25019863,50.74835939,48.2818486,48.92930684,48.95484399,48.3478643,43.10535512,37.251568,33.52568627,31.42149181,30.1752516,27.77520888,27.68465402,27.41269537,27.78979262,30.91072077,37.72230688,39.3650826,38.07196829,34.14360243,33.750845,31.60186521,34.54555629,32.44610814,31.06152402,31.10834576,31.02299455,34.40460915,32.12988403,29.45976866,26.89709791,20.34490477,28.02113746,32.75642502,46.94388516,42.81273957,30.75961072,31.06978755,31.19542697,31.63980171,33.43923014,35.30381121,33.36708465,32.78309957,28.8916207,24.11125816,24.43229933,28.07163014,29.53249068,29.12640756,27.26987838,27.21212895,27.93829061,28.74532196,27.35603757,25.54788143,25.17428482,23.85382092,21.79243343,17.83808731,16.24162045,14.42788308,14.14783671,12.56445289,11.83407856,11.93867563,11.12785521,10.47795158,9.263666555,9.840379291,9.107809995,9.439093381,11.04463802,12.08465851,16.35344359,23.01809197,28.56419882,30.19594147,29.98234904,27.55084473,23.09258146,21.83997103,22.5541622,24.87040896,27.57851834,37.23645746,36.81856431,25.11576851,20.39503426,19.82131192,15.05395107,13.98718146,14.05546314,14.67960765,14.57253724,16.64235371,22.06020243,27.11379127,31.33198915
2012-10-31 00:00:00-10:00,92.85471858,83.68749202,89.52976059,97.99672525,95.00075153,88.51144294,85.35641544,82.1623884,81.75110488,80.6563421,74.53617136,69.59474487,72.30526504,75.99707316,83.55637064,90.78652745,96.14504382,93.55995223,80.63330752,77.65930724,66.08404233,60.13132115,56.79952981,52.93654267,52.12108984,52.78304845,52.71483641,50.58755382,50.89595072,51.6707817,56.47625759,62.37651869,65.98965301,70.34087958,76.17413142,103.2558029,68.91969702,56.55518179,55.30277566,55.35029908,56.68732301,58.04254915,58.14196311,58.78965536,60.61274886,64.9137419,73.06460525,85.65123629,88.15928747,85.20614936,82.45676988,80.44069699,81.16582447,75.92061646,65.57874426,60.4800319,62.3633689,60.70013663,58.78990306,52.87985226,51.43646843,47.04246193,50.23273733,50.91132353,46.48224252,49.65576668,44.70103978,44.44324386,41.54443783,41.77670625,39.40668548,41.36305548,42.7305851,38.82962466,35.07785579,36.78861242,35.54818947,34.55115724,35.96255736,36.36418648,38.75232519,41.22075611,44.29002555,47.83084313,53.71838074,58.87715876,60.80863516,58.28639489,55.12940213,50.62014347,47.87864754,43.26675155,40.39766086,44.15496096,45.49081249,43.73181597,46.20660394,41.75710536,33.73731672,28.09927213,26.00495193,25.16342497,33.67311576,37.78443183,36.7882364,35.00128971,37.61536341,38.16478193,42.99755657,45.71506506,84.94155709,64.34358764,54.66851273,51.03804388,54.52321956,51.47528915,47.71509732,47.54408996,49.06387585,49.44994001,46.56515949,35.78922709,29.34825456,27.68141087,25.73124066,27.66936081,29.50723934,29.82449133,29.07641219,28.787923,28.9453345,28.24432733,32.47348869,36.18502064,40.73696249,42.09487454,41.46615194,44.82281383,39.51615349,26.06203053,24.55679348,31.33020879,34.12819284,31.23536222,31.40810906,30.39451515,30.11151514,36.10768273,50.55349902,48.15320341,49.21858628,49.19364303,48.44273926,43.18227445,37.22204352,33.45328865,31.335593,30.01779797,27.73806722,27.689867,27.37271762,27.79570129,30.93011612,37.76027212,39.43265891,38.01351472,34.12809891,33.70943558,31.49222681,34.46394873,32.28686961,30.8884725,30.89762928,30.79458803,34.11510302,31.84219512,29.13086927,26.75703329,20.24299324,27.86770666,32.66418787,46.90459815,42.90260041,30.8548078,31.08248857,31.20053399,31.64618712,33.34218409,35.05673943,33.17863559,32.60902272,28.76535785,23.98119483,24.36464348,27.98177784,29.44859574,29.03179361,27.23094602,27.23930944,27.97662571,28.79581776,27.38209591,25.59745321,25.24646442,23.93077502,21.93292808,17.99189091,16.36340795,14.54562591,14.28492176,12.68673207,11.97250837,12.08942486,11.25702073,10.5594433,9.376133789,9.971734674,9.225324508,9.502046449,11.10023847,12.10589836,16.42215122,23.06260987,28.60822804,30.2750543,30.10077767,27.60992168,23.15566887,21.91846191,22.58761888,24.94312541,27.62075836,37.11419811,36.83489551,25.13773152,20.46131498,19.85749587,15.22737651,14.08604494,14.05867156,14.78626998,14.58984387,16.68107872,22.09696315,26.99994482,31.38074828
2012-11-30 00:00:00-10:00,93.23778559,83.62027681,89.48638942,97.79689002,94.9056007,88.57557052,85.41902484,82.21444613,81.7279094,80.59734932,74.44179293,69.46732642,72.37142798,76.07139133,83.64194298,90.83897986,96.16176321,93.59998911,80.76388997,77.61895131,66.0234544,60.13581772,56.81658646,53.00013314,52.17707781,52.87993609,52.77582114,50.59965868,50.8410226,51.63258725,56.60969229,62.55973575,66.10197713,70.57183495,76.27543712,103.4768792,69.15663431,56.67385997,55.33981559,55.44396299,56.79659774,58.21310576,58.14672771,58.70545555,60.43328407,64.78139048,73.02436205,85.639835,88.342615,85.19103557,82.43703477,80.7811816,81.57919849,76.3522948,65.69210274,60.34632601,62.38247596,60.71680341,59.16936835,53.36440666,51.76560854,47.40907853,50.5816171,51.58764308,46.60574293,49.81894696,44.88156513,44.636399,41.63416542,41.90885175,39.47989671,41.51564755,42.67392808,38.75113786,34.85814514,36.64013167,35.45105016,34.35807979,35.77614641,36.35136497,38.80856349,41.43895005,44.50223463,48.09517665,53.87881883,58.74367048,60.78744467,58.28893997,55.16350313,50.63136174,47.78999545,43.1226886,40.10590641,43.8020476,45.25495184,43.49605682,46.08315245,41.70351895,33.68523583,28.14870933,26.07712181,25.20648728,33.62203513,37.85022691,36.89943345,35.13411345,37.74955899,38.29668204,43.11746826,45.90276233,85.15235983,64.4914611,54.65661377,50.92691289,54.3831323,51.34751483,47.61506732,47.48306222,48.98346664,49.36171089,46.5220976,35.75928871,29.32337445,27.68445978,25.73997489,27.7514828,29.51698212,29.80669828,29.08724386,28.71398248,28.91837864,28.29080844,32.4307823,36.08804511,40.57793038,41.94771339,41.54144626,44.92749298,39.51768396,26.08347409,24.55203039,31.31777942,34.09289965,31.15376696,31.28093002,30.19642787,30.09399861,35.94458265,50.31765608,48.01894269,49.51934997,49.44241528,48.54882515,43.26646462,37.19409891,33.37625264,31.24054476,29.8502775,27.6931635,27.68316436,27.32937475,27.80453246,30.95965436,37.80301468,39.5174594,37.96386366,34.13150093,33.6884133,31.39758506,34.40369198,32.14444416,30.7236012,30.69404136,30.55747181,33.83152242,31.5670723,28.80886419,26.61701164,20.14676682,27.72269077,32.57168693,46.86020991,42.99016769,30.9455152,31.08055898,31.18840826,31.64029314,33.22360414,34.80497083,32.99467989,32.43605203,28.63604581,23.8502508,24.31176992,27.89568715,29.36478988,28.94023593,27.20384231,27.27414687,28.0180114,28.84398337,27.40221157,25.64061313,25.31653416,24.00238111,22.07323073,18.14701071,16.49293024,14.67844961,14.43656287,12.81893067,12.12133875,12.24008961,11.38312333,10.64266616,9.491801673,10.11082649,9.339682721,9.570624172,11.16490317,12.141569,16.51261699,23.11507946,28.65819375,30.3604711,30.22951967,27.67997792,23.2320722,22.00900836,22.63873998,25.03655039,27.69487876,37.01987711,36.8756349,25.16859746,20.54501757,19.93923184,15.4273998,14.20936586,14.09397489,14.91642283,14.62736077,16.73432943,22.13679792,26.88963592,31.42566439
2012-12-31 00:00:00-10:00,93.61991984,83.60641057,89.49708176,97.62925787,94.82859447,88.63877026,85.4584836,82.23026324,81.666979,80.50388496,74.30956611,69.30184274,72.41457087,76.12712315,83.7118382,90.88638647,96.17866847,93.63381642,80.87969046,77.59745423,65.97797536,60.13508099,56.82733819,53.05815756,52.23245699,52.97993048,52.84554634,50.6283029,50.79842943,51.59792538,56.73881606,62.71555428,66.2044327,70.78988213,76.36705755,103.6939498,69.39988518,56.82045717,55.42087061,55.57132027,56.93941977,58.4257796,58.18476039,58.65498515,60.29307858,64.72657022,73.05489795,85.66191539,88.57116324,85.22789016,82.45241032,81.11921718,82.06106807,76.85394727,65.88594708,60.25340866,62.42583655,60.77723004,59.59766849,53.89197748,52.14477203,47.83041859,50.98429574,52.30034554,46.76056831,49.9965682,45.07084106,44.83710757,41.7453879,42.03693024,39.56603814,41.70250998,42.65406635,38.72064524,34.68386984,36.52499396,35.4188029,34.20001478,35.61391111,36.37819892,38.86793332,41.6744557,44.72236309,48.37516106,54.0570678,58.63626039,60.76668403,58.29682639,55.19700513,50.65498365,47.71543871,43.05129386,39.91048102,43.53562144,45.06788274,43.32014476,46.03755894,41.7195979,33.7043583,28.25947581,26.19463335,25.28753827,33.62335034,37.94730304,37.0433809,35.30045443,37.91779435,38.4587409,43.2524384,46.10410181,85.3692137,64.64385873,54.65473739,50.84158653,54.27314995,51.26801891,47.56789794,47.44865236,48.93784811,49.30248389,46.5065785,35.75518312,29.32698947,27.70284489,25.73248251,27.83171203,29.52891588,29.78003189,29.07904656,28.62328363,28.88014771,28.34967997,32.38724485,35.99223322,40.40571313,41.77715276,41.63900218,45.06201903,39.54036678,26.13016077,24.58312915,31.33647532,34.07823614,31.08653003,31.146321,29.99738511,30.08624063,35.76516802,50.04714711,47.88054456,49.81937288,49.68999084,48.66059114,43.35526798,37.1682845,33.2964973,31.14220266,29.67897812,27.64272945,27.66714661,27.28476413,27.81955501,31.00356821,37.85428072,39.62214052,37.92586011,34.15624842,33.6915332,31.32210199,34.36756334,32.02501094,30.57364094,30.50358826,30.31543079,33.56327918,31.31233823,28.49939071,26.47729868,20.05470992,27.585492,32.47923015,46.81097255,43.07186341,31.02696324,31.06276337,31.1551113,31.62060873,33.08713511,34.55776994,32.82210729,32.26779211,28.50557188,23.72120895,24.27683843,27.81732695,29.2847087,28.85735319,27.1936569,27.31831965,28.06362177,28.88864543,27.41408,25.6745948,25.38064207,24.06553004,22.20938459,18.30115718,16.62899491,14.82512411,14.60053435,12.95795088,12.2746909,12.38630704,11.50260745,10.72217178,9.606225385,10.2513031,9.447118767,9.640369574,11.23579389,12.18814535,16.61978487,23.17186729,28.71228041,30.44836586,30.36645607,27.76162742,23.32176987,22.11158884,22.70540158,25.14684395,27.79859245,36.95612127,36.94560543,25.2087925,20.64523012,20.06845477,15.65310042,14.36210685,14.17019926,15.06833897,14.68620943,16.80411431,22.18181326,26.78811553,31.47056573
2013-01-31 00:00:00-10:00,93.98958222,83.64729,89.56050308,97.4869668,94.76261365,88.69043175,85.46588537,82.20358851,81.56290441,80.36935062,74.13449534,69.1014532,72.42819151,76.16462426,83.76086532,90.92454898,96.19003455,93.65756187,80.97875745,77.59516989,65.94804559,60.13121437,56.83353015,53.10962927,52.28522477,53.07760705,52.91755891,50.6685213,50.76537215,51.56618944,56.86027916,62.84283987,66.29352274,70.98985709,76.44515472,103.901298,69.64304858,56.98393235,55.53500015,55.72743138,57.11204111,58.67554525,58.25556075,58.63994442,60.19672975,64.75797289,73.15583867,85.71261284,88.83384922,85.31771767,82.50292354,81.44579024,82.59729119,77.41035677,66.15204102,60.20639785,62.50587384,60.89607193,60.07508893,54.46595021,52.57459949,48.30742352,51.43837901,53.03999582,46.95882774,50.19876751,45.28119184,45.05841285,41.88993073,42.17642994,39.67978175,41.93337362,42.68264438,38.75396773,34.57364732,36.46088918,35.45755858,34.08573346,35.4840477,36.44203372,38.9270004,41.92346041,44.95002526,48.67470437,54.25554086,58.5657985,60.75620416,58.31297824,55.23001546,50.69125387,47.65575474,43.05602363,39.81996498,43.35952319,44.93360899,43.203172,46.06443027,41.79795725,33.78772288,28.42249197,26.35229894,25.40405822,33.67813813,38.07112286,37.20846455,35.48934569,38.1091634,38.6407398,43.39719082,46.31317171,85.5877808,64.80023881,54.66629297,50.78852358,54.201496,51.24272562,47.57822029,47.44528166,48.93505038,49.2796088,46.52555227,35.78414373,29.36576159,27.74366344,25.71337141,27.91175905,29.54373924,29.7475481,29.05632928,28.52275014,28.83663335,28.42123268,32.34424484,35.90226118,40.22573885,41.59168771,41.75408243,45.22349641,39.58449523,26.20137654,24.64915691,31.38733784,34.08405119,31.03796271,31.0101797,29.80360772,30.0936014,35.57158045,49.74596995,47.73406103,50.10455806,49.92350636,48.76971086,43.44337561,37.14317349,33.2139068,31.04417937,29.5077155,27.58687159,27.64207129,27.23843677,27.84036203,31.0612466,37.91353167,39.74485103,37.89880729,34.20031104,33.71704905,31.26650123,34.35375003,31.93009162,30.44127026,30.32854856,30.07114629,33.31525025,31.0806772,28.20653024,26.33641029,19.96350245,27.45298665,32.38418298,46.75382487,43.1424927,31.09346959,31.02727172,31.09686987,31.58531487,32.93614687,34.32177738,32.66508139,32.10557326,28.37672311,23.59801019,24.26180353,27.74926036,29.20993905,28.78476145,27.19934695,27.36979361,28.11161256,28.92687924,27.41451166,25.69496344,25.43368316,24.11608049,22.33578038,18.45036688,16.76788439,14.98236449,14.77226252,13.10005525,12.42618296,12.52480668,11.61323158,10.79357894,9.715625162,10.3880972,9.546937096,9.708224723,11.31052215,12.24172175,16.73670835,23.22710935,28.7643943,30.53141437,30.50555819,27.85268095,23.42198341,22.2240402,22.78328061,25.26776037,27.92503668,36.91796178,37.04248263,25.25573711,20.75918501,20.24436719,15.90141902,14.54697823,14.2924115,15.24051696,14.76695992,16.89085529,22.23317902,26.69990992,31.51763096
2013-02-28 00:00:00-10:00,94.3354959,83.73973481,89.67146869,97.35883568,94.69993227,88.72169127,85.43603523,82.13360836,81.41624488,80.19225066,73.91646749,68.87004216,72.40812768,76.18327278,83.78595001,90.95096732,96.19192334,93.66791003,81.05861177,77.60939073,65.93054526,60.12332618,56.83183996,53.14817589,52.32652366,53.16138154,52.98084631,50.71141389,50.73480962,51.53143607,56.96358315,62.93515373,66.36143277,71.16409364,76.50372146,104.0878175,69.87356511,57.14790664,55.66351955,55.89858034,57.30177851,58.94861584,58.35161955,58.65533217,60.1407328,64.87449266,73.32206086,85.78619306,89.1180869,85.45537624,82.58630062,81.75558326,83.16950319,78.0018712,66.47826946,60.20645159,62.63006882,61.08118845,60.60076245,55.09049764,53.05252727,48.83720733,51.93720833,53.7959815,47.20749985,50.42964913,45.51949913,45.3067039,42.07321657,42.3380182,39.82909836,42.20846665,42.76157383,38.8545196,34.53293213,36.45245802,35.56013171,34.01594898,35.3879942,36.53507782,38.98184372,42.17784117,45.18063792,48.98823411,54.46622247,58.53307081,60.7543617,58.33282454,55.25814552,50.73396962,47.60650182,43.1277971,39.82958127,43.26585198,44.8486702,43.13989282,46.15524082,41.92958835,33.92755046,28.62959939,26.54505456,25.55262651,33.78004042,38.21342519,37.38265333,35.69041786,38.31316553,38.83091652,43.54409983,46.5206565,85.80063726,64.956294,54.69061102,50.76811252,54.16923598,51.26953997,47.64100148,47.47044407,48.97338366,49.2925828,46.57784322,35.84524801,29.43883932,27.80700916,25.68331806,27.98842143,29.55755392,29.7094451,29.02214962,28.41864467,28.79138751,28.50058794,32.30023394,35.81740005,40.04127264,41.39746199,41.87672899,45.40235427,39.64390273,26.29061384,24.74259377,31.46497983,34.10852124,31.01325664,30.8790947,29.62190114,30.12030174,35.36640674,49.41696046,47.57489356,50.36557216,50.13416007,48.87040259,43.52666919,37.11744859,33.12788945,30.94855703,29.33860047,27.5245811,27.60702565,27.18863972,27.86410874,31.12892383,37.97787102,39.88176991,37.87969,34.25892403,33.7601577,31.22851065,34.35674089,31.85698083,30.32506861,30.16731915,29.82565205,33.08773236,30.87033864,27.9311421,26.19095503,19.8678421,27.31940498,32.28119704,46.68241876,43.1964204,31.13915196,30.9714885,31.00993617,31.5308522,32.77130299,34.09956723,32.52436583,31.94857456,28.25244426,23.48425062,24.2666649,27.69231347,29.14028198,28.72002735,27.21466085,27.4244939,28.15842361,28.95514234,27.40019026,25.6972139,25.47072251,24.14970024,22.44607724,18.58906929,16.90355859,15.1449472,14.94589342,13.24168754,12.57092628,12.65371251,11.71370983,10.85311155,9.81565325,10.51553282,9.640089216,9.771628294,11.38595933,12.2969065,16.85410382,23.27352858,28.80619054,30.60103804,30.63865217,27.94856726,23.52772533,22.34212583,22.86601328,25.39177682,28.0638046,36.89583988,37.15806305,25.30437329,20.8812271,20.46062534,16.16597429,14.7621242,14.45899075,15.42892699,14.86804352,16.9929602,22.29082757,26.62894006,31.56628086
2013-03-31 00:00:00-10:00,94.64605108,83.87388172,89.81949502,97.23515555,94.63140021,88.72571501,85.36845485,82.02420597,81.23336771,79.97742636,73.66134946,68.61082833,72.35448036,76.18105435,83.78781675,90.9659548,96.18275388,93.66219503,81.11652834,77.63483081,65.91902899,60.10744929,56.81675317,53.16731255,52.34685003,53.22094666,53.02748336,50.75170937,50.70381531,51.49049844,57.03936455,62.98520464,66.39984935,71.30543762,76.53857492,104.2405399,70.07617874,57.29440164,55.78502338,56.06426826,57.48902566,59.2245159,58.46027211,58.69062049,60.11385118,65.0645537,73.5417244,85.87632618,89.41275775,85.62886733,82.69907962,82.04783905,83.75709426,78.60872968,66.85462105,60.24815807,62.79664673,61.32899554,61.17373037,55.76129725,53.57130154,49.41245695,52.4725297,54.56081631,47.51189338,50.69117533,45.79029961,45.58636853,42.29724007,42.53243648,40.02157241,42.5251285,42.88650858,39.01092121,34.55214963,36.49022748,35.7066444,33.9841734,35.3194526,36.64651577,39.02801472,42.42638805,45.40577146,49.30199694,54.67539478,58.53312934,60.75425157,58.34635167,55.27470679,50.77325716,47.56076378,43.2514875,39.92664383,43.24101901,44.80464571,43.12222097,46.2997723,42.10088688,34.11227151,28.8730858,26.76673636,25.72761339,33.91822719,38.36576568,37.55720005,35.89637774,38.52220299,39.01990188,43.68768278,46.71949874,86.001779,65.10729412,54.72537923,50.77613384,54.17235018,51.34199917,47.74697823,47.51964849,49.04630295,49.33715569,46.65954042,35.93545597,29.54300923,27.88919957,25.64145836,28.0572309,29.5660025,29.66496165,28.97899782,28.31609444,28.74582749,28.58008444,32.25112418,35.73366071,39.8537573,41.19730761,41.99453219,45.58614722,39.7103235,26.38858275,24.85232198,31.56002119,34.1508142,31.01793173,30.75902368,29.45863535,30.16852131,35.15278722,49.06369669,47.40003742,50.59827218,50.31757781,48.9596749,43.60270124,37.09051538,33.03827024,30.85620907,29.17292161,27.45494054,27.56064495,27.13342334,27.88740041,31.20232304,38.04377059,40.02917991,37.86606185,34.32682373,33.81601919,31.20565378,34.36992454,31.80065475,30.22168992,30.01651701,29.57964034,32.8795263,30.67952708,27.67327043,26.0388282,19.76356288,27.17994043,32.16507449,46.5907996,43.22985834,31.16045071,30.89424401,30.89230004,31.45351062,32.59253147,33.89079226,32.39787819,31.79498958,28.13472052,23.38153004,24.28813249,27.64450047,29.07318989,28.65742406,27.23064651,27.47807967,28.20004405,28.96966777,27.36832307,25.67771626,25.48821794,24.16166326,22.53306268,18.71031294,17.02803991,15.3054189,15.11414463,13.37784515,12.70242193,12.77045402,11.80217654,10.89780231,9.902109005,10.62855777,9.726480825,9.828574714,11.45849586,12.34813095,16.96288398,23.30514084,28.83056707,30.65066641,30.75853129,28.04419017,23.63381987,22.4609436,22.94660954,25.5118422,28.20412078,36.88101078,37.28230615,25.34898121,21.00439329,20.70643111,16.43806817,15.00188257,14.66300062,15.62689324,14.98508883,17.10652681,22.35315049,26.57749675,31.61376607
2013-04-30 00:00:00-10:00,94.91257123,84.03819817,89.99258172,97.10877362,94.54891299,88.701264,85.26436924,81.87964243,81.02120742,79.73137072,73.37700331,68.33032677,72.26837222,76.15809485,83.76747346,90.96942108,96.16112381,93.63874543,81.14973488,77.66239869,65.90488619,60.07697151,56.78120914,53.15937172,52.33657925,53.24549463,53.0478816,50.78183021,50.6675016,51.43809121,57.07826524,62.98689449,66.40225816,71.40943264,76.54648549,104.3462877,70.23583943,57.4067478,55.88026757,56.20542326,57.65592414,59.48439697,58.56942702,58.73498879,60.10264817,65.31191684,73.80047322,85.97690569,89.70706025,85.82119205,82.83289651,82.32344272,84.33852986,79.21496055,67.27581019,60.32280537,62.99659368,61.62649748,61.78788371,56.46748663,54.11921596,50.02206387,53.03457573,55.32576137,47.86977235,50.97905367,46.0917393,45.89605549,42.55612407,42.76548116,40.25964634,42.87563356,43.04654174,39.20756905,34.61699987,36.56293217,35.87628864,33.97924915,35.2682844,36.76457741,39.06107116,42.65643683,45.61526388,49.59891474,54.86878629,58.55896095,60.747615,58.34410763,55.27523069,50.80005292,47.51226394,43.40986621,40.09378437,43.2686353,44.78980414,43.14045887,46.48878231,42.29811246,34.32975719,29.14196096,27.00792388,25.92039296,34.08202243,38.52300321,37.72979493,36.10408671,38.73268519,39.20267555,43.82467572,46.90544118,86.18666637,65.24861371,54.76636983,50.8057019,54.20274535,51.45026113,47.88309641,47.58303473,49.1406696,49.40376803,46.76207233,36.04821631,29.67157743,27.98352027,25.58701044,28.11437095,29.56533801,29.61308465,28.92922427,28.21787442,28.7001757,28.65243261,32.19278562,35.64645548,39.66399591,40.99399744,42.09585762,45.7626428,39.77436566,26.48526603,24.96504987,31.66095178,34.21088831,31.05304101,30.65319038,29.31816782,30.23817687,34.93452349,48.69163668,47.20860186,50.79871192,50.46968413,49.03384428,43.6685738,37.06132256,32.94406884,30.76515274,29.00989524,27.37617522,27.50068724,27.06954485,27.90421465,31.2735572,38.10388681,40.17957238,37.8533287,34.39659312,33.87728373,31.19270015,34.38574232,31.75468222,30.12705964,29.87297595,29.33355981,32.68660756,30.50515241,27.43273519,25.88015808,19.64857304,27.03210252,32.03315596,46.47743941,43.24329858,31.15882367,30.79863108,30.74597828,31.35305836,32.40118817,33.69365852,32.28303064,31.64380468,28.02614359,23.29081371,24.3219723,27.60274582,29.00502008,28.58987285,27.23776638,27.52713481,28.23310628,28.96824617,27.318093,25.63518842,25.48430004,24.14894088,22.59183715,18.80863621,17.13478749,15.4565458,15.26902423,13.50212637,12.81171184,12.87039811,11.87488791,10.92542154,9.971382616,10.72301517,9.803473527,9.876995434,11.52411544,12.39038024,17.05517589,23.3177212,28.83174655,30.67566714,30.85906578,28.13419623,23.73510602,22.57531946,23.01914653,25.62225045,28.33726055,36.86752831,37.40799226,25.38552041,21.1241446,20.96948724,16.7090945,15.25988563,14.89644642,15.82738898,15.11277131,17.22691388,22.41808287,26.54579902,31.65806248
2013-05-31 00:00:00-10:00,95.13019248,84.22285688,90.1798794,96.97580327,94.44733278,88.64985091,85.12609827,81.70418969,80.78747675,79.46251721,73.07326705,68.03548838,72.15467888,76.11406586,83.7289686,90.96489726,96.13117811,93.6015489,81.16105378,77.68585076,65.88220932,60.02962083,56.72238295,53.11999725,52.28979809,53.226976,53.03368484,50.7932709,50.61893404,51.36773254,57.07280114,62.93596481,66.36435826,71.47431553,76.52467455,104.3934766,70.34129949,57.47299761,55.93599816,56.31036142,57.79032194,59.71414578,58.66965496,58.77921868,60.09579324,65.60058484,74.0858597,86.08393101,89.9914387,86.01274295,82.97355124,82.5826565,84.89507957,79.81216669,67.74165322,60.42214996,63.21687768,61.95911623,62.43353562,57.19616819,54.68287735,50.65285347,53.61205934,56.08153622,48.27349586,51.28702087,46.41964975,46.23133906,42.83878859,43.03696586,40.53994869,43.25137694,43.23080401,39.43063386,34.7146879,36.66523841,36.05423616,33.99021188,35.2259243,36.88246791,39.08020557,42.85908888,45.80280677,49.86442737,55.03550506,58.60263425,60.72649765,58.32020075,55.25846699,50.80956694,47.45806596,43.58598235,40.31136876,43.33152637,44.79118037,43.18492106,46.71561596,42.51209139,34.57159528,29.42313053,27.25932943,26.12182626,34.25972619,38.6810221,37.90221397,36.31414384,38.94481144,39.37803173,43.95398536,47.07782833,86.35427116,65.37864076,54.81176871,50.85217095,54.25217061,51.58504159,48.0351292,47.649498,49.24275558,49.48272398,46.87651851,36.17610072,29.81698693,28.08415269,25.52295997,28.16023668,29.55766192,29.55685572,28.8762782,28.12662237,28.65472269,28.71258524,32.12281767,35.55296879,39.4737509,40.79204374,42.17054464,45.9249093,39.83072869,26.57400443,25.06788146,31.75693084,34.2866833,31.11550457,30.56289425,29.2036155,30.32857092,34.71453252,48.30753737,47.00270012,50.96750007,50.59030162,49.0916447,43.72327091,37.02993107,32.84561927,30.67408151,28.84949963,27.28812021,27.42674638,26.99525217,27.91057169,31.33719053,38.15256945,40.3270316,37.83812506,34.46305606,33.93844438,31.18581596,34.39893485,31.71387378,30.03801775,29.73422168,29.08787765,32.5044996,30.34423076,27.20986694,25.71840543,19.52408754,26.8772604,31.88755973,46.34587216,43.24239321,31.14070775,30.69193009,30.57864066,31.23391583,32.20039155,33.50584191,32.17767725,31.49514107,27.93043741,23.21268399,24.36395603,27.56352052,28.93264408,28.51286915,27.22902365,27.56958444,28.25659754,28.95269694,27.25279111,25.57261259,25.4606007,24.1123766,22.62246468,18.88102671,17.22090605,15.5931363,15.40413669,13.60916166,12.89076174,12.9496437,11.92864084,10.93560375,10.02179135,10.79687148,9.868358601,9.915299992,11.57952134,12.42030927,17.1256824,23.3096537,28.80689223,30.67417773,30.93572542,28.21387731,23.82704058,22.68061565,23.08019467,25.7202173,28.4587509,36.85425443,37.5296603,25.41126896,21.23664408,21.23699668,16.97167411,15.52958591,15.14983165,16.0242216,15.24647995,17.34926349,22.48385431,26.5333609,31.69832518
2013-06-30 00:00:00-10:00,95.29705186,84.42008261,90.37353281,96.83570434,94.32498092,88.57390298,84.95732031,81.50324354,80.53950651,79.17993273,72.76000113,67.73561936,72.02023859,76.05193966,83.67953701,90.95897858,96.10063623,93.55694415,81.15548328,77.70090005,65.84740257,59.96568148,56.64037699,53.04814239,52.20479006,53.16122581,52.97922427,50.77825851,50.54930113,51.27148886,57.01710838,62.82927221,66.28215056,71.49885236,76.4716056,104.3752409,70.38788897,57.48886802,55.94752089,56.37634423,57.88818856,59.90782375,58.75770213,58.81966614,60.08863274,65.92023035,74.39349454,86.20018978,90.26211873,86.18606703,83.10705441,82.82866784,85.41804509,80.4005986,68.25605113,60.54444545,63.44710464,62.31719411,63.10282164,57.93693882,55.2512201,51.2924293,54.19375491,56.81918631,48.71236123,51.60953982,46.77044449,46.58754159,43.13150856,43.3439598,40.85644864,43.64445345,43.43161047,39.66987996,34.83562461,36.79640079,36.23278116,34.01175033,35.19288408,36.99964738,39.08877308,43.03157315,45.96843589,50.09365338,55.17054797,58.65552987,60.68458367,58.27273193,55.22609355,50.80166502,47.39894617,43.76747622,40.56352336,43.4171712,44.80003376,43.24974056,46.97424506,42.73757086,34.83196417,29.70504396,27.51262684,26.32336635,34.43877958,38.83425026,38.07544644,36.52971562,39.16148869,39.54690914,44.07590258,47.23871456,86.50632776,65.49818188,54.86195709,50.91300556,54.31366223,51.73914592,48.19124208,47.71057446,49.34266905,49.56713473,46.99642385,36.31245829,29.97205318,28.18652185,25.45616143,28.19968299,29.54915004,29.50141246,28.82358981,28.04418225,28.60978636,28.75759529,32.04038886,35.45197034,39.28573696,40.59672117,42.21046018,46.0720793,39.87912205,26.65174789,25.15243714,31.84104736,34.37352076,31.19883809,30.48763402,29.11653081,30.43875564,34.49412881,47.91815015,46.78719567,51.10981539,50.68292569,49.13441011,43.76742735,36.99740693,32.74420606,30.58239097,28.69265053,27.19213869,27.33962924,26.91059075,27.90515436,31.39104465,38.18734074,40.46851139,37.8191904,34.52351669,33.99616597,31.18323615,34.40661613,31.67421498,29.95070652,29.59661368,28.84110688,32.32785807,30.19350277,27.00466351,25.55821059,19.3931366,26.71916081,31.73325318,46.20180983,43.23714929,31.11785231,30.58277265,30.40148426,31.10408371,31.99539499,33.32681118,32.08127121,31.3507752,27.85256258,23.1479707,24.41086576,27.52405386,28.8551116,28.42672881,27.19955613,27.60347572,28.27056807,28.92768256,27.17804778,25.49548801,25.4209006,24.05527317,22.62820564,18.92636091,17.2863326,15.71288485,15.51595258,13.6959466,12.93415048,13.00672641,11.9620714,10.93035568,10.05323408,10.8498946,9.919353632,9.942841558,11.62296988,12.43698813,17.17223267,23.28081787,28.75486037,30.64594432,30.98517677,28.27929926,23.90595772,22.77297319,23.12877713,25.80597954,28.56853917,36.84299201,37.64280334,25.42416067,21.33820384,21.49672241,17.21972107,15.80493263,15.41295212,16.21259297,15.38317784,17.46914192,22.54909466,26.53941984,31.73510184
2013-07-31 00:00:00-10:00,95.41295281,84.62270233,90.56700816,96.68864501,94.1819766,88.47542814,84.76236581,81.28263942,80.28370081,78.89224967,72.44636228,67.43965947,71.87148714,75.97739416,83.62610238,90.95810321,96.0762983,93.50861885,81.13500669,77.70213557,65.79707731,59.88413743,56.53442145,52.94238237,52.07998237,53.04538085,52.87940501,50.72872286,50.44823557,51.1401328,56.90706614,62.66552287,66.15252491,71.48207618,76.38759739,104.2920514,70.37861877,57.458653,55.91892588,56.40820968,57.95343877,60.0687453,58.83718962,58.85944398,60.08370657,66.26729834,74.72263811,86.33046923,90.51788943,86.33443617,83.22929705,83.06760487,85.90602557,80.98429077,68.82305804,60.6942705,63.68197053,62.69495056,63.78816536,58.68228498,55.81738842,51.93081593,54.76904283,57.52890994,49.17286391,51.9407441,47.14072682,46.96031117,43.41967295,43.68195841,41.20113264,44.0467408,43.6448352,39.92014041,34.97519666,36.95611212,36.40861589,34.04318502,35.17386697,37.12099079,39.09364341,43.17809576,46.11847441,50.28967531,55.27513105,58.71125972,60.61859643,58.20268554,55.18113729,50.77922151,47.33851938,43.94675909,40.83926352,43.51748151,44.8113773,43.32925969,47.26053307,42.97405847,35.10893612,29.9818493,27.76385894,26.52028233,34.60949223,38.97804155,38.24916309,36.75513212,39.3869184,39.71093483,44.19113969,47.39037114,86.6452472,65.60844489,54.91747041,50.98625111,54.38218658,51.9079914,48.34427435,47.7618245,49.4353898,49.65406196,47.11878492,36.45187838,30.13100398,28.28677606,25.39494611,28.23893419,29.54490208,29.45054235,28.77269179,27.97032486,28.56547788,28.7868082,31.94649819,35.34361653,39.10245222,40.41202845,42.20946449,46.20702136,39.92264186,26.71807148,25.21515032,31.90969856,34.46588384,31.29501658,30.42604277,29.05718781,30.56683771,34.27350427,47.52988838,46.56805337,51.23264738,50.75247387,49.16464186,43.80225258,36.96512411,32.64060738,30.48878265,28.54018154,27.09005732,27.24007533,26.8165016,27.88803231,31.43422688,38.20701887,40.60185143,37.79596982,34.57619354,34.04776993,31.18363484,34.40674757,31.63206818,29.85998755,29.454913,28.589836,32.15104416,30.04976283,26.8160202,25.40251146,19.25810403,26.56118809,31.57508272,46.05090087,43.23985675,31.10383766,30.4797898,30.22424887,30.97193124,31.79151688,33.15732892,31.99389742,31.21294113,27.79742849,23.09727239,24.46029496,27.4825953,28.77308087,28.33420253,27.145768,27.62633492,28.27469752,28.89884198,27.09967779,25.40994489,25.36989204,23.98226325,22.61381952,18.9454787,17.33268209,15.81553153,15.60323821,13.76126453,12.93961534,13.04232824,11.97567604,10.91323357,10.06672859,10.88303985,9.955823533,9.959865422,11.65401517,12.4414557,17.19545954,23.23241675,28.67560092,30.59150643,31.0050288,28.32731527,23.96913554,22.84936291,23.16572928,25.88173663,28.66939949,36.83560269,37.74367089,25.42247105,21.42580716,21.73827948,17.44868432,16.08111848,15.67613339,16.38952007,15.52025395,17.58292982,22.61265982,26.56295354,31.77097502
2013-08-31 00:00:00-10:00,95.47988769,84.82464748,90.7551415,96.53468775,94.01821554,88.35445895,84.54456139,81.04712968,80.02484164,78.60524534,72.13828631,67.15493047,71.7135797,75.89504369,83.57322166,90.96613606,96.0619523,93.45646282,81.09721443,77.68257033,65.72704607,59.78245449,56.40347115,52.80173931,51.91440615,52.87841888,52.73056295,50.63845775,50.30748604,50.96805976,56.74447933,62.44967613,65.97872652,71.42817038,76.27920566,104.1556679,70.32731613,57.39719328,55.86444629,56.4188233,57.99832897,60.20877122,58.91868677,58.90849977,60.09082361,66.64377647,75.07477283,86.48118287,90.76070789,86.45939566,83.34323171,83.30413779,86.35979606,81.56531534,69.44301937,60.87913452,63.918858,63.0860653,64.47924854,59.42311809,56.37555549,52.55887577,55.32711401,58.19925338,49.63758352,52.27046789,47.52314714,47.34248444,43.69035758,44.04235223,41.56203585,44.44674186,43.86631723,40.18179255,35.13442343,37.14384527,36.58270726,34.08880872,35.1754756,37.2512664,39.09994814,43.30473183,46.2593532,50.4606362,55.35635591,58.76887237,60.53048887,58.11366918,55.12765822,50.74700108,47.28188656,44.12075398,41.13182964,43.62874667,44.82489232,43.42025492,47.5708957,43.22212556,35.40185823,30.25176051,28.01305198,26.7095798,34.76968621,39.11275724,38.42502303,36.99212056,39.62270555,39.86978996,44.29830342,47.53201996,86.77064554,65.70863982,54.97617595,51.06998408,54.45457708,52.08923288,48.49112673,47.80151103,49.51734968,49.74187406,47.24140997,36.58776311,30.2892916,28.38177558,25.34638369,28.28219135,29.54715337,29.40572556,28.72218692,27.90249576,28.52051179,28.80110983,31.84303799,35.22974853,38.92585122,40.24041754,42.16548604,46.33117053,39.96244416,26.77264619,25.25466486,31.95981467,34.55906512,31.39632552,30.37660999,29.02506918,30.7088734,34.05279888,47.14832022,46.35184074,51.3412875,50.80272055,49.18445559,43.82916281,36.93453955,32.53387077,30.39013616,28.39138055,26.98288732,27.128069,26.71354936,27.85836598,31.46347126,38.20801941,40.72167246,37.76651495,34.6177909,34.08893225,31.18324588,34.39565541,31.5831941,29.76110018,29.30388115,28.33031087,31.96885351,29.9094833,26.63916857,25.24947759,19.11843588,26.40323905,31.4146967,45.89789932,43.26148942,31.10941098,30.38770694,30.05263669,30.84236343,31.59124605,32.99676223,31.91370312,31.08269415,27.76799232,23.06000408,24.5092109,27.43720689,28.68576137,28.23456315,27.06592225,27.63576714,28.268061,28.87113471,27.02226358,25.3215182,25.31245126,23.89864325,22.58436429,18.94083599,17.36269485,15.90243845,15.66673382,13.80529539,12.90868004,13.05896053,11.97173759,10.88894154,10.06473242,10.89871093,9.978707333,9.967798461,11.67283795,12.43581633,17.19853823,23.16668019,28.56996777,30.51194916,30.99410925,28.35598373,24.01521035,22.90813535,23.19336601,25.95077352,28.76580115,36.83328359,37.82988276,25.40541824,21.49815596,21.95487488,17.65640634,16.35539195,15.93165788,16.55648885,15.65754478,17.68891336,22.67384181,26.60265654,31.80815436
2013-09-30 00:00:00-10:00,95.50529345,85.02249156,90.9358007,96.37362894,93.8334305,88.20952405,84.30658928,80.80010168,79.7650691,78.32134249,71.83836638,66.88490444,71.54951741,75.80724745,83.52246027,90.98459625,96.05930277,93.39894899,81.03763427,77.63638455,65.63429076,59.65850564,56.24804279,52.62760557,51.70899335,52.66235714,52.53198226,50.50728674,50.12617793,50.75688973,56.53872136,62.19374998,65.7704237,71.34597883,76.15715414,103.9858076,70.25512065,57.32616689,55.80454217,56.42596063,58.04026046,60.34518057,59.01609129,58.98019179,60.12401245,67.05375261,75.45133898,86.65840619,90.99438063,86.56688225,83.45562172,83.54239328,86.78461521,82.14553761,70.11346427,61.10673795,64.15521499,63.48260959,65.16419225,60.14856455,56.91979799,53.16804547,55.85728832,58.8193109,50.08586945,52.58534751,47.90718461,47.72477215,43.93398607,44.41397992,41.92558172,44.83219932,44.0920949,40.45832807,35.31785473,37.35948227,36.76050765,34.15681494,35.20737028,37.39587429,39.11084127,43.4195455,46.39631861,50.61555269,55.42497635,58.83279368,60.42909533,58.01402891,55.07316107,50.71298557,47.23658446,44.29168329,41.4377469,43.75139344,44.84519379,43.52289575,47.90083304,43.47976662,35.70738531,30.51380711,28.26151545,26.89039162,34.91937851,39.23943208,38.60142447,37.23996713,39.86774011,40.02140346,44.39440088,47.65975665,86.87903667,65.7966036,55.03315044,51.16180824,54.52876531,52.28167014,48.63194417,47.82998862,49.58624274,49.82912659,47.36192222,36.71435056,30.44357867,28.47114947,25.31521124,28.33128457,29.55726626,29.36793991,28.67108863,27.83870574,28.47494102,28.80449182,31.73337471,35.11389638,38.75865792,40.08492661,42.08003847,46.44493057,39.99929112,26.81628165,25.27218971,31.99004662,34.64976705,31.49701386,30.33782671,29.01900974,30.8609816,33.83243779,46.77743975,46.14677309,51.44186023,50.83903298,49.19766838,43.85106212,36.9080126,32.4242301,30.28459697,28.24523796,26.87186702,27.00427504,26.60290647,27.81592552,31.47506106,38.18607846,40.82095033,37.72846406,34.64484486,34.11519902,31.17670429,34.36884116,31.52293412,29.64984036,29.1388374,28.05924398,31.77739137,29.76921994,26.4681716,25.0946698,18.97173109,26.24334395,31.25052469,45.74614825,43.30836811,31.13952526,30.30939394,29.89069104,30.71770759,31.39597971,32.84446015,31.83878151,30.96152335,27.7657363,23.03592043,24.5559516,27.38823307,28.59377408,28.12729419,26.96250147,27.63091699,28.25070798,28.8477677,26.94876141,25.23421542,25.25260273,23.80916371,22.54422415,18.91558428,17.38035027,15.9766545,15.70900078,13.82960986,12.84702717,13.06123357,11.95443049,10.86354447,10.05216339,10.90178972,9.991406128,9.970130137,11.67946907,12.42206074,17.18622003,23.08644369,28.4396978,30.40927203,30.95288813,28.36495023,24.04473768,22.94981387,23.21506312,26.01621899,28.86255984,36.83593365,37.89968317,25.37269365,21.55577204,22.14468313,17.84378839,16.62674016,16.17446559,16.71912016,15.79838459,17.78777521,22.73273962,26.65716347,31.84768817
2013-10-31 00:00:00-10:00,95.50077207,85.21617231,91.11025344,96.20592635,93.62857728,88.03945876,84.05166506,80.5444368,79.50455918,78.0408015,71.54741591,66.62951375,71.3820056,75.71517841,83.47426021,91.01474529,96.07061012,93.33631597,80.95347674,77.56174952,65.5186518,59.51225087,56.07126418,52.42480475,51.46814733,52.40377634,52.28825911,50.34347049,49.91271278,50.51600317,56.30420951,61.91330368,65.54023741,71.24570354,76.0327929,103.8056531,70.18614709,57.26997855,55.76190697,56.44889897,58.09792083,60.49676518,59.14303232,59.08815577,60.19818633,67.50068395,75.85259831,86.86659313,91.22369726,86.66645466,83.57700896,83.78693193,87.18616694,82.72309379,70.82569053,61.37862457,64.38278407,63.87185422,65.82945859,60.8452275,57.44166982,53.74868754,56.34795446,59.37781431,50.49598343,52.87046166,48.28012971,48.09605591,44.1440751,44.78454201,42.2788536,45.19285817,44.31971357,40.75297413,35.5316543,37.60497504,36.95335961,34.26000591,35.28306993,37.56241956,39.13042663,43.53320972,46.53372717,50.76488433,55.4941343,58.91129563,60.33065984,57.91626668,55.02841335,50.68871112,47.21331982,44.46665303,41.7560834,43.88895831,44.88151587,43.64106418,48.24391778,43.74119866,36.01701922,30.76395999,28.50762001,27.06023794,35.06134121,39.36095731,38.77331848,37.49314219,40.11667855,40.16143478,44.47458709,47.76762658,86.96508382,65.86846508,55.08310826,51.2598266,54.60401989,52.48480102,48.76982479,47.8501574,49.64266532,49.91568307,47.47938672,36.830198,30.59327763,28.55886472,25.30661305,28.38833256,29.57804977,29.34001273,28.6207636,27.77808613,28.43002071,28.80142127,31.62125006,34.99832099,38.60134754,39.94581329,41.9565104,46.54907465,40.03548924,26.85153014,25.27100525,32.00063212,34.73514808,31.59286878,30.30868282,29.0376515,31.01793879,33.61204321,46.41928499,45.95965038,51.5376747,50.86529924,49.20725465,43.87065754,36.88778525,32.31312962,30.17169287,28.10152538,26.75880671,26.87071899,26.48729665,27.76285953,31.46787643,38.13902468,40.89436865,37.68088622,34.6561582,34.12457666,31.1592541,34.32343903,31.44830475,29.52399812,28.95760371,27.77609848,31.57601404,29.62757763,26.29935438,24.93491701,18.81675548,26.08067809,31.08061197,45.59918203,43.38188638,31.19394538,30.24584241,29.74053657,30.59898174,31.20667988,32.70019561,31.76835423,30.85156794,27.79078008,23.02614173,24.60071892,27.33892062,28.50001401,28.01453286,26.84082088,27.61104258,28.22355601,28.82951048,26.88019049,25.14960136,25.19248709,23.7168481,22.4964387,18.87317996,17.3899436,16.04171772,15.73367538,13.83662693,12.76365537,13.0539702,11.92829364,10.84245419,10.03462424,10.89722098,9.99798972,9.970986362,11.6749193,12.40235204,17.16408464,22.99588446,28.2885271,30.28757957,30.8848332,28.35614033,24.06054151,22.97756879,23.23444756,26.08000037,28.96310849,36.84191104,37.9507109,25.32411833,21.60060971,22.31065808,18.01441199,16.89402978,16.40214847,16.88320294,15.94671913,17.88153384,22.79021116,26.72459249,31.89026019
2013-11-30 00:00:00-10:00,95.4776969,85.40744171,91.2815558,96.03487166,93.40825484,87.84658348,83.7861493,80.28531731,79.24728089,77.7680966,71.27058146,66.38915447,71.21677397,75.62059479,83.43158625,91.05965854,96.10172446,93.273708,80.84778466,77.4630011,65.38365021,59.34605805,55.87723061,52.19924173,51.19856354,52.11199713,52.00854635,50.15873623,49.67976718,50.25812572,56.05371587,61.62092655,65.29947714,71.13520142,75.91608837,103.6380534,70.1435191,57.25227459,55.75812109,56.50516923,58.18716921,60.67913885,59.3111363,59.24506163,60.32698113,67.98552968,76.27739645,87.10879163,91.45378725,86.77211396,83.72187817,84.03973426,87.56588919,83.29322344,71.56738074,61.68993404,64.58836843,64.23697106,66.45820083,61.49506362,57.92813565,54.28861189,56.78596799,59.86259316,50.84688335,53.1100985,48.62698484,48.4422031,44.31531304,45.14018658,42.61033366,45.52136865,44.54850192,41.06365507,35.7780051,37.88100542,37.17457975,34.41248542,35.41673866,37.7606369,39.16728228,43.65826409,46.67557688,50.92072762,55.57829949,59.01545131,60.25492369,57.83385306,55.00335246,50.68533856,47.22249375,44.655976,42.08840608,44.04781295,44.94548044,43.78037434,48.59488255,44.00045714,36.32172889,30.99738171,28.74816992,27.21595342,35.19718313,39.47854755,38.93298584,37.74047068,40.35851733,40.28172913,44.53206486,47.84980898,87.02519239,65.92321178,55.12427585,51.36444474,54.68107073,52.69880138,48.90964182,47.86746895,49.69162092,50.00528839,47.59696953,36.93972961,30.7433767,28.65264849,25.32695797,28.45758302,29.61390459,29.32685532,28.57506473,27.72057573,28.38646789,28.79471858,31.50998781,34.88200633,38.45070972,39.81751624,41.79546257,46.64381679,40.0718976,26.88017208,25.25512438,31.99215206,34.81116733,31.67992758,30.28885941,29.07992901,31.17599238,33.39016592,46.07320434,45.79583441,51.63010421,50.88433631,49.21541012,43.88976254,36.87555828,32.20190593,30.05076896,27.95978623,26.64481086,26.72935078,26.36973266,27.70231489,31.44325661,38.06778692,40.94106932,37.62550194,34.65440309,34.11899833,31.12916281,34.26112751,31.36107786,29.38586521,28.76353757,27.48648718,31.370276,29.48837609,26.13368089,24.77154453,18.65625412,25.91764305,30.90522892,45.46118412,43.47881376,31.26822282,30.19364667,29.59986867,30.48457355,31.02156828,32.5614258,31.70055455,30.75318236,27.83974176,23.0309682,24.64271448,27.29241332,28.4061835,27.8977216,26.70472359,27.57277075,28.18535233,28.81298385,26.81387019,25.06536252,25.13132963,23.62229289,22.44216726,18.81701894,17.39591898,16.10232426,15.74660714,13.8312824,12.67070171,13.04208762,11.89833049,10.83058197,10.01919789,10.89161023,10.00358753,9.975790641,11.66232421,12.38102251,17.13990995,22.9012668,28.12227355,30.15289909,30.79690541,28.33402227,24.06666825,22.99611808,23.25302192,26.14256607,29.06836233,36.8485407,37.97917606,25.25947353,21.63526864,22.4556101,18.17060235,17.15480734,16.6141758,17.05470494,16.10596571,17.97184788,22.84663093,26.8008667,31.93481563
2013-12-31 00:00:00-10:00,95.44694599,85.59954533,91.45428502,95.86932003,93.18338088,87.64000766,83.52218439,80.03261709,79.00284728,77.51283084,71.01725415,66.16995349,71.06132997,75.52921867,83.39782063,91.12185756,96.15880795,93.21689821,80.72515957,77.34607434,65.23332753,59.16104916,55.66739592,51.95384647,50.90454752,51.79365219,51.70025474,49.95984836,49.43413004,49.98934424,55.79174943,61.32084505,65.05473268,71.01742704,75.81340876,103.5011756,70.14493468,57.2921726,55.81064967,56.60853567,58.32012673,60.90331205,59.52895968,59.45948781,60.5193545,68.50411773,76.72208248,87.38602616,91.68678518,86.899958,83.90488369,84.29798885,87.91954083,83.8486399,72.32617538,62.02968446,64.75353636,64.5582637,67.03113604,62.07633666,58.36152787,54.77086408,57.15534453,60.25813926,51.11688617,53.28658608,48.92899317,48.74419935,44.44013374,45.46297272,42.90680891,45.80876686,44.77400405,41.38288387,36.05268233,38.18499826,37.43592336,34.62677781,35.62031424,37.99910412,39.23104733,43.80529843,46.82481187,51.09487853,55.69186064,59.15744969,60.2197453,57.77643965,55.00345453,50.70859891,47.26961452,44.86918698,42.4376729,44.23633353,45.04850048,43.94830981,48.94775162,44.25180604,36.61286879,31.20999185,28.98012111,27.35545398,35.32751474,39.59233923,39.07164396,37.96848234,40.57941326,40.37219494,44.55932525,47.90239755,87.05732427,65.96107756,55.15504571,51.47405488,54.75705168,52.92006014,49.05263683,47.88493406,49.73754255,50.09974818,47.71411461,37.04478839,30.89704382,28.75697248,25.37806042,28.54030718,29.66675265,29.33064244,28.53608793,27.66575917,28.34300053,28.78419906,31.40114357,34.76191903,38.30155225,39.69074666,41.59386192,46.72408125,40.10384993,26.90073584,25.22668495,31.96491834,34.87205688,31.75418439,30.27707722,29.14316797,31.32912509,33.16674618,45.73734886,45.65636436,51.71743404,50.89730445,49.22312583,43.90968184,36.87277154,32.09048725,29.92060735,27.81863184,26.52942542,26.58070005,26.25150057,27.63563401,31.40257161,37.97365612,40.96303359,37.56394597,34.64371405,34.1024491,31.08814166,34.18757263,31.26619922,29.23978068,28.56178951,27.19745274,31.16740523,29.35690684,25.97207195,24.60587318,18.49240416,25.75559381,30.72349241,45.33148775,43.59168139,31.35382649,30.1436692,29.46119744,30.37086032,30.83679771,32.42297106,31.63058161,30.66341423,27.90476749,23.04872955,24.67934194,27.24991306,28.31152459,27.77485964,26.5538957,27.50978973,28.13146147,28.79117472,26.74375418,24.97623236,25.06615117,23.52414447,22.38085794,18.74956632,17.40111604,16.16302911,15.75424761,13.82017626,12.5811134,13.03033065,11.86912497,10.83118725,10.01218915,10.89111554,10.01307829,9.99029907,11.64483331,12.36224545,17.12088746,22.80813782,27.94535884,30.00992158,30.69614564,28.30389576,24.06756285,23.01043408,23.27047431,26.20340751,29.17663696,36.85246568,37.98063047,25.17755946,21.66190125,22.5811465,18.31258729,17.4050502,16.80989224,17.23868817,16.27782572,18.058831,22.90099675,26.87876704,31.9760233
2014-01-31 00:00:00-10:00,95.41445617,85.79583632,91.63400986,95.72345857,92.97049856,87.4357566,83.27711963,79.80044562,78.78432544,77.28662781,70.79732482,65.98230173,70.92148314,75.44807188,83.37382761,91.2010249,96.24439976,93.16882565,80.58903211,77.21772785,65.07216695,58.95906154,55.44300972,51.69108064,50.59021302,51.45403072,51.37063628,49.75175668,49.18045575,49.71326483,55.51996833,61.01450253,64.81061655,70.89204634,75.72843103,103.4057149,70.19961013,57.40082776,55.92990621,56.76687741,58.50371653,61.17288045,59.79936883,59.73344476,60.77655193,69.04560478,77.17999186,87.69614695,91.92077438,87.06003199,84.13325392,84.55497501,88.23906175,84.37854739,73.08783805,62.38128037,64.85686815,64.81824779,67.52538146,62.56560479,58.72214285,55.17601974,57.44011269,60.54735695,51.28579868,53.38122463,49.16430084,48.97899183,44.50892261,45.73184028,43.15357798,46.04385098,44.98721837,41.69555375,36.34387422,38.50826945,37.74145183,34.9085173,35.89918107,38.28245384,39.32836876,43.97919469,46.98021697,51.29407151,55.84475783,59.34504376,60.23587909,57.74924893,55.03055027,50.75978638,47.3558077,45.11192413,42.80379552,44.45995699,45.19723239,44.15100126,49.29639694,44.49111941,36.88439971,31.40025157,29.2011504,27.47783727,35.45235503,39.70236566,39.18128725,38.16431337,40.76495429,40.42280671,44.54829932,47.92062397,87.05867415,65.98153362,55.17240648,51.58460746,54.82671128,53.14223172,49.19671153,47.90253449,49.7815238,50.19734039,47.82711037,37.1441133,31.05406865,28.87168339,25.45531897,28.6324622,29.73398568,29.34980317,28.50351787,27.61362564,28.29850603,28.76791996,31.29508495,34.63447052,38.14937554,39.55585606,41.3494675,46.78239255,40.12483941,26.91059286,25.18618807,31.91951771,34.91352323,31.81335503,30.2710352,29.2235325,31.46981623,32.94377496,45.41057312,45.53973049,51.79539217,50.90431175,49.23118394,43.93148632,36.88040619,31.97845368,29.78046922,27.67696057,26.41191378,26.424584,26.13321077,27.56365129,31.34827091,37.85879927,40.96413852,37.49789894,34.62970012,34.0814416,31.04234471,34.11140801,31.17077131,29.09119071,28.35852405,26.91651602,30.9756114,29.2383142,25.81497825,24.43847848,18.32594918,25.59424514,30.53340958,45.20610161,43.71066923,31.43975821,30.08453289,29.31544019,30.25369587,30.64743434,32.27828252,31.55300551,30.57850709,27.97532492,23.0757518,24.70704772,27.21073281,28.21364225,27.64203258,26.3861486,27.4155728,28.05597995,28.75596115,26.66285565,24.87628951,24.99314046,23.42016861,22.31132752,18.67280961,17.40734345,16.22697436,15.76209663,13.80985036,12.50524115,13.02197448,11.8435934,10.8450117,10.01778314,10.89996895,10.03062838,10.01928174,11.62527907,12.3491115,17.11149799,22.72064096,27.76107606,29.86191779,30.58815106,28.26960697,24.06682458,23.02400968,23.28583506,26.26116072,29.2841806,36.84965442,37.95234204,25.07754892,21.68192327,22.6877192,18.43891967,17.63958599,16.98809666,17.4375463,16.46237385,18.14111283,22.95114019,26.95018611,32.00675658
2014-02-28 00:00:00-10:00,95.37880933,85.99818502,91.82550773,95.61160549,92.78644977,87.25215571,83.0689551,79.60372719,78.60476865,77.09956693,70.61798359,65.83506683,70.79988987,75.38152857,83.35828144,91.29425135,96.35660458,93.12901504,80.44178002,77.08639153,64.90701411,58.74574276,55.20857039,51.41625932,50.26208097,51.09917243,51.02836712,49.54062443,48.92446196,49.43378851,55.24045066,60.70414576,64.57128219,70.757055,75.66223061,103.3532802,70.30626972,57.57836131,56.11658933,56.98023946,58.73884439,61.48346145,60.11868335,60.06211777,61.09226733,69.59511317,77.64368868,88.03219433,92.14992815,87.25055756,84.40360375,84.80040399,88.51355575,84.86902291,73.83452616,62.72452071,64.87751937,65.00820816,67.9194659,62.94483845,58.99253167,55.48622118,57.62710771,60.71512609,51.33745212,53.37503701,49.30899312,49.12157677,44.51180865,45.92558332,43.33584078,46.21327487,45.17461446,41.97963221,36.63427401,38.83621269,38.08691026,35.25495858,36.24977088,38.61052184,39.46355951,44.18027543,47.13851925,51.5148876,56.03444029,59.57459935,60.30297795,57.7518827,55.08286901,50.83612869,47.47788965,45.38521453,43.18196235,44.71881178,45.39217184,44.39057582,49.63795893,44.71923392,37.13669434,31.57220326,29.41092576,27.58353124,35.57059889,39.80751373,39.25619226,38.31881128,40.90320711,40.42688773,44.49312855,47.89959756,87.02589563,65.98282115,55.17251312,51.69040507,54.88432539,53.35796436,49.33715261,47.91746144,49.82063771,50.29268834,47.93024039,37.23361248,31.21064126,28.99237696,25.54949331,28.7260662,29.81024026,29.38056061,28.47583465,27.56518875,28.25368941,28.74421419,31.19162226,34.49728459,37.99175953,39.40566773,41.0649426,46.81353977,40.13034739,26.90693841,25.13282967,31.85591234,34.93302564,31.85686544,30.26742147,29.31577202,31.59002163,32.72445059,45.09257813,45.44367644,51.85752538,50.90484279,49.23975344,43.95564499,36.89874435,31.86526559,29.6303995,27.53450553,26.29212874,26.26114234,26.01571624,27.48753002,31.28397383,37.72555843,40.94820157,37.42946599,34.61840607,34.06338637,31.00071932,34.04135593,31.08200537,28.94528332,28.15987347,26.65062667,30.80120693,29.13562395,25.66240781,24.26981851,18.15661178,25.43228118,30.33265761,45.08210016,43.82630622,31.51618012,30.00689135,29.15597218,30.13123401,30.45071207,32.12296441,31.46431387,30.49589431,28.0404613,23.10612181,24.72193464,27.17192804,28.10836944,27.49523221,26.19865419,27.28483232,27.95348343,28.69978107,26.5646193,24.76007837,24.9081766,23.30764632,22.23188621,18.5880648,17.41626092,16.2950562,15.77378679,13.80500412,12.44814484,13.01777769,11.82235696,10.8706461,10.03800491,10.91981396,10.05827405,10.06486348,11.60641371,12.34281542,17.11231535,22.64048919,27.57155264,29.71062383,30.47610319,28.23254717,24.06587044,23.03768823,23.29757866,26.31345147,29.38550587,36.83688392,37.89496269,24.96057136,21.69631021,22.7743589,18.54709301,17.85252726,17.146923,17.64993694,16.65920086,18.21680626,22.99503671,27.00852717,32.0204269
2014-03-31 00:00:00-10:00,95.33212959,86.20528209,92.02986989,95.54330796,92.64260857,87.10320891,82.90893907,79.45214236,78.4729498,76.95649951,70.48141998,65.73161351,70.69619844,75.32969888,83.34922961,91.3973432,96.49023932,93.09466166,80.28613509,76.9614603,64.74805398,58.53078372,54.9717173,51.13726582,49.92832733,50.73759707,50.68372599,49.33244871,48.67104724,49.15258657,54.95321434,60.39089225,64.33924914,70.60909549,75.61117939,103.3361308,70.45267662,57.81285071,56.36016104,57.2392314,59.0208562,61.82517995,60.47811551,60.43531762,61.45466019,70.138225,78.10763102,88.38064273,92.36395961,87.45908476,84.70259624,85.0201415,88.72944642,85.30492792,74.54441952,63.03984574,64.79887304,65.12448049,68.20046747,63.20721371,59.16111831,55.68941408,57.70907591,60.75384044,51.26363855,53.25185354,49.33939861,49.14782405,44.43997805,46.02576983,43.44027314,46.30331137,45.31945088,42.21350237,36.90404464,39.15006752,38.46066688,35.65517288,36.65884552,38.97785295,39.63524645,44.40319027,47.29401551,51.7438013,56.24490357,59.82981508,60.40698265,57.77639577,55.1530995,50.928856,47.62647481,45.68407267,43.56375247,45.00847216,45.62914496,44.66716728,49.97233116,44.94223198,37.37637918,31.73516728,29.61123935,27.67568336,35.68111262,39.90614749,39.29497764,38.42938749,40.98922751,40.38451449,44.39250062,47.83614781,86.95620225,65.96234666,55.15090141,51.78414438,54.92444699,53.56038781,49.46718388,47.92474342,49.8493023,50.37767522,48.01601671,37.30621661,31.35938838,29.11011272,25.64861331,28.81111032,29.88872431,29.41718749,28.45001289,27.52017312,28.20791764,28.71131039,31.08968231,34.34838607,37.82684967,39.23436934,40.74556707,46.81340269,40.11641928,26.88544685,25.06487804,31.77257789,34.92742834,31.88373678,30.26036898,29.41172473,31.68071919,32.51129668,44.78312252,45.36438015,51.89569094,50.89631751,49.24727889,43.98023292,36.92678933,31.74964672,29.47107202,27.39110787,26.17000347,26.09075316,25.89961642,27.40781857,31.21246407,37.57559143,40.91726121,37.35958343,34.61335233,34.05315708,30.97028438,33.98211793,31.00404605,28.80516385,27.9703418,26.40489307,30.64646725,29.04792505,25.51406404,24.09976476,17.98308379,25.26728775,30.11860332,44.95795705,43.92870262,31.57406096,29.90304147,28.97791434,30.00216182,30.24477255,31.95383554,31.36174881,30.41220493,28.0889566,23.13096198,24.72026834,27.12815503,27.98988812,27.33154995,25.98862478,27.1140274,27.81968344,28.61614259,26.44335351,24.6228661,24.80677575,23.183513,22.1404417,18.4955559,17.42750558,16.36506611,15.78983065,13.80690746,12.40841202,13.01552382,11.803811,10.90563528,10.0738521,10.95193054,10.09743045,10.12750859,11.59136537,12.34310238,17.12062526,22.56631028,27.37725457,29.55535562,30.35978123,28.19148698,24.06331971,23.05006482,23.30303285,26.35620946,29.47317232,36.81215892,37.80991299,24.82742164,21.70574287,22.83869641,18.63395471,18.03755327,17.28329825,17.8697005,16.86620005,18.28475331,23.03131986,27.05040999,32.0125928
2014-04-30 00:00:00-10:00,95.26242413,86.41174546,92.2430613,95.52280764,92.54372074,86.99608216,82.79979493,79.34795076,78.38983863,76.85527917,70.38386587,65.66979278,70.60685852,75.28950238,83.34535165,91.50658808,96.63864628,93.06151575,80.12317212,76.85033388,64.60467206,58.32452553,54.741795,50.86304435,49.59758084,50.37823513,50.3459829,49.13218121,48.42391853,48.8714139,54.65906384,60.07665238,64.11740135,70.44465617,75.5673577,103.3390059,70.61837978,58.08316003,56.6409739,57.52728815,59.33977946,62.18431189,60.86420255,60.83685625,61.84591733,70.66167074,78.56479613,88.72214941,92.54899152,87.66564761,85.00933945,85.19718118,88.87109959,85.67283853,75.19253435,63.31461452,64.61059164,65.16611241,68.36311122,63.35430114,59.22291028,55.78168563,57.68593344,60.66398347,51.06915014,53.01094699,49.24473237,49.04676333,44.29143003,46.02414467,43.46139961,46.30651483,45.41089671,42.37957394,37.13354528,39.42969839,38.84517702,36.09188118,37.10574915,39.37390814,39.83434873,44.63595306,47.43682079,51.96053151,56.45177281,60.08612504,60.52397143,57.80704329,55.22764854,51.0230561,47.7852168,45.99735186,43.93911865,45.32127386,45.90000215,44.97830675,50.30117018,45.16889739,37.61235608,31.89947387,29.80451712,27.7586753,35.78584993,39.9994801,39.30299116,38.50099843,41.02650967,40.30324198,44.25104736,47.73122601,86.84939858,65.91722537,55.10303083,51.8573362,54.94089098,53.74333842,49.57950298,47.91918391,49.86211528,50.44439026,48.07839202,37.35565594,31.49314583,29.21558398,25.74002862,28.87739229,29.96222107,29.45286697,28.42204439,27.47661501,28.15766236,28.66540304,30.98662651,34.18389122,37.65084252,39.03556224,40.39474724,46.77803084,40.07909016,26.84147693,24.98048244,31.66740584,34.89261418,31.89177516,30.24169875,29.50066308,31.73297024,32.30376395,44.48112183,45.29603526,51.90066152,50.87424127,49.25031203,44.00070615,36.9611898,31.62946538,29.30309758,27.24610315,26.04519119,25.91370381,25.784286,27.32342507,31.13529687,37.41062886,40.87132742,37.28731046,34.61420526,34.05127375,30.95344173,33.9366792,30.93957099,28.67327499,27.79395485,26.18300932,30.51163388,28.9730649,25.37046982,23.92844578,17.80422405,25.0968617,29.88909632,44.83098886,44.00563659,31.60275239,29.76492887,28.77735354,29.86449479,30.02774799,31.76833472,31.24236706,30.32238123,28.10939562,23.13938345,24.69975552,27.0745732,27.85380579,27.14970529,25.75458694,26.90264788,27.65254785,28.50057685,26.29510315,24.46143839,24.68502145,23.04538774,22.03573796,18.39529411,17.43918868,16.43275978,15.80797985,13.81389733,12.38066083,13.01161892,11.78542221,10.94721814,10.12546633,10.99767371,10.14914784,10.20664182,11.58343398,12.35112217,17.1344792,22.49633995,27.17936161,29.39497433,30.23816727,28.1433308,24.05579801,23.05776365,23.29840149,26.38374948,29.53855227,36.77448524,37.69875262,24.67749064,21.70917077,22.8768882,18.69452858,18.18846722,17.39296763,18.08668041,17.0770078,18.34194047,23.0571559,27.07201308,31.97804466
2014-05-31 00:00:00-10:00,95.15584943,86.60952732,92.45624389,95.54679787,92.48691393,86.92980528,82.73753904,79.28721027,78.34961009,76.78848068,70.31804234,65.64274089,70.52577353,75.2554941,83.34491546,91.61737548,96.7936198,93.02436625,79.95216831,76.75744168,64.48406125,58.13566408,54.52780722,50.60230778,49.27729836,50.02752064,50.02110876,48.94237076,48.18431793,48.59105624,54.35919376,59.76264102,63.9070486,70.25879915,75.51947167,103.3433521,70.77986988,58.36445222,56.9361755,57.82640811,59.68226822,62.54557186,61.26046944,61.24722968,62.24623506,71.1544027,79.00532296,89.03358143,92.68879699,87.84597106,85.29860193,85.31415116,88.92293891,85.96383543,75.75534736,63.54548157,64.31197089,65.13841324,68.41307395,63.39862341,59.18564622,55.77179051,57.56357839,60.45213088,50.76915619,52.66778411,49.02907537,48.82396776,44.07247012,45.92516767,43.40292805,46.22401382,45.44687905,42.46889772,37.30843449,39.65843471,39.22051886,36.5447591,37.56642424,39.78519386,40.04579557,44.86261612,47.55579932,52.14339222,56.62944476,60.31792991,60.62623661,57.82426297,55.29051374,51.10219026,47.93514903,46.30890862,44.2981377,45.64682024,46.19347577,45.31875184,50.62982413,45.41013326,37.85612248,32.0758322,29.99538239,27.837715,35.88736432,40.0904997,39.29167055,38.54484551,41.02611089,40.19712031,44.07998241,47.59253851,86.71050056,65.84652448,55.02619271,51.90217507,54.92671639,53.89956358,49.66624469,47.89461918,49.8535589,50.48490335,48.11214038,37.37618234,31.60515707,29.30089064,25.81171521,28.91531647,30.02299724,29.48048583,28.38764829,27.43244731,28.09989723,28.60452199,30.88151475,34.00132358,37.46248832,38.80694753,40.01679772,46.70822628,40.01952161,26.77299989,24.87988464,31.53956993,34.82563747,31.87873148,30.20379537,29.57205011,31.74066889,32.09957253,44.18515318,45.23266196,51.86362464,50.83533772,49.24465487,44.01098862,36.99737683,31.50275997,29.12738174,27.09907642,25.91770204,25.73060054,25.66892079,27.2335432,31.05573062,37.23621147,40.81106548,37.21247859,34.61883349,34.05589198,30.94962083,33.90745632,30.89028398,28.55197394,27.63445758,25.98724808,30.39613578,28.90943322,25.23459857,23.75757542,17.6207123,24.92105707,29.64548841,44.70011885,44.04815321,31.59557894,29.59015647,28.55545933,29.72006237,29.80220744,31.56902915,31.1070677,30.2235776,28.09541964,23.12367532,24.66042969,27.00836963,27.69916698,26.95188822,25.49864916,26.65545154,27.45494319,28.35282908,26.11981992,24.27600824,24.54239068,22.89349795,21.91855036,18.28821709,17.44947455,16.49387777,15.8250896,13.8230418,12.35967702,13.00322141,11.76498903,10.99195059,10.19127139,11.05713262,10.21314462,10.3001739,11.58439195,12.36875171,17.15340674,22.42905622,26.98079667,29.22943554,30.11082299,28.08475929,24.03985752,23.05725355,23.28093441,26.39171598,29.57597796,36.72651605,37.56511978,24.51113456,21.70483908,22.88710248,18.72530979,18.301968,17.47396884,18.28921809,17.28313485,18.38544626,23.07015495,27.07157567,31.91454798
2014-06-30 00:00:00-10:00,94.99866563,86.78894083,92.65734031,95.60419051,92.46236383,86.89604499,82.7130493,79.26111012,78.34156331,76.74517119,70.27445666,65.63982816,70.44481752,75.22012647,83.34527592,91.72386448,96.94557045,92.97676587,79.77021497,76.68278814,64.38952934,57.96933501,54.33608279,50.36127835,48.9727127,49.69040655,49.71284437,48.76320758,47.95204574,48.31206234,54.05429625,59.44767092,63.70642651,70.04458488,75.45474537,103.3314807,70.91561631,58.63250661,57.22368966,58.11895656,60.03254953,62.89280805,61.6484527,61.64658547,62.63707989,71.60893382,79.41691253,89.29146763,92.76693532,87.97483686,85.54442762,85.35949524,88.87554441,86.17506215,76.2174889,63.73653365,63.9172103,65.0575621,68.36793349,63.36147261,59.06874819,55.68031801,57.35766662,60.13492034,50.39054678,52.25058463,48.71145398,48.5005939,43.79728559,45.74499139,43.2778787,46.06592773,45.43259184,42.4847445,37.42645136,39.83036108,39.57095025,36.99576855,38.01870598,40.19723689,40.25282537,45.06769328,47.64261056,52.2749033,56.75611546,60.50359774,60.68753743,57.81105065,55.32817242,51.15326528,48.06038838,46.60052387,44.6336205,45.97342832,46.49871984,45.68373078,50.96604459,45.67623205,38.11927127,32.27278163,30.18901369,27.91719296,35.99008102,40.1840317,39.27623924,38.57631448,41.00457832,40.08451755,43.89522638,47.43160289,86.54890355,65.75293227,54.92165633,51.91477983,54.87723203,54.02087934,49.71951342,47.84418357,49.8181094,50.49153548,48.11193557,37.36181477,31.68805861,29.35959493,25.85297181,28.91600555,30.06231063,29.49280651,28.34195789,27.38512577,28.0334314,28.52996729,30.7759904,33.80259318,37.26482565,38.5518368,39.61853664,46.60913026,39.9429913,26.68173181,24.76534764,31.39049556,34.72595358,31.84384344,30.14273493,29.61846838,31.70271075,31.89729171,43.89417009,45.17080925,51.77778754,50.77777523,49.22435309,44.00304431,37.0306028,31.36859191,28.94603701,26.95110394,25.78906318,25.54317445,25.55323276,27.14040197,30.97960024,37.06290661,40.74073954,37.13730385,34.62554328,34.06550118,30.95802651,33.89405734,30.85508677,28.44224358,27.4940059,25.81746196,30.29825534,28.85641416,25.11077062,23.58976488,17.43507998,24.74282654,29.39301558,44.5667193,44.05418588,31.55303629,29.38490088,28.31894926,29.57514042,29.57567905,31.36358875,30.96064175,30.11582029,28.04770728,23.08201109,24.60432246,26.92893064,27.528437,26.74252677,25.22620557,26.38206637,27.23439305,28.17741147,25.92136136,24.06981185,24.38155136,22.72987419,21.79157194,18.17633457,17.45708184,16.54585097,15.83893708,13.83189441,12.34229508,12.98874798,11.74113853,11.03593225,10.26837821,11.12876677,10.28743095,10.40443955,11.59304814,12.39607334,17.17696091,22.36249498,26.78325997,29.05758068,29.97571715,28.01169994,24.01163868,23.04465682,23.24854963,26.37714866,29.58346532,36.67221141,37.4135726,24.33004147,21.69098927,22.87003011,18.72626062,18.37904184,17.52806997,18.4672516,17.47676133,18.41460503,23.07050471,27.05137467,31.82513687
2014-07-31 00:00:00-10:00,94.77836497,86.93901111,92.8325108,95.67864888,92.45562173,86.88167928,82.71344074,79.2573026,78.35193884,76.71244442,70.24201194,65.64790954,70.35483773,75.17638875,83.34206388,91.81871831,97.08338241,92.91145354,79.57244704,76.62264591,64.31978334,57.82617067,54.16842373,50.14199261,48.68645253,49.37009961,49.42362087,48.59505408,47.72901142,48.0378783,53.74760078,59.13059645,63.51288299,69.794657,75.36111676,103.2893842,71.00893853,58.86596899,57.48347048,58.38751269,60.37289841,63.21023405,62.00963433,62.0165072,63.00191948,72.0212892,79.78659055,89.47671575,92.77079801,88.03004106,85.72471034,85.33066557,88.72878057,86.30931153,76.57449528,63.89719452,63.45166545,64.94849258,68.25197832,63.26741345,58.89875725,55.5358255,57.09375997,59.73901817,49.97045003,51.79557946,48.32198216,48.10724053,43.48475262,45.50777164,43.10690884,45.85109433,45.38000895,42.44103602,37.49590245,39.95038576,39.88766393,37.43152133,38.44543836,40.59570993,40.43899794,45.23847685,47.69238282,52.34674228,56.81832614,60.62822295,60.68737176,57.75541262,55.33179876,51.16865007,48.15070758,46.85582403,44.94215469,46.29116273,46.80726246,46.06828936,51.31659547,45.97321048,38.40972646,32.49490345,30.38846057,27.99925815,36.09929933,40.28651479,39.27334152,38.61223301,40.98103272,39.98508288,43.71391725,47.26042828,86.37511583,65.64246724,54.79546117,51.89672111,54.79260988,54.10092715,49.73443999,47.76356321,49.75338889,50.46046309,48.07553902,37.30950434,31.73625264,29.38738347,25.85590601,28.87207694,30.07186805,29.4834566,28.28013755,27.33078273,27.95607131,28.44412003,30.67281386,33.59185491,37.06218853,38.27628387,39.20782502,46.48791318,39.85592683,26.57287077,24.64084554,31.22354704,34.59516702,31.78813148,30.0588197,29.63770404,31.6239829,31.69780746,43.60725015,45.11042515,51.63964506,50.70028258,49.18432768,43.96952676,37.05668105,31.22764974,28.76267662,26.80518063,25.66247202,25.35429858,25.43788094,27.04916928,30.91418294,36.90336525,40.66693624,37.06449424,34.63336532,34.0790813,30.97782447,33.89402103,30.83127782,28.34408964,27.37252678,25.67116172,30.21450096,28.81327574,25.00236946,23.42726689,17.25012181,24.56585128,29.13719917,44.43209642,44.02558264,31.47867567,29.15976115,28.07630005,29.43608449,29.35651042,31.16034145,30.8091101,30.0013229,27.97248366,23.01857515,24.53496108,26.837492,27.3461924,26.52660553,24.94446394,26.09475817,27.00105221,27.98202054,25.7046129,23.84671235,24.20705875,22.55616443,21.65853423,18.0622976,17.46132043,16.58822987,15.8489091,13.83943534,12.32658719,12.9668022,11.71264352,11.07505692,10.35291468,11.20885448,10.36799892,10.5141405,11.60678148,12.43153149,17.20390451,22.29513945,26.58779252,28.8781982,29.83142576,27.92124303,23.96775658,23.01606178,23.19893284,26.33718105,29.56069316,36.6135908,37.24795656,24.13656227,21.66662498,22.82796421,18.70009671,18.42287696,17.55886342,18.61555813,17.65270697,18.43154625,23.06117737,27.01651976,31.71615573
2014-08-31 00:00:00-10:00,94.48296577,87.0463828,92.96517879,95.75171521,92.45014025,86.87145008,82.72343423,79.26121205,78.36539493,76.67650535,70.2087868,65.65334995,70.24811526,75.11976283,83.32950559,91.89420193,97.19527633,92.82138355,79.35311794,76.57049752,64.26897283,57.70244709,54.02184626,49.94122728,48.41946642,49.06781016,49.15460774,48.43867673,47.51903125,47.77470096,53.44468299,58.81183867,63.32500354,69.50127617,75.22809539,103.2082453,71.05008203,59.04982192,57.7006884,58.61668781,60.6867779,63.48550924,62.32922781,62.34318096,63.32810978,72.38959851,80.10439534,89.57980035,92.69729903,87.99780612,85.82640129,85.23211279,88.48957592,86.37317418,76.83166399,64.04047793,62.94710662,64.84014208,68.0908941,63.13822616,58.70109616,55.36671413,56.80003929,59.29202308,49.54693117,51.33843546,47.89388905,47.67587589,43.15609737,45.240421,42.91471583,45.60286823,45.30453227,42.35902104,37.53205397,40.03147788,40.16825138,37.84402038,38.83593575,40.96668583,40.58810341,45.36560061,47.70147822,52.35895336,56.81264117,60.68539732,60.61592005,57.65009345,55.29857923,51.14664788,48.202364,47.06432137,45.22407837,46.59422208,47.1139457,46.4664855,51.68423536,46.30126952,38.72931036,32.74274108,30.59246046,28.08407188,36.22043012,40.40512617,39.29860318,38.66656156,40.97281662,39.91539796,43.55194647,47.09030065,86.19931597,65.52254026,54.65687531,51.85304485,54.6764334,54.13532062,49.70893538,47.650946,49.65909509,50.39130345,48.00232707,37.21761519,31.74503149,29.38086643,25.81650248,28.77951175,30.04591591,29.44881327,28.19886219,27.26609399,27.86491726,28.34968438,30.57486933,33.37317406,36.85825315,37.98901745,38.79288651,46.35143997,39.7645544,26.4530687,24.51156473,31.04054298,34.43466266,31.7114128,29.9529313,29.63298292,31.51458031,31.50356207,43.32204159,45.05265567,51.45013873,50.60033232,49.12015976,43.90441922,37.07176009,31.08181999,28.58162936,26.6649463,25.54092961,25.16645494,25.32416444,26.96498741,30.86569036,36.76876203,40.59504347,36.99485894,34.64004402,34.09409628,31.00736444,33.90285618,30.81549461,28.25743049,27.26718218,25.54359406,30.13927253,28.77921877,24.91089406,23.27187166,17.06897045,24.39430637,28.88253157,44.29686866,43.96577118,31.37770789,28.92662268,27.83547819,29.30710361,29.1516032,30.96608098,30.65780283,29.88311181,27.87764736,22.94011343,24.45629477,26.73646385,27.1575761,26.30920639,24.66097717,25.80539645,26.76520341,27.775532,25.47681466,23.61291927,24.02402651,22.37559574,21.52341959,17.9488715,17.46193143,16.62149918,15.85495085,13.84565347,12.31165869,12.9361168,11.67817345,11.10556345,10.43983215,11.29127808,10.44894133,10.62257902,11.62185436,12.47170492,17.23010395,22.22303874,26.39136409,28.68688559,29.67532929,27.80949203,23.90356424,22.96558665,23.12668386,26.26611714,29.50375367,36.54652264,37.06771539,23.93073547,21.62925939,22.76485557,18.65163906,18.43624768,17.56958802,18.73298193,17.80816228,18.43900787,23.0455575,26.97170587,31.5935201
2014-09-30 00:00:00-10:00,94.10152328,87.09688903,93.036927,95.8100164,92.43373241,86.8537743,82.72982379,79.2597804,78.3682298,76.62563708,70.16550378,65.64530247,70.12138555,75.0470637,83.3043045,91.94592109,97.27305914,92.70389108,79.11010956,76.52059944,64.2304669,57.59348316,53.89175537,49.75395394,48.17333202,48.78451419,48.90709103,48.29524778,47.32701264,47.53053943,53.15308266,58.49547574,63.14463394,69.16250786,75.05263012,103.0881388,71.04047984,59.18056183,57.87082238,58.79632393,60.96443377,63.7142068,62.60071693,62.62171348,63.6101471,72.71497966,80.36374182,89.60173571,92.55235728,87.87951581,85.85032007,85.07376559,88.17047013,86.37525873,77.00121102,64.17978887,62.43197743,64.75721768,67.90470392,62.98535151,58.49007985,55.19209252,56.49921852,58.81059161,49.14590273,50.90276772,47.45292885,47.2293123,42.82767006,44.96380912,42.72166305,45.34070543,45.21802863,42.26216065,37.55300662,40.09015135,40.41532375,38.23064702,39.18542802,41.2975891,40.68695622,45.44381773,47.66863655,52.31272675,56.74641359,60.67838334,60.47927673,57.49749101,55.2328998,51.09231453,48.21850509,47.22440427,45.48197392,46.87934164,47.41544252,46.87076911,52.06876291,46.65549612,39.07549461,33.01336762,30.79869031,28.17216904,36.35773419,40.54584908,39.36313203,38.7460413,40.98972873,39.88382394,43.42070329,46.93014959,86.03016812,65.40034813,54.51687364,51.79199604,54.53637835,54.12433157,49.64493109,47.5078697,49.53800867,50.28974073,47.89511698,37.0869184,31.71165467,29.33857813,25.73550477,28.63912396,29.98291751,29.38843392,28.09723785,27.18891668,27.75700022,28.24886487,30.48451618,33.15147852,36.65737232,37.69850132,38.3781367,46.20294137,39.67196888,26.32673331,24.3802116,30.84236979,34.24717805,31.61518248,29.82839545,29.61068368,31.38641762,31.31662871,43.03760068,44.99898404,51.21405888,50.47465756,49.02900758,43.80592806,37.07416259,30.93367601,28.40693443,26.53323103,25.42675972,24.9817835,25.21339343,26.89118759,30.83659003,36.66560107,40.52794028,36.92841618,34.64222994,34.10700115,31.04421685,33.91564992,30.80469801,28.18247811,27.17508447,25.43122646,30.06805441,28.75376229,24.83624267,23.12451841,16.89425096,24.23128913,28.63263817,44.16137886,43.8777025,31.25495121,28.69463221,27.60124097,29.18803038,28.96386507,30.78335643,30.50882056,29.76211806,27.76761717,22.85023188,24.37196168,26.6286271,26.96746974,26.09533959,24.38295863,25.52318724,26.53540927,27.56630908,25.24633847,23.37591668,23.83725803,22.19268785,21.38992336,17.83899338,17.45929678,16.64731777,15.85799198,13.85154425,12.29804518,12.89686218,11.63753395,11.12485214,10.52366424,11.36915889,10.52424492,10.72307292,11.63464183,12.51165186,17.24918339,22.13987901,26.18732585,28.47673733,29.50258352,27.6714351,23.81407113,22.8872328,23.0257127,26.15728188,29.40588099,36.46221504,36.86899418,23.71056628,21.57586955,22.68606563,18.58701231,18.42178451,17.56237033,18.81971004,17.94239274,18.44008472,23.02736621,26.921092,31.46240683
2014-10-31 00:00:00-10:00,93.62515582,87.07859566,93.03113152,95.84718486,92.40128888,86.82371551,82.72553176,79.24588526,78.35373727,76.55512893,70.11031437,65.618813,69.97738936,74.95770252,83.26778016,91.9744564,97.31487045,92.56311577,78.84793655,76.47056317,64.20003189,57.49716597,53.77568601,49.57797929,47.95153672,48.52220825,48.68339851,48.16613081,47.15815282,47.31397658,52.88196616,58.19020136,62.97727392,68.78736378,74.84280639,102.9398364,70.99378754,59.26822077,58.00164387,58.92886832,61.20642216,63.90083292,62.8270599,62.85633417,63.85056692,73.00191469,80.56232226,89.55133596,92.34669325,87.68940107,85.80888619,84.86926846,87.78777493,86.32446169,77.09879523,64.32511466,61.93296446,64.71307239,67.70404484,62.811801,58.2700351,55.0197074,56.20339392,58.30063239,48.7786458,50.49827789,47.01571654,46.78055641,42.50896513,44.69091091,42.54073921,45.07796903,45.12745828,42.16826202,37.57230334,40.14024997,40.63634197,38.59489001,39.49495169,41.57934207,40.72902619,45.47319015,47.59619463,52.20919576,56.63594705,60.61934212,60.2966144,57.31004053,55.14575804,51.01658884,48.20825831,47.34228468,45.72073582,47.1470515,47.71138943,47.27486712,52.46569807,47.02634011,39.44126204,33.29848295,31.00199266,28.26163804,36.51185728,40.70917202,39.46723865,38.84988124,41.03282338,39.88978326,43.32226293,46.78168686,85.87317506,65.28071226,54.38576502,51.72357146,54.38332805,54.07278137,49.54843091,47.3398979,49.39610447,50.16663197,47.76118572,36.92275386,31.63814997,29.26319933,25.61939683,28.45803412,29.88766553,29.30671315,27.97922618,27.10052347,27.63094505,28.14388588,30.40390941,32.93269414,36.46523363,37.41355003,37.96506553,46.04281173,39.57878508,26.19688122,24.24675444,30.63034342,34.03850036,31.50363244,29.69089357,29.57675927,31.24809311,31.13876111,42.75634637,44.95022207,50.93469648,50.31988733,48.9106008,43.67717252,37.06432126,30.78610069,28.24236503,26.41193332,25.32109614,24.80210011,25.10612757,26.82805627,30.82349955,36.59444167,40.46713384,36.86490706,34.63613859,34.11425239,31.08523265,33.92909419,30.7962978,28.11949115,27.09388982,25.33291971,29.99808714,28.73597127,24.77761719,22.98626295,16.72879474,24.07999643,28.39238179,44.02883047,43.76487115,31.1140268,28.46856714,27.37483367,29.07538255,28.79264035,30.61170645,30.36324827,29.63837941,27.64432994,22.74973531,24.285049,26.5168737,26.78014699,25.89002328,24.11668553,25.2544204,26.31841407,27.36145589,25.02091859,23.14262987,23.65056515,22.01218569,21.26094047,17.73501033,17.4543147,16.66794668,15.85923229,13.85871088,12.28717726,12.85095114,11.59222442,11.13170098,10.59875627,11.43568932,10.58756713,10.80863089,11.6413516,12.54597819,17.2548601,22.03912922,25.96860604,28.24161656,29.30937492,27.50421118,23.69718907,22.77866109,22.89212078,26.00586927,29.26117937,36.3503905,36.64736848,23.47349973,21.50612636,22.5974119,18.51260052,18.38356115,17.53943035,18.87719915,18.05585875,18.43732943,23.00957687,26.86631375,31.32585721
2014-11-30 00:00:00-10:00,93.04850876,86.98598874,92.93832146,95.86400953,92.35387142,86.78196721,82.70984581,79.21706371,78.32285092,76.46710508,70.04847812,65.57732577,69.82328636,74.85726804,83.2224379,91.98281111,97.3221913,92.40605902,78.57384223,76.41911073,64.17419416,57.41214992,53.67204985,49.41212493,47.75631245,48.28109675,48.48403583,48.05173072,47.01636553,47.13201805,52.64037196,57.90613169,62.8293898,68.39223636,74.61513516,102.781925,70.92938998,59.33104028,58.10780386,59.02574654,61.42048566,64.05503533,63.01795949,63.0568401,64.05766753,73.25772938,80.70491759,89.4423567,92.0934423,87.45032486,85.72155559,84.63225661,87.35820762,86.22930272,77.14160888,64.48324433,61.47379887,64.71005228,67.4923984,62.61435459,58.03741424,54.84768397,55.91270115,57.75976693,48.44529531,50.12460703,46.59238397,46.33790315,42.20490535,44.42864819,42.37683443,44.82082178,45.0339388,42.08676621,37.59768847,40.19283388,40.83744384,38.94017687,39.76638198,41.8086645,40.71694604,45.45993634,47.48996278,52.0493813,56.5021874,60.52684425,60.09183324,57.10530912,55.05119696,50.93315413,48.18312395,47.42828853,45.94672569,47.40150558,48.0036356,47.6730742,52.86604627,47.40037273,39.81507639,33.58587555,31.19477524,28.3476913,36.67429065,40.88537806,39.59788488,38.97066312,41.09461488,39.92383626,43.24940497,46.64001918,85.72791999,65.16435093,54.26824581,51.65436276,54.22638554,53.9868824,49.42699587,47.15543407,49.24202832,50.0353067,47.61104594,36.73473046,31.53138609,29.15833346,25.47636789,28.24619791,29.7683417,29.21086806,27.85180945,27.00475928,27.48835612,28.03675296,30.3341455,32.72276058,36.28905341,37.14458358,37.55388992,45.87061475,39.48394773,26.06484515,24.10955376,30.40625645,33.81654246,31.38264477,29.54756029,29.53680367,31.10493886,30.97411667,42.48432373,44.90578336,50.61348532,50.1363049,48.76847137,43.52569314,37.04327229,30.63997931,28.09046052,26.30055592,25.22301001,24.62762632,25.00032326,26.77197528,30.81832438,36.55083164,40.41270186,36.8010736,34.61730695,34.11110594,31.12478458,33.94110976,30.78833085,28.0686383,27.02274223,25.25034511,29.92732178,28.72427223,24.73368806,22.85847778,16.57543952,23.94371228,28.16694345,43.90363161,43.63057133,30.95762664,28.24966138,27.15526006,28.96406188,28.63460607,30.44831756,30.21976557,29.5105354,27.50749294,22.63775627,24.19674238,26.40291605,26.59785014,25.69623647,23.86514945,25.00050184,26.11725818,27.16588291,24.80638346,22.91904384,23.4673193,21.83835122,21.13829675,17.63709318,17.44614479,16.68345605,15.85733341,13.86728374,12.27929646,12.80019687,11.54380909,11.1254002,10.65990449,11.48469297,10.6331632,10.87322709,11.63798422,12.56935731,17.24176019,21.91720791,25.73095803,27.97857962,29.09418217,27.3087942,23.55475781,22.64173829,22.72586676,25.81148126,29.06873655,36.20284252,36.39796924,23.21742551,21.42293702,22.50374539,18.43431468,18.32685707,17.50114189,18.90760072,18.15117602,18.43175853,22.99351697,26.80710259,31.18468497
2014-12-31 00:00:00-10:00,92.37177681,86.82390982,92.76124902,95.86694714,92.29704068,86.73368865,82.68818315,79.17499605,78.28404135,76.37170523,69.99146826,65.53235754,69.67108771,74.7563897,83.17405119,91.97848587,97.30229826,92.24377014,78.29688161,76.36400309,64.14924371,57.33665134,53.57944162,49.2539044,47.5841817,48.05805386,48.30526687,47.94923107,46.90097101,46.98509004,52.43135839,57.64813857,62.70203655,67.99243898,74.38665064,102.6330196,70.86676256,59.38785461,58.20233112,59.09944922,61.61455286,64.18660812,63.18572968,63.23471084,64.2421304,73.49182465,80.8039526,89.29157244,91.8071382,87.18877414,85.60921395,84.37288183,86.89517558,86.09813798,77.14802002,64.66036733,61.07504989,64.74460428,67.27049426,62.38705827,57.78330903,54.66728811,55.61936435,57.18067387,48.13878025,49.77501811,46.18647459,45.90422797,41.91401631,44.17711837,42.2254042,44.5664503,44.93087182,42.01678191,37.6293177,40.25260187,41.01871283,39.26551043,40.0010388,41.98386414,40.65810374,45.41184087,47.35707518,51.83527821,56.36698661,60.42214873,59.88994628,56.89915767,54.96174444,50.85498969,48.15315164,47.49701095,46.16968047,47.65139718,48.29786162,48.06246852,53.25953161,47.76384245,40.18424008,33.86361938,31.36895533,28.42570008,36.83239113,41.06120581,39.73641914,39.09573694,41.15980668,39.96998183,43.18856151,46.49641022,85.58869145,65.04717352,54.16200691,51.58561805,54.06929864,53.87170586,49.28625967,46.95870542,49.08037332,49.90369775,47.45264449,36.5312441,31.39794969,29.02568817,25.31220468,28.01170779,29.63135381,29.10538436,27.71895019,26.90156344,27.32868123,27.9260157,30.27318519,32.5260103,36.13582838,36.90176979,37.14336195,45.68688524,39.38777721,25.9299,23.96721594,30.1728383,33.59090396,31.25939784,29.40687957,29.49776567,30.96149299,30.8276698,42.22938801,44.8663554,50.25432789,49.92596361,48.60741402,43.36048636,37.01070974,30.49374507,27.95119273,26.19668522,25.12959393,24.45737599,24.89224976,26.7158789,30.809986,36.5246134,40.36127225,36.73221438,34.58229519,34.09358668,31.15685649,33.94870779,30.77824277,28.02911115,26.96244341,25.18721014,29.85734748,28.71929746,24.70435567,22.74367414,16.43697776,23.82554629,27.96042942,43.78871593,43.47754605,30.78884584,28.03901261,26.94404998,28.85136841,28.48684345,30.29012932,30.07553642,29.3761026,27.35610939,22.51392596,24.10653562,26.28709617,26.42189157,25.51689818,23.6301111,24.76250147,25.93266737,26.98260807,24.6060515,22.70924,23.28983087,21.67325317,21.02276117,17.54428546,17.43285647,16.69201535,15.84971099,13.87653864,12.27362446,12.74666001,11.49424128,11.10687396,10.70475747,11.51325394,10.65842151,10.91416,11.62292145,12.57897384,17.20780652,21.77532996,25.47318472,27.68733816,28.85650603,27.08713912,23.38873211,22.47859141,22.52822889,25.57592605,28.82952459,36.01474055,36.11685169,22.9422252,21.33155029,22.40744245,18.35600055,18.25687702,17.44769015,18.91430994,18.23202552,18.42453998,22.97991884,26.74362904,31.03798899
2015-01-31 00:00:00-10:00,91.60288734,86.60543437,92.51342035,95.86674698,92.24041178,86.68865327,82.67205896,79.12900841,78.25200223,76.28541874,69.95535179,65.49989811,69.53579753,74.6674217,83.13212493,91.97242897,97.26759628,92.09132434,78.03250016,76.3080323,64.12540475,57.27166316,53.49899263,49.10204565,47.42841518,47.84728105,48.14058706,47.85280334,46.80659413,46.86578517,52.25035201,57.41480922,62.59053166,67.59659763,74.17127734,102.5064301,70.82087156,59.45407292,58.29391568,59.1597866,61.79352689,64.30274917,63.34145309,63.39915829,64.41266425,73.71160151,80.87128164,89.11108937,91.49978421,86.92519308,85.48618178,84.09572364,86.40566592,85.93534414,77.13251976,64.85919033,60.74868512,64.80714092,67.03629024,62.12213627,57.4950605,54.46472536,55.3109227,56.55340605,47.84776232,49.43935957,45.79572713,45.47769766,41.62904977,43.9306446,42.07492331,44.30548328,44.80692427,41.94928381,37.65980845,40.31664019,41.17386222,39.56515359,40.20002248,42.1018789,40.55896641,45.33394648,47.20267164,51.57156799,56.25024403,60.32438645,59.712145,56.70047583,54.88418733,50.7896022,48.12457987,47.56348943,46.39906777,47.90616436,48.60060613,48.44298096,53.63560196,48.10504799,40.5373141,34.12270505,31.51859731,28.49312097,36.97571459,41.2251373,39.86557122,39.21191499,41.21407958,40.0119274,43.12632017,46.34167872,85.4468136,64.92271167,54.05986166,51.51487118,53.91044237,53.73029818,49.12804113,46.74999188,48.91233185,49.77384018,47.28897537,36.31670999,31.24259379,28.86578806,25.13153109,27.76061236,29.48096878,28.99191706,27.5820171,26.78893577,27.15073397,27.80868273,30.21752559,32.34407779,36.00991405,36.69216017,36.73069515,45.48951007,39.28860285,25.79065413,23.81631763,29.93013409,33.36767419,31.13724672,29.27401253,29.46413354,30.81967361,30.70319411,41.99900998,44.83314633,49.86096886,49.69038152,48.43127458,43.18792821,36.96617927,30.34599495,27.8232092,26.09770025,25.03772488,24.29145114,24.78006323,26.65424655,30.78992344,36.50590462,40.30783398,36.65432021,34.52993945,34.06023234,31.17795671,33.9499689,30.76462458,28.00063283,26.91488221,25.14685081,29.79119909,28.72239347,24.68969171,22.64444918,16.31500173,23.72668072,27.77488183,43.68450288,43.30728702,30.60923363,27.83615379,26.74442873,28.73690083,28.34660372,30.13349248,29.92651946,29.23184695,27.18998602,22.37875183,24.01332686,26.1695678,26.25390308,25.35525411,23.41345744,24.54209373,25.76515054,26.81368174,24.42194843,22.51604494,23.11953694,21.51823194,20.91524847,17.45591327,17.41358273,16.69220416,15.83508113,13.88526225,12.26864513,12.69220299,11.44527486,11.07808308,10.73344387,11.5215103,10.66438276,10.93281821,11.59708615,12.57470374,17.15401877,21.61754113,25.19791593,27.37087959,28.59730041,26.84168184,23.20236652,22.29257673,22.30238439,25.30297001,28.54602488,35.78406265,35.80326329,22.65036242,21.23726727,22.30768869,18.27854946,18.17763386,17.38054644,18.9018007,18.30246759,18.41606763,22.9680934,26.67519061,30.88442168
2015-02-28 00:00:00-10:00,90.76242002,86.35266875,92.21857659,95.87904314,92.19891751,86.66181519,82.67688018,79.09354659,78.24387807,76.22634136,69.95727611,65.49608962,69.43192109,74.60183146,83.10721716,91.97617392,97.23270616,91.96465521,77.79949368,76.25878321,64.10740795,57.22205895,53.434926,48.95760375,47.28435674,47.64493418,47.98564532,47.75705127,46.72658095,46.76446088,52.09085232,57.2040016,62.48939309,67.21034617,73.97840186,102.4093077,70.80059915,59.54055143,58.38831271,59.21453041,61.96127206,64.40880089,63.49345747,63.55653917,64.57561246,73.92253048,80.91652145,88.90853448,91.17962457,86.66906247,85.3579408,83.80410518,85.89400925,85.74352232,77.10687318,65.08192346,60.5008925,64.88795959,66.7899386,61.81541141,57.16218101,54.22621978,54.97510307,55.86913641,47.56023885,49.10724633,45.41449987,45.05353594,41.33910534,43.6800622,41.91064827,44.02512912,44.64911273,41.87261483,37.67767457,40.37611436,41.29278355,39.8301553,40.36318812,42.16027241,40.42570159,45.23010672,47.03099955,51.26517292,56.16371563,60.24428813,59.57009837,56.51336514,54.82350717,50.74286701,48.10382653,47.63666335,46.63728813,48.16831966,48.91109106,48.81190104,53.98811652,48.41714938,40.8660956,34.35759045,31.64055158,28.54870419,37.09611095,41.36778815,39.96993059,39.30787218,41.24663857,40.03648548,43.0524376,46.17004063,85.29399047,64.7854682,53.95294511,51.43730647,53.74493252,53.56465358,48.95162123,46.52750265,48.73580929,49.64314443,47.11997597,36.09341503,31.06944041,28.68015879,24.94013682,27.49838752,29.3211629,28.87118807,27.4415041,26.66530463,26.95471344,27.68215895,30.16417146,32.17722074,35.91308818,36.52025986,36.31281566,45.27616359,39.18550002,25.64768754,23.6530656,29.67667305,33.14963713,31.0156393,29.15127259,29.43810133,30.68002415,30.60275989,41.79783466,44.8063082,49.43455028,49.43017683,48.24246354,43.01116559,36.91005529,30.19699844,27.7056185,26.00211428,24.94572972,24.13202431,24.66548404,26.58643378,30.75637288,36.49057542,40.2495808,36.56676886,34.46224862,34.01310518,31.18907325,33.94576995,30.7487785,27.9836089,26.88230781,25.13150982,29.73193356,28.73487364,24.69018853,22.56310401,16.20917659,23.64648188,27.61117083,43.59079732,43.1205416,30.41908855,27.64094936,26.55973982,28.62243211,28.21233822,29.97520833,29.76836728,29.07445873,27.00939699,22.23344211,23.91665133,26.05094648,26.09577497,25.21391923,23.21707328,24.34126666,25.6153933,26.66055893,24.25551008,22.3416677,22.95777702,21.37459493,20.8167328,17.37159994,17.3885038,16.6834792,15.81347282,13.89261475,12.26319037,12.63801208,11.39817544,11.04158914,10.74807355,11.5123369,10.65499047,10.93351441,11.5634288,12.55856835,17.08349709,21.44897917,24.91006975,27.03402509,28.31810752,26.57388629,22.99909477,22.08726572,22.05225748,24.99711594,28.22218216,35.51139623,35.45973665,22.3461821,21.14344337,22.2012258,18.19998508,18.09112737,17.30086415,18.87355894,18.36493326,18.404715,22.95508911,26.59937551,30.72207671
2015-03-31 00:00:00-10:00,89.87960925,86.08971713,91.90339775,95.91723119,92.18688892,86.6674535,82.71594933,79.08307843,78.27427032,76.2098414,70.01105544,65.53341084,69.36976281,74.56803616,83.10750643,91.99867796,97.21193098,91.87790044,77.61531176,76.22479602,64.10174519,57.19347205,53.39184007,48.82357475,47.15056561,47.45002423,47.83802198,47.65862096,46.65530372,46.67483567,51.95058054,57.01758785,62.39638178,66.83861149,73.81579605,102.3472092,70.8127095,59.65694273,58.4933377,59.27349985,62.12481131,64.51081823,63.64780146,63.71151215,64.73671949,74.13084462,80.9501354,88.69353399,90.85653531,86.42554551,85.22760508,83.50610566,85.3671633,85.52822081,77.08147526,65.333113,60.33484481,64.98203795,66.53475764,61.46951448,56.78302096,53.94515657,54.60585978,55.12754553,47.26852325,48.77237091,45.03843285,44.62765506,41.03443428,43.41694962,41.7196749,43.7145736,44.44731174,41.77236742,37.66714833,40.41554308,41.36188514,40.04935705,40.48864013,42.15832672,40.26499619,45.10348059,46.84655832,50.92283071,56.10903093,60.18351354,59.46750243,56.340323,54.78719894,50.72249414,48.09923101,47.72216842,46.88345195,48.43728443,49.22367177,49.16717192,54.31345649,48.69667752,41.16483554,34.5658193,31.73497116,28.59314122,37.18764283,41.48249679,40.03566302,39.37679194,41.25130312,40.0356606,42.95767049,45.97886846,85.1230988,64.63194774,53.83467374,51.34899453,53.56728582,53.37607586,48.75573935,46.28948318,48.54801978,49.50724765,46.94445952,35.86227139,30.88294462,28.47264203,24.74518275,27.23093915,29.15676811,28.74436137,27.29805961,26.53072603,26.74278963,27.5447346,30.11174652,32.02379415,35.84258198,36.38601492,35.88377874,45.04451333,39.07948421,25.50244073,23.47398383,29.40967909,32.93579322,30.889403,29.03782979,29.41872401,30.54105961,30.52549213,41.62446773,44.78117069,48.97592791,49.14489143,48.04044749,42.82899834,36.84252384,30.04596226,27.59629992,25.90820919,24.85227626,23.98102945,24.55177835,26.5148088,30.71174804,36.47654644,40.18317513,36.46919132,34.38116387,33.95412935,31.19144668,33.93626148,30.73179316,27.97649246,26.86511563,25.14064982,29.68070854,28.75644491,24.70478739,22.4997876,16.11689986,23.58177164,27.46804847,43.50675559,42.91648983,30.21840851,27.45377072,26.39274385,28.5100003,28.08366181,29.81314489,29.59648705,28.90040997,26.81399455,22.07884257,23.81653526,25.93205318,25.94857125,25.09388508,23.04212434,24.16158345,25.48395615,26.52364158,24.10723126,22.18705314,22.80540686,21.24326845,20.72776984,17.2908398,17.35856828,16.66606577,15.78570875,13.89867941,12.25724194,12.58473135,11.35371157,11.00027013,10.75240532,11.49091111,10.63597928,10.92208854,11.52648096,12.53424987,16.99988323,21.27361275,24.61368539,26.68111604,28.02032009,26.28412391,22.78140012,21.86555643,21.78141924,24.66220973,27.86224199,35.19870943,35.09060568,22.03499993,21.05008414,22.08547533,18.11690188,17.99858609,17.20960524,18.8323828,18.41845454,18.38693403,22.93659943,26.51302968,30.54868188
2015-04-30 00:00:00-10:00,88.98683896,85.8353248,91.58998187,95.98736702,92.21273764,86.71416547,82.7966501,79.10893316,78.35331035,76.24747326,70.12457947,65.6215782,69.35639328,74.57243703,83.13730577,92.04464333,97.21651802,91.83929641,77.49143106,76.21223067,64.11469844,57.19058017,53.37354175,48.70376078,47.02718955,47.2632518,47.69703942,47.55649148,46.58851554,46.59446501,51.83051343,56.85852178,62.3095375,66.48364663,73.68823722,102.3210494,70.85969127,59.80591863,58.6122599,59.34176384,62.28754254,64.61067974,63.80569831,63.8650421,64.8989305,74.34073323,80.98020735,88.47330892,90.53575069,86.20377103,85.10450918,83.20953022,84.83071122,85.29424019,77.05999401,65.61685877,60.25085693,65.08986986,66.27578737,61.09348655,56.36387368,53.62204029,54.20271086,54.33525101,46.96867029,48.43325246,44.66669007,44.20000494,40.71212227,43.1380498,41.49616253,43.36887714,44.19785689,41.63099582,37.61002029,40.41358863,41.36628092,40.21116882,40.57309381,42.09533979,40.08178001,44.95443477,46.65160924,50.55083762,56.07771282,60.13420358,59.40278854,56.18373132,54.78099871,50.73336114,48.11804465,47.82701548,47.1399294,48.7160232,49.53637523,49.51057997,54.607235,48.94054987,41.42783257,34.7463995,31.80401409,28.62788926,37.25016569,41.56716062,40.05652626,39.41679243,41.22728376,40.00730022,42.83715048,45.77007171,84.93164804,64.46318261,53.70457939,51.24945431,53.37544024,53.16792875,48.54271495,46.03782635,48.34929898,49.36358044,46.7625729,35.62441393,30.68691732,28.24716118,24.55235194,26.96201399,28.99105778,28.61212463,27.15161829,26.38587159,26.51837263,27.39593849,30.05983582,31.88150698,35.7933752,36.28564445,35.4387093,44.79376143,38.97281592,25.35700529,23.27739338,29.12759137,32.72354994,30.75134128,28.93145298,29.40197484,30.39870384,30.46738907,41.47202004,44.74980697,48.48965289,48.83647943,47.82503803,42.64004554,36.76256019,29.89100741,27.49225979,25.81555277,24.75828893,23.83958415,24.44278187,26.44374414,30.65949435,36.46020084,40.10206311,36.35947944,34.28759077,33.88474708,31.18557617,33.91975843,30.71263968,27.97477977,26.86028734,25.16972337,29.63583495,28.78445571,24.72979765,22.452035,16.03358666,23.52809327,27.34403023,43.43024952,42.69445551,30.00765501,27.27490846,26.24586847,28.40099546,27.96160193,29.6469172,29.40795044,28.70795101,26.60419356,21.91590442,23.71351344,25.81323434,25.81197411,24.99464252,22.88907482,24.00381911,25.37065544,26.40233839,23.97673825,22.05166404,22.66285945,21.12498826,20.6483632,17.2132072,17.32525668,16.64039194,15.75250404,13.90312405,12.25101772,12.53251019,11.3119721,10.95686144,10.75032131,11.46291628,10.61312372,10.90518225,11.49112582,12.50567628,16.90461378,21.09112708,24.30884328,26.31306669,27.70325466,25.97414478,22.55120021,21.62971587,21.49134695,24.29966075,27.46872634,34.84814662,34.70008153,21.7221234,20.95525019,21.95773812,18.02561619,17.89973975,17.10608652,18.78012134,18.46012328,18.35856826,22.90861808,26.41457181,30.36362796
2015-05-31 00:00:00-10:00,88.11574089,85.60074995,91.29308901,96.08892067,92.27836294,86.80408128,82.92063229,79.17772312,78.48498609,76.34496789,70.2985327,65.76754112,69.39288457,74.6189275,83.1979179,92.11559795,97.25100781,91.84669562,77.42937523,76.22236198,64.14970233,57.21524416,53.38156043,48.6012293,46.91463271,47.08599545,47.56299217,47.45171075,46.52294684,46.5224275,51.73138029,56.72737229,62.2247498,66.14686843,73.59589044,102.3252956,70.93693823,59.98000825,58.73971834,59.4159786,62.44534741,64.70455596,63.96226458,64.01327758,65.05997943,74.55045518,81.00806863,88.2483536,90.21506542,86.00665259,84.99353027,82.92116896,84.28699805,85.0429138,77.0363053,65.93190851,60.24372045,65.21401484,66.01870981,60.70266593,55.91931016,53.26565447,53.77223598,53.50784913,46.66144834,48.09148673,44.30047154,43.77295546,40.3745295,42.84481866,41.24116227,42.98838577,43.90414442,41.43453477,37.49369853,40.35097687,41.2948522,40.3067837,40.61142183,41.97009665,39.87842432,44.78015582,46.44533992,50.15113345,56.05410774,60.08116862,59.36976089,56.04545797,54.80406306,50.7728515,48.16292314,47.95334036,47.40548514,49.00322655,49.84414143,49.84060274,54.8659866,49.14778932,41.65184342,34.89832277,31.84935997,28.65279074,37.28702868,41.62558917,40.03701455,39.42941006,41.17790616,39.95391431,42.69090282,45.54787473,84.72135998,64.28294839,53.56587193,51.14165834,53.17290891,52.9471115,48.32045803,45.78023146,48.14528786,49.21382818,46.57719182,35.38209489,30.48429568,28.00855552,24.36606884,26.69374873,28.82466406,28.47430174,27.00123795,26.23172184,26.28639026,27.23713359,30.00796049,31.74847984,35.75967854,36.213564,34.97706015,44.52409114,38.86690257,25.21349419,23.06450412,28.83188925,32.51099636,30.59475153,28.82984952,29.38298958,30.24826471,30.42417085,41.33109876,44.70646443,47.98226897,48.50864952,47.59667465,42.44522511,36.66943659,29.7302469,27.38938751,25.72476641,24.66612802,23.70638228,24.34159174,26.37738628,30.60158074,36.43809536,40.00144563,36.23559799,34.18223665,33.80676936,31.17192068,33.89398669,30.68865715,27.97248631,26.86238907,25.21150195,29.59379119,28.81434461,24.75896167,22.41476056,15.95298167,23.47968834,27.23626005,43.35635741,42.45400421,29.78760985,27.10321817,26.11896784,28.2948536,27.84794704,29.47789532,29.20336024,28.49899049,26.38279919,21.74661475,23.60886361,25.69448856,25.68481102,24.91437499,22.75721753,23.86712909,25.27350919,26.29451391,23.86240459,21.93330308,22.529003,21.01951874,20.57635603,17.13706499,17.28844622,16.60597518,15.71363683,13.90403228,12.24354289,12.48047808,11.27189274,10.91303318,10.74414649,11.43234713,10.58997932,10.8878409,11.46061662,12.47540992,16.79817741,20.89683483,23.99140048,25.92763757,27.36473849,25.64851272,22.31092262,21.38249319,21.18230291,23.91044942,27.04432424,34.46371111,34.29241632,21.41300096,20.85789141,21.81514897,17.92340821,17.79308934,16.98989129,18.71831559,18.48774635,18.31653157,22.86868675,26.30480225,30.16884184
2015-06-30 00:00:00-10:00,87.29519745,85.38990676,91.01919221,96.21448316,92.37873505,86.93236319,83.08228134,79.28766639,78.66358441,76.49796382,70.52476986,65.97123612,69.47359312,74.70522891,83.28723947,92.20971799,97.3131413,91.89125705,77.42136889,76.2527839,64.20670969,57.26775808,53.41688576,48.52002974,46.81578409,46.92238778,47.43902561,47.34976382,46.45960281,46.46084001,51.65516305,56.6254209,62.14022531,65.83163279,73.53540782,102.3512716,71.0344604,60.16536407,58.864668,59.48632828,62.58686456,64.78419979,64.10690276,64.14738958,65.21112503,74.74927007,81.02564122,88.01208587,89.8883619,85.8245696,84.88698465,82.64810017,83.73968141,84.77471883,76.99664788,66.26738786,60.29822628,65.3497978,65.76460168,60.31255354,55.46682869,52.88877266,53.32505646,52.66716637,46.34967615,47.74791794,43.93994059,43.34819509,40.02621051,42.53864808,40.95798915,42.57723197,43.57429037,41.17929293,37.31470455,40.21614298,41.1427077,40.32979922,40.59715008,41.78161388,39.65430332,44.57536873,46.22368355,49.72049253,56.02160916,60.00786213,59.36090678,55.92212641,54.84645823,50.83013291,48.22855737,48.09215886,47.66796127,49.2866913,50.13663109,50.15171457,55.08661099,49.31699974,41.83323529,35.01747546,31.86912867,28.66322671,37.30020437,41.66180457,39.98718501,39.41781979,41.10874362,39.88159109,42.52355658,45.31862158,84.49803663,64.09580881,53.4221585,51.03010077,52.96614887,52.72252038,48.09967921,45.52822882,47.94549769,49.06627704,46.39569986,35.14157622,30.28084475,27.76381813,24.18908099,26.42490584,28.65374434,28.32975983,26.84556254,26.07007924,26.0522535,27.07117108,29.95565459,31.62171936,35.73463726,36.16258497,34.49936963,44.233088,38.76038812,25.07188338,22.83812956,28.52620515,32.29850195,30.4156132,28.73101037,29.35741707,30.08529101,30.39043568,41.19285082,44.646768,47.46078683,48.16397832,47.35470436,42.24516916,36.56142072,29.56234614,27.2833912,25.63574168,24.57722522,23.57819452,24.24927397,26.31703973,30.53878203,36.40716106,39.87939117,36.09826527,34.06658479,33.72197423,31.15062158,33.85659146,30.6571776,27.96647186,26.86784969,25.2615338,29.55317352,28.84325511,24.78826432,22.38325601,15.86998782,23.43112067,27.14059642,43.28061733,42.1960272,29.5592661,26.93717248,26.00907967,28.18951794,27.74211034,29.30618481,28.98478588,28.2776673,26.15421604,21.57332129,23.50415634,25.57607199,25.56632772,24.84979795,22.64349713,23.74867929,25.18864177,26.19620828,23.76138916,21.8288746,22.40314632,20.92637485,20.50940484,17.06209654,17.24799541,16.56258023,15.66905644,13.90016938,12.23484887,12.42870875,11.23333726,10.87026691,10.73581728,11.40191346,10.56870971,10.87356919,11.43689927,12.44535707,16.68251684,20.68958283,23.65943143,25.52549346,27.00609208,25.31353683,22.06336233,21.12768888,20.8562008,23.49759439,26.59492718,34.05316763,33.87367315,21.11351603,20.75864211,21.65572876,17.80926744,17.67752007,16.86118247,18.65026747,18.50204407,18.26035607,22.81631864,26.1855974,29.96644163
2015-07-31 00:00:00-10:00,86.54935781,85.20349867,90.77124617,96.3540629,92.50634152,87.09261573,83.27279468,79.43284733,78.87847721,76.69579694,70.78965502,66.22282539,69.58979549,74.82228485,83.40164971,92.32255504,97.39665607,91.96494527,77.45681864,76.302018,64.28374133,57.34578686,53.47865164,48.46409349,46.73451913,46.77622274,47.32834866,47.25854359,46.40528321,46.41506467,51.60575106,56.55470961,62.05731117,65.54305094,73.50367274,102.3930107,71.14422774,60.34982159,58.97756715,59.54341491,62.7021897,64.84306901,64.22942026,64.25672612,65.34110403,74.923244,81.02251817,87.75729346,89.55345282,85.64202101,84.77165947,82.39870616,83.1984396,84.49406522,76.92924962,66.61185542,60.39941,65.48598573,65.51216474,59.9321812,55.01880018,52.50059662,52.87041986,51.8360441,46.03434618,47.40090054,43.5830101,42.92525538,39.67422353,42.21904378,40.65078771,42.14307842,43.21785416,40.87197725,37.07968951,40.00942215,40.91291572,40.2769441,40.52433277,41.53059985,39.40619293,44.332976,45.97990519,49.25401848,55.96245281,59.89825163,59.36733189,55.80976505,54.89602501,50.89365321,48.30482946,48.22603481,47.90767644,49.54655698,50.39963156,50.43519461,55.26638274,49.44531769,41.96725739,35.09919905,31.8595524,28.6522013,37.2871191,41.67531839,39.91422504,39.38317748,41.02236212,39.79393463,42.33978415,45.08823769,84.26933386,63.90666342,53.27567051,50.91846843,52.76084934,52.50157998,47.88965564,45.29282452,47.75842039,48.92902537,46.22392104,34.90786332,30.080053,27.51699878,24.02092075,26.15351243,28.47396263,28.1775783,26.6840393,25.9046067,25.82221557,26.90233759,29.90397702,31.49884335,35.71259948,36.12707319,34.01342081,43.92172944,38.65203476,24.93191179,22.60349715,28.2158773,32.08918325,30.21374734,28.63316521,29.32249572,29.90608769,30.35916396,41.04877436,44.56731716,46.93547138,47.80498452,47.09788371,42.03936913,36.43712292,29.38652461,27.17131509,25.54796926,24.49227805,23.45292063,24.16491208,26.26084249,30.47052026,36.3658444,39.73638525,35.94947534,33.94193949,33.63122543,31.12100577,33.80566928,30.61602415,27.95571866,26.87493143,25.31735471,29.51277553,28.86908071,24.81513708,22.35376108,15.78252588,23.37999635,27.05496822,43.20182184,41.92422487,29.32519557,26.7756504,25.91176589,28.08393435,27.64268047,29.13168772,28.75699689,28.05118567,25.92504881,21.3993971,23.40201733,25.45908326,25.45547222,24.79618906,22.54417924,23.64538799,25.11200852,26.10367942,23.67062196,21.73535109,22.2843738,20.84434359,20.44522541,16.98801072,17.20349254,16.51138037,15.61981981,13.89203631,12.22622637,12.37816428,11.19705385,10.83004017,10.72700266,11.37338253,10.54981931,10.86371646,11.42036767,12.41693011,16.56063359,20.46964065,23.31385172,25.11169999,26.63302419,24.97725691,21.81203197,20.8711084,20.51804711,23.06713404,26.13004809,33.62850218,33.45349807,20.82891103,20.66088797,21.48140057,17.684888,17.55456734,16.72294113,18.58346792,18.50806898,18.19379254,22.75454057,26.06108625,29.75806101
2015-08-31 00:00:00-10:00,85.89723577,85.03986619,90.5502465,96.49820146,92.65401505,87.27837303,83.48385637,79.60739834,79.11841203,76.92592642,71.07867163,66.50821384,69.73247147,74.96108318,83.53534244,92.44815006,97.49513375,92.06192795,77.5251707,76.36885619,64.37824649,57.44510454,53.56406623,48.4356921,46.67454052,46.65107356,47.23463197,47.18660421,46.36986947,46.3918808,51.5870956,56.51656047,61.97961801,65.28590711,73.4970822,102.4454667,71.25952734,60.52297916,59.06971708,59.57926976,62.78279935,64.8758451,64.32176709,64.33219612,65.43905794,75.05877676,80.98846043,87.47905876,89.21049793,85.45490465,84.643082,82.18144502,82.67578915,84.20738037,76.82441221,66.95316228,60.53165407,65.60849319,65.25751102,59.56595228,54.58163197,52.10620234,52.41459409,51.03480877,45.71396379,47.04676504,43.22591972,42.5015685,39.32611009,41.8829323,40.32266107,41.69470271,42.84372961,40.52360241,36.80118631,39.7403838,40.61916638,40.15457123,40.39061726,41.22092081,39.13261545,44.04871734,45.71050031,48.74975819,55.86245548,59.7419877,59.38002906,55.70805589,54.94542067,50.95621854,48.38161506,48.33608692,48.10637275,49.76395978,50.61968029,50.68105845,55.40321437,49.52852746,42.04857308,35.13977796,31.81663058,28.61331446,37.24514574,41.66444068,39.82226623,39.32460511,40.91822955,39.69158693,42.14316076,44.86058134,84.042841,63.72095685,53.12872018,50.80975657,52.56115779,52.28880482,47.69630809,45.08180099,47.58959084,48.80680192,46.06450636,34.68405563,29.88282311,27.26996465,23.86069978,25.88026152,28.28474331,28.01873867,26.5183904,25.73966104,25.60168489,26.73425549,29.85502064,31.37874748,35.69098781,36.10349822,33.53516441,43.59736973,38.54398594,24.79499984,22.36821202,27.90767384,31.88746275,29.99317347,28.53628828,29.27733144,29.70996012,30.32647628,40.89542203,44.46857403,46.41948671,47.43819308,46.82789554,41.82965127,36.29736543,29.20415794,27.05280928,25.46148184,24.41194178,23.33053056,24.08638698,26.20560208,30.39518194,36.3150567,39.57566022,35.79293614,33.80965411,33.53502842,31.08235055,33.74222867,30.56490775,27.94077405,26.88257228,25.37831798,29.47210992,28.89063489,24.83827366,22.32503388,15.69100962,23.32683778,26.9782421,43.1207353,41.6446673,29.0891527,26.6199729,25.82337427,27.97860776,27.54962465,28.95640473,28.52593399,27.82669619,25.70218842,21.2299329,23.3070265,25.34775341,25.3532628,24.7512674,22.4578882,23.55636554,25.04194429,26.01501163,23.58854798,21.65147754,22.17341245,20.77360374,20.38331664,16.91555361,17.15563347,16.45510853,15.56826841,13.88168149,12.21999344,12.33102339,11.1647571,10.7943722,10.71974423,11.34887405,10.5338444,10.85873933,11.41111645,12.39228804,16.43736898,20.24008106,22.96023442,24.69556247,26.25511456,24.64903285,21.56262482,20.62037984,20.17614723,22.62808785,25.66069147,33.20255994,33.04055358,20.5617563,20.57050031,21.298608,17.55458915,17.42715279,16.58026266,18.52568911,18.51287589,18.12290497,22.68850156,25.93702749,29.54771881
2015-09-30 00:00:00-10:00,85.35171568,84.89853204,90.35889692,96.64347172,92.81889485,87.48621246,83.71066818,79.808297,79.37524181,77.17855263,71.38022879,66.81141706,69.89562147,75.11312687,83.68352629,92.58212023,97.60318205,92.17646411,77.61589037,76.44840903,64.48501581,57.55981457,53.66821069,48.43483664,46.63926931,46.55143098,47.16268598,47.14090715,46.36059239,46.39601328,51.60036917,56.50851035,61.9115331,65.06369818,73.51150423,102.503969,71.37433284,60.67663903,59.13534241,59.58921375,62.82350113,64.87974262,64.37972088,64.36957962,65.4975846,75.14603831,80.9182079,87.1778935,88.86529267,85.2708717,84.50639717,82.00406371,82.18476906,83.92260142,76.67473801,67.27699981,60.67730822,65.70211823,64.99374993,59.21190562,54.15434867,51.70517968,51.95848108,50.27574698,45.3829998,46.67880056,42.86187872,42.07136496,38.98345781,41.52402632,39.97220752,41.23742249,42.45830217,40.1456907,36.49230699,39.4221642,40.28157513,39.97706342,40.20298653,40.86003089,38.83607101,43.72280298,45.41634578,48.21427655,55.72156039,59.54372682,59.39497783,55.61935059,54.99064213,51.01288337,48.45144656,48.41123236,48.25618212,49.92970431,50.78462343,50.87870051,55.49483905,49.56137165,42.07218278,35.13677449,31.73694552,28.54254197,37.17298221,41.62750307,39.71281024,39.24024174,40.79434602,39.5737203,41.9363904,44.63744287,83.82429015,63.54365112,52.98458209,50.70605218,52.37038333,52.0870216,47.52276785,44.8998214,47.44116646,48.70118934,45.91792974,34.47244833,29.68845762,27.02195019,23.70754293,25.60791055,28.08828288,27.85557635,26.35182523,25.57801355,25.39295628,26.56792378,29.81015624,31.26090849,35.66788815,36.08806927,33.08530004,43.27040477,38.43936689,24.66272321,22.13909448,27.60759521,31.69676964,29.76092674,28.4415541,29.22196131,29.4976826,30.29112701,40.73325381,44.35231014,45.92553624,47.07046032,46.54719859,41.61860167,36.1440908,29.01691602,26.9277478,25.37536016,24.33539966,23.21059591,24.01077381,26.14823732,30.31180924,36.25640012,39.40167486,35.63181421,33.6708847,33.43398073,31.03397541,33.66813634,30.50378595,27.92156981,26.88922591,25.44389875,29.43045478,28.90662002,24.85692692,22.29618433,15.59630122,23.27260394,26.90946134,43.0392797,41.36529211,28.8565408,26.47313397,25.74008644,27.87311348,27.46103631,28.78181169,28.29758144,27.6097023,25.49157653,21.07108953,23.2242215,25.24750827,25.26161292,24.71420623,22.38498343,23.4812244,24.97817555,25.92931244,23.51385836,21.57628114,22.07110673,20.71483955,20.32458389,16.84687551,17.10640312,16.39727431,15.51756746,13.8719478,12.21892304,12.28988572,11.13852197,10.76505348,10.71588217,11.33051597,10.52235262,10.85919481,11.40955448,12.37441606,16.31877936,20.00806435,22.60830491,24.28895183,25.88443756,24.33837051,21.32239422,20.38392475,19.8405082,22.1916523,25.19830441,32.78709568,32.64263565,20.31419682,20.49439495,21.11666326,17.4241101,17.29856069,16.43874578,18.48295188,18.52281518,18.05346651,22.62261948,25.81772473,29.33930054
2015-10-31 00:00:00-10:00,84.92046466,84.78113613,90.20118462,96.79232049,93.00256657,87.71540915,83.95022458,80.03295264,79.6423045,77.4449348,71.68417328,67.11990985,70.07291685,75.27320637,83.84230688,92.72114595,97.71537419,92.30134641,77.71893644,76.53395642,64.59720067,57.68291196,53.78373774,48.45838803,46.62922212,46.47883124,47.11362456,47.12278379,46.37895375,46.42739427,51.6427987,56.52616622,61.86007035,64.8794771,73.54391486,102.5660712,71.48538313,60.80893187,59.17537474,59.57527116,62.82682661,64.85848576,64.40643005,64.37289472,65.51737555,75.18343955,80.81428766,86.86246331,88.53087435,85.1060119,84.37449553,81.87150099,81.73592797,83.64654156,76.47434784,67.56697728,60.81601564,65.75086979,64.71064914,58.86228197,53.72972684,51.29239897,51.4977816,49.56201564,45.03223825,46.28835392,42.48149404,41.62603511,38.64208956,41.13453091,39.59447831,40.77271405,42.06461751,39.74944231,36.16575712,39.06902758,39.92129614,39.76125532,39.97461828,40.46309879,38.52441126,43.36081691,45.10339249,47.66050065,55.55273157,59.32072766,59.41699631,55.54705155,55.02943764,51.0602803,48.50914022,48.45171875,48.36150364,50.04569872,50.88925112,51.02200278,55.5380074,49.53881651,42.03493899,35.08988191,31.61957195,28.43889052,37.0719253,41.56453938,39.58580166,39.12858761,40.64875121,39.43935483,41.72160137,44.41879463,83.61554285,63.37609752,52.84425015,50.60770375,52.19143597,51.89724606,47.37008738,44.74865425,47.31248568,48.61251318,45.78457898,34.27580919,29.49775614,26.77226511,23.5592175,25.33923716,27.88657315,27.68920183,26.18635164,25.41924009,25.19598324,26.40411309,29.76981345,31.1453457,35.64153245,36.07626677,32.68373481,42.94953202,38.33697025,24.53302777,21.91853132,27.31807258,31.51765969,29.52503243,28.34876015,29.15565769,29.26936705,30.25022332,40.56105123,44.21788403,45.46229469,46.70521799,46.25626994,41.40632591,35.9790495,28.82531656,26.79500446,25.28727579,24.25964896,23.0908191,23.93373311,26.084732,30.21864585,36.18958288,39.21812911,35.46745767,33.52622737,33.32762773,30.97501083,33.58492193,30.43284611,27.89797124,26.89394982,25.51422893,29.38889751,28.91763911,24.87295561,22.26805176,15.50027177,23.21783834,26.84749363,42.95743224,41.0908269,28.63034672,26.33548835,25.65777347,27.76546402,27.37280708,28.60737956,28.07619338,27.4043554,25.29741678,20.92704315,23.15658578,25.16231423,25.1811627,24.68294258,22.3252679,23.41799503,24.91885728,25.84398707,23.44262911,21.5061286,21.97542082,20.6664152,20.26875609,16.7829534,17.05618322,16.33966267,15.46924541,13.86399634,12.22395842,12.25588541,11.11935778,10.74159394,10.71480649,11.31820205,10.51533587,10.86323827,11.41389296,12.36538478,16.21047595,19.78186831,22.26769257,23.90244242,25.53226118,24.05298394,21.09805802,20.16854895,19.5208182,21.76962715,24.75427248,32.39161993,32.26845807,20.0907638,20.43879494,20.94482498,17.29840557,17.17129494,16.30254983,18.45861025,18.54136817,17.98899462,22.55851987,25.70421448,29.13513775
2015-11-30 00:00:00-10:00,84.60911309,84.69355105,90.0844256,96.95397994,93.21134245,87.96915976,84.20355503,80.28055544,79.91603056,77.71961155,71.98454965,67.42726108,70.26078253,75.4394371,84.01011143,92.86452705,97.82910188,92.43218695,77.82866115,76.62289428,64.71182055,57.81054787,53.90587859,48.50401759,46.64491178,46.43337471,47.08728474,47.13125908,46.4248232,46.48517171,51.71301381,56.56845894,61.83478915,64.73691345,73.59386561,102.6335921,71.59433027,60.9264667,59.19900134,59.54716378,62.80377009,64.82296361,64.41270716,64.3539434,65.50768596,75.17834254,80.6865252,86.54861979,88.2255126,84.97862524,84.26326018,81.78525704,81.33811246,83.38436498,76.21947228,67.80707389,60.92740192,65.74165362,64.39902007,58.50924013,53.29990026,50.86285588,51.02786656,48.89126558,44.65266798,45.868839,42.07716157,41.15884333,38.29735397,40.70950023,39.18547511,40.3009217,41.6645827,39.34384093,35.83218166,38.69364805,39.55645079,39.52217813,39.71884289,40.04920837,38.21003382,42.97421214,44.78262287,47.10431708,55.37499952,59.09558404,59.46077127,55.49588249,55.06161441,51.09673943,48.55124681,48.46718764,48.43204494,50.11884265,50.93796966,51.1115821,55.53110148,49.45764804,41.93600771,35.00005769,31.46611686,28.30565036,36.94580222,41.47716071,39.44010035,38.98960007,40.48003285,39.28790702,41.50035472,44.20397167,83.41501706,63.21649714,52.70627145,50.51380924,52.02834158,51.72120608,47.24061638,44.62972595,47.20348056,48.54239024,45.66716947,34.09871993,29.31432043,26.52179728,23.4120159,25.07545954,27.68123982,27.52024524,26.02333638,25.26186495,25.0106971,26.24519215,29.73460469,31.03210572,35.61126896,36.06358529,32.34600782,42.64141388,38.23472531,24.40454428,21.70814344,27.04110805,31.3510899,29.29345665,28.25671448,29.07753208,29.02552718,30.20017454,40.37871775,44.06327111,45.03293071,46.34356509,45.95510697,41.19201484,35.80376216,28.63003388,26.65417251,25.19548287,24.18219794,22.96992391,23.85315657,26.01374234,30.11588773,36.11636447,39.02935796,35.30127049,33.37859343,33.21743831,30.90719155,33.49527462,30.35461415,27.87183092,26.89757478,25.59027354,29.35016633,28.92603167,24.89090768,22.24366603,15.40646136,23.16434617,26.79287817,42.87502124,40.82359793,28.41199541,26.2062924,25.5746117,27.65501318,27.28159908,28.43323461,27.86631935,27.21479243,25.1233631,20.80031312,23.10528309,25.09441714,25.11268854,24.65732802,22.28123579,23.3669772,24.86369956,25.75704491,23.3712855,21.43736851,21.88341893,20.62553856,20.2148214,16.72360982,17.00400458,16.28200629,15.42200195,13.85599453,12.23295737,12.22745131,11.10561516,10.72067365,10.71318898,11.30920483,10.51019617,10.86630048,11.41974536,12.36456764,16.11588309,19.5690193,21.94674823,23.54431401,25.20772831,23.79782742,20.89484923,19.97869544,19.22578054,21.37306515,24.33925822,32.02252194,31.92717539,19.89771345,20.4072649,20.7899267,17.18153651,17.04736273,16.1746315,18.45294117,18.5688951,17.93149111,22.49678425,25.59625892,28.93789723
2015-12-31 00:00:00-10:00,84.42133103,84.64697403,90.0214671,97.14436654,93.45543673,88.25462903,84.47668504,80.55297337,80.1969268,78.00172776,72.28170436,67.73262922,70.45889412,75.61465465,84.18772723,93.01469614,97.94652233,92.57083409,77.94689019,76.71990715,64.8325475,57.94577096,54.03650446,48.57331393,46.69046861,46.41868577,47.08780198,47.16923975,46.50241572,46.57348014,51.81521844,56.64093857,61.84582516,64.64118746,73.66491234,102.7134678,71.70776683,61.04070955,59.21918123,59.5182632,62.76956907,64.78800574,64.41371518,64.3283698,65.48266726,75.1449594,80.55042888,86.25491456,87.96863308,84.9037029,84.18602611,81.74482734,80.99967584,83.14025068,75.91164647,67.98644547,60.99691001,65.67005032,64.05641491,58.15145536,52.86280911,50.41744089,50.54768256,48.25848822,44.23797932,45.41611787,41.64360108,40.6653938,37.94653821,40.24702611,38.74373824,39.8218805,41.2600004,38.93443317,35.4994418,38.30676155,39.20120217,39.27219058,39.4479868,39.63641354,37.90661966,42.57741754,44.46737572,46.56470398,55.20450387,58.88786678,59.53947326,55.47191205,55.09045731,51.12460037,48.57836337,48.46790686,48.47736769,50.15804142,50.94013734,51.15130121,55.47775656,49.31940311,41.77910387,34.87057923,31.28159245,28.15022734,36.79972766,41.3674577,39.27380705,38.82515732,40.28621199,39.11854299,41.27245525,43.99171973,83.22006768,63.06166453,52.56987489,50.42433412,51.88750265,51.56350454,47.13975733,44.54575692,47.11673205,48.49477559,45.57203341,33.94843626,29.14475838,26.27366152,23.26146188,24.81550951,27.47449634,27.35134948,25.86639407,25.10721807,24.83857572,26.09527251,29.70524347,30.92154266,35.57769747,36.04642918,32.08156919,42.35277701,38.13401909,24.27862934,21.51204076,26.78116596,31.20018397,29.07249784,28.16400746,28.98724652,28.76983222,30.13880392,40.1897091,43.88961272,44.63781487,45.98859244,45.64733589,40.97619848,35.61979413,28.43277415,26.50688674,25.10030149,24.10286205,22.84850481,23.77038962,25.93834882,30.00799447,36.04397873,38.84446502,35.13828728,33.23494807,33.10829771,30.83656799,33.40405006,30.27461953,27.84736587,26.90247258,25.67285815,29.31682353,28.93385895,24.9163572,22.22778225,15.32058663,23.11691564,26.74910146,42.79460646,40.56698133,28.20429173,26.08693548,25.492566,27.54369997,27.18556997,28.26159856,27.67341597,27.04532253,24.9727535,20.6926999,23.07035128,25.04566471,25.05897236,24.64116453,22.25910905,23.33212003,24.81572226,25.66906161,23.29851553,21.36796986,21.79261678,20.58939801,20.16226662,16.6686112,16.94960368,16.22420057,15.37468087,13.84557395,12.24285186,12.20224033,11.09537223,10.69909405,10.7076085,11.30105734,10.50409488,10.8627222,11.42199295,12.36864321,16.03548107,19.37519603,21.65282374,23.2204255,24.91764145,23.57491265,20.71626018,19.81641249,18.96192424,21.01074955,23.96193567,31.68298045,31.62714105,19.74004162,20.4009929,20.65581329,17.07675349,16.92853722,16.05762636,18.46323357,18.60351384,17.88177833,22.43809691,25.49462266,28.75226598
2016-01-31 00:00:00-10:00,84.35789929,84.6549094,90.025612,97.37829469,93.74353834,88.57941543,84.77763287,80.8543325,80.48958348,78.29502078,72.58086802,68.0400913,70.66765932,75.80331719,84.37813503,93.17694551,98.07480315,92.72401779,78.0808393,76.8325888,64.96482437,58.09301232,54.17757046,48.66452033,46.7664512,46.43502061,47.1167385,47.2356041,46.61091506,46.69277701,51.94997114,56.74644075,61.8990976,64.59609634,73.76267778,102.8150743,71.8344693,61.16172569,59.24834515,59.50132324,62.7384338,64.76675999,64.42273127,64.30895012,65.45595055,75.09811753,80.41909547,85.991824,87.77063363,84.89156845,84.15263488,81.74509479,80.72298294,82.91539022,75.55958556,68.10511388,61.02122678,65.54420525,63.69038142,57.79718208,52.42549424,49.96535892,50.0604217,47.65554765,43.78709239,44.92946104,41.1784719,40.14402461,37.5887655,39.74735449,38.26968571,39.3332941,40.85084728,38.52408132,35.17272848,37.91611503,38.86255278,39.01883455,39.17120164,39.23843292,37.62338965,42.18238231,44.16883858,46.06050598,55.05101616,58.71019256,59.65889737,55.47574475,55.11788561,51.14487478,48.59161397,48.46108546,48.50469573,50.17161226,50.90529084,51.14715352,55.38578153,49.1297689,41.57246977,34.70842544,31.0754052,27.98206949,36.63861675,41.23856764,39.08688454,38.63625897,40.06541765,38.9301544,41.0367896,43.78098937,83.02860046,62.90843411,52.43609964,50.34083747,51.77398472,51.42800063,47.07081864,44.49683157,47.05297632,48.4699868,45.50365014,33.83013921,28.99495889,26.03194965,23.10330628,24.55979547,27.26961338,27.18644863,25.72141634,24.96002037,24.6827223,25.95728246,29.680986,30.81562493,35.53970788,36.02353939,31.89290817,42.08842761,38.03766775,24.15587066,21.33271626,26.5423059,31.06648037,28.86635161,28.06924301,28.88472567,28.5101812,30.06705308,39.99771034,43.70129655,44.27636575,45.64517538,45.33736929,40.75954013,35.42897161,28.23563441,26.35551178,25.00282515,24.02264198,22.72827736,23.68793185,25.8624986,29.89939787,35.98023147,38.67356711,34.98559942,33.10213198,33.00437887,30.76811551,33.31530154,30.19817959,27.82797426,26.91033136,25.7610549,29.28932686,28.9421757,24.95369554,22.22399948,15.24764326,23.0802463,26.71945338,42.71913416,40.32528252,28.01026908,25.98015169,25.41359236,27.43290069,27.08347463,28.09560891,27.50133915,26.8981305,24.84626813,20.60332823,23.04963328,25.01549231,25.02160474,24.63849161,22.26384565,23.31684222,24.77776612,25.58117326,23.22297721,21.29593568,21.69970635,20.55419135,20.10972759,16.61672643,16.89201737,16.16535073,15.32581679,13.82993019,12.25032184,12.17750402,11.08724141,10.67401032,10.69502063,11.29131208,10.49383346,10.84633244,11.41509448,12.3724527,15.96717833,19.20304879,21.3903596,22.93300048,24.66485334,23.38243516,20.56251846,19.68044576,18.73171563,20.68672018,23.62631003,31.37514576,31.37542819,19.61841478,20.41690419,20.54221456,16.98504324,16.81488597,15.95289438,18.48411648,18.64222257,17.83889438,22.38187638,25.39925158,28.58199688
2016-02-29 00:00:00-10:00,84.41194575,84.72432994,90.10508495,97.66506383,94.07896667,88.94727156,85.11184783,81.18773089,80.79886002,78.60428594,72.88820308,68.3556525,70.88753686,76.00883164,84.58424749,93.35679892,98.22135728,92.89906462,78.23856304,76.96498162,65.1114172,58.25519015,54.32808363,48.77272426,46.87000912,46.47945508,47.17341526,47.32661921,46.74673772,46.84002414,52.11433901,56.8822355,61.99438395,64.5999729,73.89086944,102.9448411,71.98052904,61.29615037,59.29550872,59.50615051,62.72006449,64.76793386,64.44937202,64.30512163,65.43958674,75.05173976,80.30250297,85.76239681,87.63362653,84.94210151,84.16507711,81.77509622,80.50446781,82.71163963,75.17786529,68.17460652,61.00791382,65.379009,63.31406541,57.45794159,51.99922831,49.52081944,49.57277293,47.07509026,43.30355895,44.41270939,40.6827187,39.59609552,37.22532783,39.21391164,37.76607809,38.83340709,40.43690152,38.11360067,34.85395868,37.52589759,38.53796615,38.76246212,38.8915812,38.8625582,37.36328274,41.7967757,43.893086,45.60342158,54.91434831,58.56452304,59.81516656,55.5029916,55.14284879,51.15645188,48.59070342,48.44938043,48.51685385,50.16494338,50.84042647,51.10349845,55.26480672,48.90015783,41.32910077,34.52342633,30.85822565,27.81110081,36.46791841,41.09446935,38.88116533,38.42702798,39.82130452,38.72538502,40.79394237,43.57127678,82.8381893,62.75265568,52.30516344,50.26318585,51.68789154,51.31486459,47.0323907,44.47779568,47.00892658,48.46412282,45.46141651,33.74422417,28.86755062,25.79877021,22.93282417,24.30849043,27.0688084,27.02787561,25.59181689,24.82315547,24.54331311,25.8316463,29.65917031,30.71606399,35.49500142,35.99383651,31.77525436,41.84820119,37.94611434,24.03428348,21.16878558,26.32562549,30.94787523,28.67567911,27.96973151,28.76927678,28.25472503,29.98712051,39.80575207,43.50428322,43.94746413,45.31662549,45.02999108,40.54425426,35.23429723,28.04086155,26.20252769,24.90380434,23.94239393,22.61141276,23.60766509,25.78828083,29.79217448,35.92982824,38.52315816,34.84825094,32.98438566,32.9075408,30.70361601,33.23066834,30.12831648,27.8145133,26.92117054,25.85147892,29.26518645,28.95028094,25.00452571,22.23296259,15.19005983,23.05683141,26.70549971,42.64971856,40.09905464,27.82932979,25.8855833,25.33699088,27.32243944,26.97333366,27.93658306,27.34989848,26.77139106,24.74048931,20.52799442,23.03867605,25.000435,24.99947038,24.65121636,22.29702074,23.32228905,24.75051615,25.49348493,23.14276548,21.21933252,21.60122743,20.51615089,20.05521437,16.56569433,16.82924903,16.10370006,15.27323853,13.80579134,12.2515999,12.15026392,11.0791318,10.6426526,10.67262645,11.27715269,10.47523648,10.81153777,11.3945519,12.370744,15.90718529,19.0515865,21.1591699,22.67928672,24.44715334,23.21504086,20.43032542,19.56645154,18.53338113,20.39958322,23.33079619,31.09943203,31.17414374,19.52814515,20.44931193,20.4459972,16.90502934,16.70523816,15.86090229,18.5090698,18.68097495,17.80114126,22.32695373,25.30867859,28.42935689
2016-03-31 00:00:00-10:00,84.56936618,84.85475062,90.25932843,98.00614778,94.45966082,89.35751043,85.48154498,81.55314805,81.1266066,78.93271959,73.20869222,68.6867713,71.11765078,76.23497058,84.80638389,93.55655306,98.38928533,93.09958805,78.42481088,77.11850457,65.27300726,58.43372431,54.48809265,48.8957713,46.99992041,46.5507731,47.25886106,47.44225699,46.91107195,47.01631349,52.30716312,57.04563222,62.12983179,64.64951982,74.05170148,103.1069359,72.15049469,61.44832663,59.36561175,59.53790789,62.71859631,64.79421467,64.49784988,64.32142431,65.44213071,75.01685282,80.20466247,85.56297941,87.55071651,85.04517041,84.2184471,81.82148766,80.33800405,82.53041975,74.77848473,68.21091706,60.97177901,65.18829078,62.94165673,57.14287683,51.59542722,49.09825674,49.09286486,46.51464172,42.79777684,43.87656579,40.16509832,39.03143765,36.86414615,38.65725214,37.24151365,38.32447955,40.02017831,37.70303914,34.54269282,37.13766606,38.2204689,38.49966243,38.60790191,38.50727558,37.12221746,41.42222495,43.63958473,45.19745002,54.78631081,58.44291778,59.99656557,55.54579593,55.16198489,51.15738695,48.57449684,48.43206625,48.51382915,50.13952465,50.74904649,51.02353898,55.12029613,48.64115805,41.06097839,34.3235618,30.63651154,27.64305433,36.29373542,40.94097119,38.66209758,38.2031202,39.56126658,38.51003823,40.54707126,43.36456118,82.64925778,62.59257898,52.17811556,50.19164788,51.62758762,51.22331966,47.02243281,44.48259598,46.98122458,48.47341133,45.44320436,33.68941095,28.76319356,25.57504403,22.74663258,24.06178189,26.8730839,26.87598368,25.47826718,24.69737498,24.41878589,25.71789217,29.63701981,30.62442812,35.44154997,35.95737615,31.7195209,41.63020108,37.85875858,23.91122863,21.01743786,26.12989198,30.84192021,28.49968865,27.86343969,28.64073013,28.0105046,29.90235835,39.617937,43.30575439,43.64938525,45.00512679,44.7304464,40.33372778,35.03885039,27.85098297,26.05096006,24.80442496,23.86399246,22.50122091,23.53158177,25.71740384,29.69080369,35.89892122,38.39661891,34.73046248,32.88562229,32.82058374,30.64569681,33.15271079,30.06752464,27.80724442,26.93452325,25.94001765,29.24124135,28.9573693,25.06866392,22.25405609,15.14904675,23.04806348,26.70825676,42.58733816,39.88766567,27.65965037,25.80258354,25.26196343,27.21157981,26.8535667,27.78474105,27.21657348,26.66081078,24.64975338,20.46088524,23.03173814,24.99571626,24.99006534,24.67876065,22.35665133,23.34769041,24.73350671,25.40593651,23.05681901,21.13706674,21.49511439,20.47345476,19.99760056,16.51373619,16.7592598,16.03731223,15.21469859,13.77011327,12.24304371,12.11764718,11.06859354,10.60276651,10.6385442,11.25599463,10.44469309,10.75501913,11.35834124,12.35955532,15.85142152,18.91720781,20.95499723,22.45227167,24.2589837,23.06598371,20.31461791,19.46827814,18.36224864,20.14446138,23.07048415,30.8539102,31.01930804,19.46270574,20.49203572,20.36303017,16.83393442,16.59825825,15.78152477,18.53148211,18.71487452,17.76532275,22.27138029,25.22020294,28.29430279
2016-04-30 00:00:00-10:00,84.81257336,85.039538,90.4793355,98.3954654,94.87948338,89.80588111,85.88592005,81.94845074,81.4738603,79.2834323,73.5488904,69.03683189,71.35777558,76.48113755,85.04410497,93.77676108,98.57974708,93.32739533,78.64376849,77.29538948,65.45142934,58.63156224,54.6610271,49.03565912,47.15832737,46.65165434,47.37798701,47.58724468,47.10990278,47.22730365,52.5325486,57.24045881,62.3071423,64.7455549,74.24773361,103.3058841,72.34858948,61.62076751,59.46116222,59.59983378,62.73555067,64.84368058,64.56741822,64.35730255,65.46739138,74.99851519,80.12183461,85.38479909,87.50787327,85.18540398,84.30318892,81.87026822,80.2135383,82.36917983,74.37035688,68.23315383,60.93443262,64.98497558,62.58862468,56.86110918,51.22547701,48.71127636,48.63083789,45.97827815,42.28695123,43.33868377,39.64204742,38.46771318,36.5189987,38.09400262,36.70995071,37.81309405,39.60529423,37.29174753,34.2363431,36.75013786,37.90210982,38.22528608,38.31540273,38.16377505,36.89107315,41.05595105,43.40423112,44.83915708,54.65481226,58.33027917,60.18624101,55.59723651,55.17253037,51.14672218,48.54358541,48.40502319,48.49299718,50.09336968,50.63143827,50.9094325,54.9553014,48.36199288,40.77730963,34.11394977,30.41220487,27.48004991,36.12052284,40.78306988,38.4358423,37.97065497,39.29373593,38.29095716,40.301166,43.16534621,82.46611549,62.43124587,52.05894199,50.12946157,51.59329396,51.15400474,47.04181766,44.50906318,46.97093298,48.49936379,45.45011355,33.66650682,28.68300132,25.36266489,22.54576907,23.82190568,26.68345863,26.73090341,25.38024447,24.58324399,24.30872655,25.61679195,29.61371299,30.54326351,35.37874145,35.91630494,31.71605328,41.43380824,37.77589047,23.78617412,20.87743167,25.95369783,30.74947187,28.33851286,27.75213881,28.50167372,27.78357267,29.81742729,39.44020869,43.11325143,43.38049972,44.71363927,44.44384886,40.13214979,34.84621556,27.66993442,25.90512842,24.70808837,23.79134252,22.40263243,23.46377078,25.65479895,29.60239898,35.89450077,38.29895868,34.6387745,32.81223017,32.75009247,30.60052923,33.08750011,30.01984662,27.80833882,26.95178023,26.02400487,29.21621297,28.9639512,25.14564403,22.28750014,15.12614913,23.05594706,26.72909246,42.53430007,39.69349349,27.50201826,25.73368491,25.19090556,27.1009204,26.72543555,27.64173639,27.10008261,26.56254465,24.56917054,20.39689852,23.02321868,24.99695977,24.99139414,24.71898714,22.43899397,23.39155875,24.7269398,25.31950928,22.96612454,21.04984637,21.38214748,20.42723795,19.93769354,16.46141392,16.68108776,15.96474709,15.14886781,13.72090493,12.22212641,12.07831671,11.05433109,10.5535757,10.59221975,11.22547977,10.40004713,10.6759311,11.30706008,12.33770948,15.79720203,18.79668177,20.77267424,22.24542321,24.09501747,22.93075031,20.2113767,19.38038502,18.21320699,19.91631151,22.84007809,30.63505256,30.90346467,19.41812865,20.54085348,20.29060178,16.7695933,16.49346335,15.71502063,18.54684645,18.7400342,17.72894757,22.21521989,25.13356191,28.17749848
2016-05-31 00:00:00-10:00,85.12752925,85.2703747,90.75490328,98.82666112,95.33370498,90.28861313,86.32413179,82.37302294,81.84337992,79.66070772,73.9146291,69.40556938,71.6085962,76.74358618,85.29522999,94.01559799,98.79081995,93.5813552,78.89631421,77.49467258,65.6452983,58.84875541,54.84838418,49.19383554,47.34624069,46.78358889,47.53340951,47.76516034,47.3468173,47.47618187,52.79295688,57.47177001,62.52649455,64.88829604,74.47864425,103.5442816,72.57466921,61.81191455,59.58061308,59.69139133,62.7696496,64.91195164,64.65420325,64.4096946,65.51399462,74.99619381,80.04723898,85.21796638,87.48969394,85.3414557,84.40234785,81.91192741,80.12317906,82.22530926,73.9656408,68.26102722,60.92062217,64.78490143,62.2665377,56.61964008,50.89761914,48.36706077,48.1950152,45.47208671,41.78899234,42.81749127,39.13279829,37.92538876,36.20504722,37.54347551,36.18794015,37.30986916,39.20062937,36.87991742,33.93261149,36.36155551,37.57655288,37.93470781,38.00790756,37.82297968,36.66048205,40.69427308,43.18299544,44.52054112,54.5088031,58.20942661,60.36493307,55.65566018,55.17417063,51.12522981,48.50328425,48.36065716,48.44824905,50.02003793,50.48220577,50.75816429,54.77487904,48.07435623,40.48873599,33.9001377,30.18619731,27.32419775,35.95080233,40.62384124,38.20879011,37.73623893,39.02668509,38.07398202,40.06098742,42.97716455,82.29263279,62.27201451,51.95179452,50.08087994,51.58509349,51.10794014,47.08955843,44.55641336,46.97946116,48.54306207,45.48160556,33.67453397,28.62651297,25.16304521,22.3350009,23.59262601,26.50161744,26.59320159,25.29661232,24.48123935,24.21217096,25.52856924,29.58901584,30.47488068,35.30640892,35.87374256,31.75719787,41.25717306,37.69606682,23.65875407,20.74664085,25.79320762,30.67177117,28.19138645,27.63980603,28.35658097,27.57704563,29.73824473,39.27931909,42.93344395,43.14033701,44.44461556,44.17511258,39.94486782,34.66125479,27.50223961,25.76983011,24.61937258,23.7287821,22.32068765,23.40879604,25.60577585,29.53220161,35.92004208,38.23625001,34.57772587,32.76961353,32.70232734,30.57334428,33.04053422,29.98862854,27.82022371,26.97535838,26.10199214,29.19025177,28.97177281,25.23495887,22.33380398,15.1223089,23.08219792,26.76861479,42.49261122,39.51847009,27.35633026,25.68070902,25.12534365,26.99098835,26.59136252,27.50837576,26.99882259,26.47275152,24.49441728,20.33211824,23.00864996,25.00023763,25.00139384,24.76863801,22.5392078,23.45132733,24.73057403,25.23480725,22.87191755,20.95852774,21.2637002,20.37862162,19.87609991,16.40978005,16.59443224,15.88569869,15.07578124,13.65820269,12.18825002,12.03337647,11.03714367,10.4972864,10.53597624,11.18550836,10.34260218,10.57700566,11.24450788,12.30765302,15.74401725,18.68808438,20.60782661,22.05376641,23.95152877,22.80756132,20.11892064,19.29983031,18.08245275,19.71104414,22.63520301,30.43894393,30.81980578,19.39311297,20.59534883,20.22861963,16.71155385,16.39153537,15.66287038,18.55448265,18.7549337,17.69116631,22.15956426,25.04997138,28.07903245
2016-06-30 00:00:00-10:00,85.50279835,85.53490815,91.0721493,99.28989064,95.81722695,90.80078755,86.79337941,82.82584713,82.23722259,80.0675807,74.30915317,69.79367009,71.87364115,77.01859675,85.55756957,94.26833977,99.01669082,93.85603483,79.17791561,77.71095456,65.84912343,59.0821837,55.04872886,49.36968402,47.56184461,46.94477565,47.72306014,47.97529164,47.6199513,47.76098351,53.08573702,57.74077895,62.78407184,65.07494102,74.74031609,103.8198792,72.82212494,62.01521138,59.71766125,59.80723012,62.81580484,64.99305305,64.75292922,64.47429648,65.57675552,75.00408055,79.97197289,85.04946923,87.47737363,85.49375182,84.49938484,81.93557408,80.06035148,82.09591156,73.57356776,68.30964124,60.9513371,64.60231734,61.9822396,56.42118818,50.61538496,48.06149003,47.78581995,44.99688719,41.31541735,42.32453984,38.65182975,37.42042186,35.93256041,37.02249303,35.69096711,36.82610353,38.81514515,36.47057268,33.63105916,35.9716476,37.240605,37.62560711,37.68084923,37.47582709,36.4192816,40.33140954,42.96987332,44.23007893,54.3374182,58.06451957,60.51532059,55.72014282,55.16473837,51.091565,48.45650277,48.291006,48.373994,49.91533956,50.29709041,50.56580765,54.58195664,47.78770118,40.20339846,33.68658224,29.95741174,27.17717271,35.78714627,40.46694757,37.98943168,37.50591836,38.76811116,37.86541926,39.83224268,42.80340975,82.13191662,62.11693413,51.85875828,50.04736331,51.60143946,51.08465133,47.16243931,44.62234355,47.00448763,48.6014424,45.53477535,33.71163494,28.59243546,24.97681096,22.12079362,23.3766066,26.32851195,26.46224361,25.22533159,24.39141992,24.12668258,25.45178271,29.56197078,30.42013595,35.22469485,35.83301586,31.8377913,41.09729888,37.61720666,23.52843677,20.62268745,25.64439204,30.60792425,28.05684215,27.53015376,28.20925107,27.39142619,29.67036447,39.14198576,42.76958152,42.9287903,44.20006068,43.92808072,39.77605466,34.48893566,27.35231052,25.64925503,24.54269123,23.6790416,22.25772365,23.36946062,25.57364908,29.48307555,35.97618014,38.21144862,34.54909329,32.76047654,32.67996355,30.56604528,33.01399698,29.97472977,27.84391415,27.00667218,26.17357493,29.16389628,28.98236336,25.33573845,22.39401596,15.13835195,23.12854896,26.82762595,42.46456547,39.36179886,27.21912967,25.64278515,25.06420596,26.88115035,26.45408079,27.38351864,26.90992832,26.38837842,24.42264124,20.26517877,22.98663931,25.00339067,25.01741987,24.82552024,22.65347013,23.5242937,24.74310012,25.15029491,22.7740624,20.86286225,21.13982353,20.32693493,19.81212971,16.35896983,16.49893431,15.80064045,14.99611202,13.58397837,12.1422243,11.98511284,11.01886709,10.43819914,10.47382499,11.13775841,10.27592177,10.46288148,11.17594971,12.27390677,15.69308941,18.58957733,20.45665905,21.87305222,23.82585442,22.69603687,20.03688848,19.22532959,17.96645295,19.52393271,22.45095889,30.26039927,30.76278051,19.38484453,20.65769388,20.17920369,16.66101248,16.29341888,15.62644793,18.55646992,18.75959358,17.6513672,22.10477163,24.9693455,27.99645176
2016-07-31 00:00:00-10:00,85.92742588,85.81825922,91.41355685,99.77189935,96.32228205,91.33449192,87.2869529,83.30304497,82.65401535,80.50316843,74.73349164,70.20607438,72.15592906,77.30361393,85.82914454,94.52866967,99.24928571,94.14354684,79.48047437,77.93648982,66.05524697,59.32653047,55.25786563,49.55945711,47.79939086,47.12868211,47.93917318,48.2108857,47.92056204,48.07330724,53.4013068,58.0417129,63.07216067,65.30037742,75.02777876,104.1261429,73.08030419,62.22138136,59.86342905,59.9392439,62.86734112,65.08063427,64.85889716,64.54703529,65.64985067,75.01519707,79.88850182,84.86768036,87.45372637,85.62088458,84.575112,81.93162643,80.01816785,81.977568,73.20282685,68.38406799,61.03795388,64.444642,61.74006713,56.26385568,50.37794863,47.78531314,47.40043727,44.55179635,40.87297588,41.86612747,38.20897116,36.96378342,35.70605585,36.54331385,35.23088272,36.37066793,38.45517388,36.063343,33.32747448,35.57686545,36.88923407,37.29382456,37.32916976,37.11524221,36.15919608,39.96208273,42.75813023,43.95504376,54.13174733,57.88588246,60.62552582,55.78800946,55.14065122,51.04218984,48.40273631,48.1916229,48.26642549,49.77673034,50.07432796,50.33171881,54.37709872,47.50857825,39.92646901,33.47619752,29.72438251,27.04053841,35.63221552,40.31752145,37.78858228,37.28381349,38.52438272,37.67023883,39.62070928,42.64783898,81.98704679,61.96734666,51.77990366,50.02690555,51.63751048,51.08074169,47.25465108,44.70216912,47.04102244,48.66982137,45.60552348,33.77464995,28.57831894,24.8038607,21.90990779,23.17415543,26.16217026,26.33553511,25.16288161,24.31333912,24.04913231,25.38433927,29.53135889,30.37728899,35.13434062,35.79706982,31.95362849,40.9499503,37.53981649,23.39602033,20.5035038,25.50391755,30.55478445,27.93257,27.42562553,28.06245322,27.22629848,29.61765748,39.03423701,42.62241095,42.74820922,43.98340148,43.70704813,39.6305408,34.33253033,27.22392199,25.54758668,24.4821785,23.6440337,22.21494633,23.34806026,25.56070885,29.45679504,36.06313963,38.2251989,34.5532334,32.78586103,32.68437623,30.58033246,33.00800071,29.97826051,27.88081201,27.04679819,26.24080011,29.13865142,28.99665633,25.44780166,22.47011593,15.17560076,23.19661546,26.90610229,42.45162242,39.22121241,27.08739395,25.61777585,25.00621457,26.77179959,26.31842144,27.26713839,26.83099952,26.30789032,24.35312785,20.19759289,22.9592471,25.00702519,25.03797423,24.88974375,22.7803493,23.60883127,24.76399592,25.06534658,22.67305292,20.76377118,21.01064089,20.27235789,19.74564567,16.30941478,16.39531001,15.71127425,14.91154452,13.50146885,12.0855053,11.93597558,11.00139303,10.38176742,10.41026587,11.08490242,10.20405575,10.33885988,11.10697455,12.24195342,15.64778173,18.50216947,20.31790205,21.70125992,23.71627529,22.59674901,19.96552601,19.15712273,17.86323223,19.35170971,22.28380213,30.09665565,30.72986686,19.39214696,20.73105971,20.14557997,16.61999095,16.20102346,15.6069425,18.55652203,18.75497902,17.60930069,22.0502319,24.89128914,27.92544944
2016-08-31 00:00:00-10:00,86.39094831,86.1090422,91.76393292,100.2610263,96.84075002,91.8812002,87.79662842,83.7995971,83.09081427,80.96508701,75.18767245,70.64681994,72.45475529,77.59621366,86.10634643,94.79082746,99.48110538,94.43674166,79.7956463,78.16383,66.25712579,59.57675395,55.47133644,49.75835033,48.05140824,47.32713772,48.17198371,48.46245084,48.23671086,48.40172778,53.72821794,58.3661588,63.38201178,65.55945071,75.33607028,104.4552483,73.33908849,62.42197938,60.00999331,60.08046241,62.91937763,65.17048025,64.96860363,64.62470595,65.72841194,75.02417245,79.79275526,84.66652095,87.40771965,85.70557594,84.61387867,81.89617122,79.99001147,81.86693344,72.86239688,68.47831055,61.18099242,64.3106651,61.54149639,56.14217006,50.18132517,47.53098437,47.03707772,44.13786235,40.46631356,41.44587339,37.81058046,36.56181231,35.52437538,36.11266733,34.81410955,35.94854987,38.1229597,35.65624038,33.0157466,35.17322792,36.51795194,36.93593928,36.95069699,36.73836934,35.87883304,39.584158,42.54333011,43.68574984,53.89027968,57.67364345,60.69180122,55.85705793,55.10051858,50.97482011,48.34188771,48.06322688,48.12521095,49.60580293,49.81634215,50.06058189,54.16098738,47.24054347,39.66091975,33.27096764,29.48801983,26.91492095,35.48863248,40.1797129,37.61435582,37.07297562,38.30019638,37.4917154,39.43142022,42.51486572,81.86218308,61.82589121,51.71548339,50.0175389,51.68829415,51.092484,47.36022045,44.79104909,47.08418123,48.74480709,45.6905145,33.86021197,28.58150314,24.64414305,21.70869303,22.98472405,26.00072948,26.21199321,25.10705067,24.24607002,23.97662533,25.32378867,29.49603218,30.34276989,35.03724845,35.76829997,32.09954528,40.81036637,37.46763382,23.26455244,20.38759592,25.36999758,30.5093559,27.81695034,27.32841235,27.91850363,27.08035379,29.58226892,38.96130308,42.49314679,42.60472206,43.80064067,43.51831436,39.51454734,34.1945908,27.12109543,25.46951597,24.44220771,23.62639886,22.19550819,23.34725301,25.56857711,29.45363682,36.17852761,38.27651597,34.58974783,32.84488516,32.71494997,30.61591985,33.02091845,29.99827413,27.93106032,27.09592935,26.30877505,29.11780411,29.01578134,25.57119715,22.56339208,15.23490818,23.28717952,27.00423143,42.4548736,39.09521371,26.96058393,25.60278701,24.95140599,26.66552922,26.1906972,27.16081225,26.76080049,26.23175439,24.28808922,20.13431267,22.9324335,25.01455587,25.06296651,24.96141394,22.91846219,23.70395609,24.79267617,24.98084872,22.56900282,20.66221374,20.87838574,20.21618125,19.6785461,16.26335141,16.2869262,15.62171055,14.82630167,13.41469696,12.02118265,11.88940413,10.98754559,10.33385933,10.34993398,11.03033975,10.13139796,10.21108869,11.04386285,12.21867516,15.6140326,18.43110083,20.1948189,21.54079728,23.62243258,22.51210376,19.90653167,19.09772041,17.77344313,19.19212994,22.13174175,29.94802195,30.72125134,19.41672666,20.82035658,20.13078012,16.59076652,16.11764526,15.60564074,18.55971202,18.74321637,17.56639532,21.99588559,24.81587211,27.86110003
2016-09-30 00:00:00-10:00,86.88630993,86.40222494,92.1145396,100.7488323,97.36603482,92.43383971,88.31501808,84.31027557,83.54473439,81.45104611,75.67049278,71.11446231,72.76706714,77.89244281,86.38643716,95.0519841,99.70815043,94.73068159,80.11614613,78.38704345,66.45088884,59.82947394,55.68605698,49.96165142,48.3098221,47.53180931,48.41252759,48.72066687,48.55601503,48.73410258,54.05514508,58.70467488,63.70485984,65.84759873,75.66078912,104.7992273,73.59011898,62.61007382,60.15077994,60.22568232,62.96802181,65.25930167,65.07864008,64.70456056,65.80883053,75.0278914,79.6850999,84.44605759,87.33569676,85.74411474,84.6128036,81.83050405,79.97152783,81.76157441,72.56138074,68.58017391,61.37547428,64.19375149,61.38530948,56.04998348,50.02110354,47.29416624,46.69528191,43.75864553,40.09897044,41.06543303,37.45969092,36.21648965,35.38197666,35.73205688,34.44176073,35.56126039,37.8170566,35.24947196,32.69262749,34.76128955,36.1261482,36.55240283,36.54971073,36.34744535,35.58430016,39.20017799,42.32541362,43.41890063,53.62105416,57.43889095,60.7212176,55.92819239,55.04638992,50.89106827,48.27664019,47.9140757,47.95712998,49.41168791,49.53209899,49.76156305,53.93468447,46.98368143,39.40683223,33.07142885,29.25157253,26.80106436,35.3555887,40.05229309,37.46750539,36.87480768,38.09765695,37.33000012,39.26588868,42.4052976,81.76035014,61.6949992,51.6654127,50.01757598,51.74964782,51.11635261,47.47383311,44.88497888,47.13007188,48.824315,45.78722889,33.96613134,28.60088494,24.49961251,21.52306494,22.80976559,25.84514688,26.09385305,25.05823768,24.18907027,23.90768087,25.26801069,29.45516024,30.31295906,34.93661266,35.75049135,32.27070418,40.67795062,37.40598973,23.14128199,20.27690957,25.24531773,30.4721155,27.71139232,27.24131671,27.78091395,26.95352287,29.56563374,38.92604316,42.38598832,42.50795768,43.65976991,43.36954885,39.4342487,34.07743121,27.04822224,25.41974097,24.42739363,23.62941527,22.20333451,23.37071051,25.59944957,29.47425571,36.31993319,38.36322235,34.65744582,32.93471584,32.76985281,30.67153209,33.05018993,30.03313425,27.99313654,27.1539026,26.38348129,29.10553512,29.04181734,25.70703312,22.67466326,15.31683519,23.40078658,27.12237328,42.47469311,38.98403807,26.84129331,25.5967891,24.90291767,26.56680289,26.07690821,27.06840629,26.70112772,26.16404778,24.23322764,20.08362392,22.91504687,25.03231459,25.09539806,25.04075845,23.06649678,23.80941682,24.82874694,24.90039686,22.46470687,20.56163598,20.74833973,20.1623195,19.61533237,16.22491821,16.1801389,15.53832196,14.74628443,13.32978968,11.9549107,11.85011494,10.98132547,10.29971961,10.29677478,10.97732648,10.06197889,10.08596288,10.99284375,12.2116048,15.59932299,18.38521165,20.0952415,21.3989676,23.54671642,22.44637595,19.86439464,19.05249857,17.70115275,19.04675621,21.99751547,29.8180565,30.73945607,19.46220501,20.93154565,20.13678409,16.57490874,16.04703279,15.62345062,18.57172521,18.72748539,17.52562896,21.94318595,24.74437418,27.80080579
2016-10-31 00:00:00-10:00,87.41152013,86.70074538,92.46554637,101.2315787,97.8955448,92.98951135,88.83887081,84.83160306,84.01428105,81.96008694,76.18059378,71.60552842,73.09169972,78.18934737,86.66872865,95.31175858,99.92979614,95.0230044,80.43627837,78.60160669,66.63413507,60.08158426,55.89897716,50.16415321,48.5662911,47.7348915,48.65225042,48.97666732,48.8674352,49.05987812,54.3725153,59.0487399,64.03316912,66.16073071,75.99943632,105.1527043,73.82940197,62.78261641,60.2829489,60.37179849,63.00989523,65.3441423,65.18546599,64.78379829,65.88819075,75.02502127,79.56970655,84.21173766,87.24074359,85.75003729,84.58386301,81.73786728,79.96051546,81.65981331,72.30783264,68.6761401,61.61325192,64.0847278,61.26622914,55.9793276,49.89085327,47.06937331,46.37355454,43.4186894,39.7733519,40.72360684,37.15558415,35.92519354,35.26978118,35.39768238,34.10971087,35.20515063,37.53133249,34.84677569,32.36009736,34.34631856,35.71849086,36.14865067,36.13770053,35.95064658,35.28609194,38.81514348,42.10694487,43.16108174,53.3405436,57.20131901,60.73335417,56.00644567,54.9838529,50.79669443,48.2131121,47.76143471,47.77951612,49.21292611,49.2394106,49.45009487,53.70015992,46.73499323,39.16163475,32.87619121,29.01812956,26.69836129,35.232228,39.93259434,37.34315857,36.68690604,37.91397398,37.17958058,39.12011167,42.3159286,81.6799534,61.57420972,51.62775969,50.02489746,51.81794106,51.14916652,47.59119063,44.98079871,47.17623556,48.90737181,45.89376247,34.09098276,28.63644346,24.37344397,21.35774725,22.65224259,25.69850328,25.98470456,25.01753453,24.14265023,23.84285408,25.21557071,29.40799825,30.28418911,34.8355125,35.74596939,32.46250684,40.55558001,37.35750506,23.03360081,20.17562044,25.13599908,30.44684481,27.62012671,27.16827571,27.65471865,26.84689114,29.56796993,38.92654753,42.30670091,42.46741577,43.56777403,43.26727066,39.39369028,33.98311026,27.00943005,25.40192417,24.44195405,23.65628091,22.24110182,23.4216519,25.65505197,29.51942905,36.48575822,38.48158805,34.75401185,33.05116669,32.8464553,30.74597092,33.09294775,30.08112067,28.06466554,27.2208085,26.46838232,29.10524841,29.07747063,25.85668769,22.80410371,15.4213475,23.53774749,27.26013262,42.50926034,38.88872564,26.73399665,25.60133202,24.8649448,26.47888997,25.98009294,26.99281152,26.65459874,26.10966288,24.19475718,20.05359051,22.91556365,25.06765737,25.14097291,25.13074553,23.22491745,23.92676774,24.87364031,24.83019022,22.36505898,20.46733617,20.62698847,20.11544039,19.56093128,16.1978296,16.08116149,15.46695115,14.67690591,13.2528783,11.89249477,11.82190996,10.98542317,10.28199029,10.25184935,10.92732976,9.997587275,9.96778787,10.9572791,12.22571212,15.60949958,18.37306238,20.02897026,21.28654297,23.49349585,22.40487601,19.84505805,19.02760305,17.65317262,18.9222707,21.88883981,29.71352723,30.78804465,19.53400115,21.06909094,20.16255364,16.5726831,15.9916555,15.65935598,18.59676289,18.71077052,17.49062361,21.89478399,24.68011668,27.74577885
2016-11-30 00:00:00-10:00,87.97051418,87.01681193,92.82782262,101.7120789,98.43200099,93.55032938,89.36974621,85.36416272,84.50116788,82.49419722,76.71848456,72.11931216,73.43103377,78.48677182,86.95447455,95.57277244,100.1503761,95.31553385,80.75438741,78.80633694,66.80764746,60.33232267,56.10862206,50.36229127,48.8139808,47.93107196,48.88505455,49.22416049,49.16363298,49.37235634,54.67458357,59.39237872,64.36144831,66.49596557,76.35168442,105.5143521,74.05913811,62.94261847,60.40912101,60.51938219,63.04385121,65.42425763,65.28733546,64.86199648,65.9662934,75.017406,79.45377025,83.97456309,87.13337071,85.74280781,84.54149609,81.62629666,79.95828947,81.55979589,72.1059796,68.75371315,61.88446693,63.97245198,61.17515315,55.9203225,49.78287633,46.85097512,46.07279709,43.12766412,39.49223246,40.4156401,36.8927969,35.68062331,35.17610165,35.1025863,33.81191739,34.87460234,37.25907561,34.45487493,32.02506401,33.93726208,35.30446071,35.73564592,35.73308565,35.56160624,34.99817202,38.43765399,41.894684,42.92778314,53.07221605,56.98521195,60.75444682,56.10136209,54.92349931,50.70299041,48.1625625,47.62459846,47.61279107,49.03064459,48.95768117,49.14114777,53.46057753,46.49010048,38.91993214,32.68121691,28.78985459,26.60644927,35.11517437,39.81542436,37.23164343,36.50259626,37.74134348,37.0304533,38.98606107,42.24223513,81.61755448,61.46378312,51.60170891,50.03926324,51.89224821,51.19076157,47.71203199,45.07994727,47.22526797,48.9973946,46.01116429,34.23489013,28.69019305,24.26946354,21.21801645,22.51574108,25.56562135,25.88898014,24.98738762,24.10829076,23.78421148,25.16573741,29.35380928,30.25422217,34.73692887,35.75340978,32.6707338,40.44719002,37.32585066,22.94784628,20.088956,25.0491248,30.43957742,27.54935131,27.11663928,27.54746528,26.7637985,29.58843482,38.95705145,42.26084224,42.4877624,43.52812826,43.21527619,39.39432601,33.91307206,27.00868007,25.4193053,24.4895738,23.70972975,22.31105143,23.50277687,25.73639424,29.58900182,36.6732514,38.62718488,34.87727061,33.19069426,32.94294695,30.83828646,33.14658707,30.14113577,28.14341785,27.29668054,26.56470979,29.12025663,29.12612612,26.02075374,22.9511426,15.54785512,23.69804932,27.41744941,42.55751087,38.81191679,26.64344186,25.61883125,24.84228496,26.40491247,25.90255187,26.93629266,26.62460202,26.07369936,24.17862888,20.05120268,22.94137068,25.12718252,25.20588716,25.23715682,23.39690385,24.0591973,24.93088574,24.77843691,22.2765519,20.38538898,20.51975205,20.07935345,19.51885929,16.18418833,15.99551156,15.41214087,14.62285894,13.18867204,11.83831976,11.80579409,10.99983118,10.28054339,10.21365163,10.87953213,9.937158714,9.857962627,10.93708667,12.26217145,15.64752977,18.40094113,20.00432468,21.21444858,23.46942467,22.39410916,19.85499185,19.0295887,17.63751551,18.82888138,21.81652197,29.64434174,30.87146037,19.63802847,21.23493486,20.20495754,16.58368398,15.9527451,15.71186043,18.63744403,18.69568878,17.46523581,21.85396447,24.62856518,27.7005033
2016-12-31 00:00:00-10:00,88.57225274,87.37074392,93.22238833,102.2009435,98.98400712,94.12330806,89.91392792,85.91300735,85.00997036,83.05737811,77.28660504,72.65647931,73.78985332,78.78668635,87.24731314,95.8418034,100.3787469,95.61511638,81.07471225,79.0054076,66.97505234,60.58416172,56.31648941,50.5574373,49.05182366,48.12050965,49.10995911,49.46349417,49.44474324,49.67199657,54.96225625,59.7340881,64.68820711,66.85392058,76.71898154,105.8862838,74.28795766,63.1006823,60.5400881,60.67742948,63.07475086,65.50428814,65.38656449,64.94234676,66.04683771,75.01154895,79.34769326,83.74709642,87.02651326,85.74192788,84.49894179,81.50307037,79.96633501,81.4580749,71.95160007,68.80050813,62.17630016,63.84481252,61.09881446,55.8607826,49.6862305,46.63006267,45.78859552,42.88627632,39.25113832,40.13177548,36.66206853,35.47337578,35.08901344,34.84006572,33.54472654,34.5666798,36.99775351,34.0777761,31.69412045,33.54117672,34.89226229,35.32532745,35.3548677,35.19611868,34.73481901,38.08174615,41.69996916,42.73835306,52.83936968,56.81308432,60.80748664,56.22242265,54.8770092,50.62206697,48.13421334,47.52004617,47.4747331,48.88262778,48.70241249,48.84520322,53.21749939,46.24359119,38.67484791,32.47963964,28.56629077,26.52227702,34.99565458,39.69032446,37.11706022,36.3124468,37.56926141,36.87219898,38.85677788,42.18154745,81.5709317,61.36680442,51.58976892,50.06489945,51.97820424,51.24767533,47.84355831,45.19200377,47.28857187,49.105023,46.14564443,34.40095019,28.76694587,24.19379986,21.11083834,22.40594711,25.45313172,25.81231624,24.97199955,24.08878902,23.73573385,25.11936357,29.29322793,30.2233822,34.64309645,35.76954488,32.89231999,40.35884838,37.31617952,22.89121781,20.02461069,24.99336585,30.45721252,27.50523654,27.09545391,27.46747383,26.71051182,29.62653464,39.01061463,42.25053678,42.56684047,43.54009733,43.21296682,39.43423276,33.86837459,27.0472906,25.47246216,24.57158902,23.79109112,22.41428612,23.61544632,25.84449778,29.68398547,36.87958493,38.79740807,35.02680445,33.3520687,33.06009899,30.948905,33.21095587,30.21363866,28.2282553,27.38148034,26.67269973,29.15339849,29.18952115,26.19762211,23.11332236,15.69378339,23.88022342,27.59404634,42.62005679,38.75727995,26.57392772,25.65059317,24.83768938,26.34761095,25.84655146,26.90071473,26.61425575,26.06065993,24.18880552,20.08026547,22.99623908,25.21424556,25.29377063,25.36412075,23.58490715,24.20935061,25.00357899,24.75180071,22.20630035,20.32241475,20.43134239,20.0578555,19.49177834,16.18537329,15.92804073,15.3763226,14.58656247,13.13879597,11.79419284,11.79987556,11.02183372,10.2921492,10.17834906,10.83087352,9.877205973,9.755345228,10.92963063,12.31897201,15.71319256,18.4714217,20.0261412,21.19136927,23.48085721,22.42117159,19.89970261,19.06426231,17.66177876,18.77574516,21.79028618,29.6191002,30.99248289,19.77631182,21.42716565,20.2589566,16.60633338,15.92935807,15.78009518,18.69619345,18.68404639,17.45162559,21.82349046,24.59442112,27.67073788
2017-01-31 00:00:00-10:00,89.22762182,87.78229036,93.67146238,102.710796,99.56051968,94.71586594,90.47664079,86.48213101,85.5424984,83.65055415,77.88424007,73.21537232,74.17171786,79.0903834,87.54964955,96.12399453,100.6219838,95.92781434,81.40240374,79.20468418,67.14117496,60.84047092,56.52389996,50.75267448,49.28282257,48.30580186,49.32752931,49.69713399,49.71263819,49.96042268,55.23721298,60.07138417,65.01233455,67.2343349,77.10174777,106.2712885,74.52835312,63.27233917,60.69202292,60.86111992,63.10803834,65.58964882,65.48556225,65.02814198,66.13387025,75.01641684,79.2629158,83.54109842,86.93434865,85.76343894,84.46695796,81.37408711,79.98636647,81.3490244,71.8317413,68.80734573,62.47832371,63.69286082,61.02272541,55.78980518,49.5887759,46.39427805,45.50986779,42.68353768,39.03732424,39.85699158,36.45026621,35.29037626,34.99600195,34.60087158,33.3023912,34.27673925,36.74454749,33.71411331,31.37053851,33.16007889,34.48697498,34.9271407,35.01681744,34.86764146,34.50742567,37.76039741,41.53170192,42.60936487,52.65861954,56.69917637,60.90452058,56.37447556,54.85104771,50.56169004,48.13127157,47.45596173,47.37495046,48.77837941,48.48247597,48.56711786,52.97089942,45.99097285,38.42095091,32.26496744,28.34576749,26.44040227,34.86274697,39.54470271,36.98090986,36.10574346,37.38543064,36.69379401,38.7239434,42.12980666,81.53590525,61.28509689,51.59310682,50.10643144,52.08201281,51.32705307,47.99376874,45.32754013,47.37801614,49.24105381,46.3024977,34.58939375,28.86865096,24.15074832,21.04179728,22.3286406,25.36729181,25.7602627,24.97602762,24.08770951,23.70230951,25.07814472,29.22867247,30.19332076,34.55540385,35.79309177,33.12542453,40.29490873,37.32953884,22.86779233,19.98828825,24.97436015,30.50346755,27.49045277,27.11063073,27.42002169,26.69063167,29.68023585,39.07851374,42.27125005,42.6943213,43.59542255,43.25289124,39.50659504,33.84763455,27.12231608,25.55765243,24.68483462,23.89812537,22.54772063,23.75683558,25.97637162,29.80127517,37.09811833,38.98575992,35.19900354,33.53161376,33.1960223,31.07585926,33.28436395,30.29697022,28.31594869,27.47282214,26.79038457,29.20423567,29.26518077,26.38127967,23.2842729,15.85256545,24.07847905,27.78590821,42.69560942,38.72624409,26.52641052,25.69492759,24.85030004,26.30658019,25.81186564,26.88542785,26.6240844,26.07175947,24.22530563,20.13967061,23.07839563,25.32654527,25.40243038,25.51057179,23.78634248,24.3760395,25.09190828,24.75238526,22.15919909,20.28289119,20.36378308,20.05394575,19.48056915,16.20057627,15.88092249,15.35917424,14.56758502,13.10205113,11.7596397,11.80077055,11.04730843,10.31208468,10.1420638,10.77867433,9.814367522,9.658575641,10.93119844,12.3917978,15.80280772,18.58104274,20.09304612,21.21955543,23.52927362,22.48855707,19.97931474,19.13369459,17.73127978,18.76605665,21.81279168,29.64041985,31.14882789,19.94530573,21.63917537,20.31751277,16.6377737,15.91865223,15.8611162,18.77283949,18.67638354,17.44945356,21.80482816,24.58028289,27.66077364
2017-02-28 00:00:00-10:00,89.93966485,88.26055067,94.18924774,103.2494265,100.1645617,95.32903101,91.05628721,87.06997423,86.09247318,84.26571162,78.50104645,73.79299577,74.57297424,79.39883407,87.85845598,96.41807307,100.8803079,96.25340888,81.73764595,79.40562237,67.30672624,61.09892559,56.72680085,50.94776272,49.50868787,48.48807525,49.53610714,49.92619662,49.968833,50.23929945,55.50070003,60.39960312,65.33013904,67.63250916,77.49680742,106.6686177,74.78794528,63.46863247,60.87672794,61.08130354,63.14762467,65.68318987,65.58493675,65.12013159,66.2292804,75.0371863,79.20603503,83.36387669,86.86682139,85.81905502,84.45128513,81.24393334,80.02010488,81.22466069,71.72707324,68.7726035,62.78633546,63.51179427,60.93450839,55.70220638,49.4828778,46.13644993,45.22790512,42.50810284,38.83828475,39.57716872,36.24419422,35.11709998,34.88590134,34.37224626,33.07439016,33.99561412,36.49332043,33.35725572,31.05239576,32.78973382,34.08846244,34.54475966,34.72324033,34.58236711,34.32046631,37.48012571,41.39289333,42.5465231,52.53403109,56.64513853,61.04421626,56.55727048,54.84566151,50.5232842,48.15027101,47.42948473,47.31131788,48.71554512,48.29645491,48.30498294,52.71744313,45.72655603,38.15252852,32.03111633,28.12480043,26.35429146,34.71030262,39.3707662,36.80903863,35.87184585,37.17683211,36.48364416,38.57665028,42.0782733,81.50359385,61.21565799,51.60745159,50.16377526,52.20523927,51.43094663,48.16559494,45.49155387,47.49913024,49.40938851,46.48086459,34.79416495,28.99138279,24.13898311,21.01049038,22.28517716,25.31049436,25.73456012,25.00095277,24.10622724,23.68625087,25.04252005,29.1629433,30.1640196,34.47350996,35.82220455,33.36872741,40.25492195,37.36113812,22.87585099,19.9809118,24.99207945,30.57707733,27.50250312,27.16193512,27.40457231,26.70145414,29.74488235,39.1499831,42.31124093,42.85639126,43.68154762,43.32427768,39.60192258,33.84803812,27.22707707,25.66805368,24.8228751,24.02573425,22.70470282,23.92033286,26.12498393,29.93283539,37.31873834,39.18090279,35.38529543,33.72134927,33.34372956,31.21256924,33.36019382,30.38508441,28.39952222,27.56407801,26.91078484,29.26730991,29.34612248,26.56124585,23.45429472,16.01422881,24.28255921,27.98430362,42.77909791,38.71691584,26.49754829,25.74637909,24.87572031,26.27812257,25.79436535,26.88649303,26.65138552,26.10377709,24.2842391,20.22393682,23.18142874,25.45696562,25.52415005,25.67078261,23.99369175,24.55371262,25.19160137,24.77717782,22.13575945,20.26694542,20.31470685,20.06810936,19.48333115,16.2256353,15.85202239,15.35698727,14.56226288,13.0745945,11.73164457,11.80346188,11.07079421,10.33396283,10.10096237,10.71985703,9.745897848,9.565838547,10.93677663,12.47406671,15.90960622,18.72116679,20.19805893,21.29433042,23.61102821,22.59323885,20.08867268,19.23489152,17.84493742,18.79630442,21.87924064,29.70496013,31.33327582,20.1372653,21.86129492,20.37277001,16.67332756,15.91617677,15.94891186,18.86329203,18.67107125,17.45602004,21.79770622,24.58661348,27.67269742
2017-03-31 00:00:00-10:00,90.70178949,88.80485271,94.78144719,103.8206847,100.7948683,95.96035836,91.64983019,87.67443547,86.65227256,84.89278275,79.12439033,74.37844508,74.98611449,79.70614681,88.16793699,96.71935071,101.1497876,96.58768156,82.07636165,79.60744725,67.47191566,61.3566485,56.92156133,51.14273538,49.73039337,48.67034451,49.73696023,50.15445827,50.21872577,50.5140067,55.757008,60.71784363,65.64051132,68.04383111,77.90175736,107.0781672,75.06984977,63.69550609,61.10109476,61.34219908,63.19538551,65.78677911,65.68482156,65.21699151,66.33198431,75.07499998,79.17852962,83.21708458,86.82723423,85.90646863,84.44765492,81.11418707,80.06543495,81.07357453,71.61510842,68.69613382,63.09563358,63.29550761,60.82829825,55.59775885,49.36744056,45.85853215,44.94243236,42.35493534,38.64853033,39.28594087,36.03665163,34.94443811,34.75372619,34.14277423,32.85055408,33.71505106,36.23828731,32.99695396,30.73208134,32.42221202,33.69181796,34.1746834,34.46723611,34.33816689,34.17007422,37.23814126,41.27903518,42.54211522,52.45784945,56.64140751,61.21356365,56.76570173,54.85424731,50.50265227,48.1832195,47.42607693,47.2682229,48.67699531,48.12909956,48.04704135,52.4519515,45.44445233,37.86360231,31.77507269,27.90069475,26.25913815,34.5339775,39.16366173,36.59362661,35.6031987,36.93402081,36.23379483,38.40720636,42.01828395,81.46563378,61.15436347,51.62688069,50.23186954,52.34508168,51.55691715,48.35789644,45.6841436,47.65085547,49.60606305,46.67550214,35.00630648,29.12681392,24.15258306,21.01077263,22.27206152,25.2808935,25.73319101,25.04511217,24.14312757,23.68708977,25.01161802,29.09789288,30.13493507,34.39653648,35.85364912,33.62052129,40.23632484,37.40450868,22.91047734,20.00171334,25.0433748,30.67406645,27.5380782,27.24442244,27.41603369,26.73574223,29.81402116,39.21490947,42.35622894,43.039108,43.78590263,43.41613061,39.71033827,33.86650075,27.35460729,25.79694444,24.97905176,24.16880421,22.87827946,24.09872393,26.28270771,30.06982657,37.53166631,39.37093927,35.57595782,33.91170987,33.49452647,31.35093043,33.42957169,30.46988371,28.47059439,27.64647804,27.02419356,29.3345222,29.42301151,26.72549197,23.61314356,16.16824103,24.48103994,28.17864654,42.86362095,38.72569507,26.4815036,25.79773698,24.90754675,26.25667038,25.78796017,26.89831552,26.69031634,26.15029308,24.35885022,20.32428366,23.29521824,25.59495255,25.64818302,25.83622822,24.19730968,24.73459132,25.29573444,24.81901608,22.13232021,20.27078449,20.27942992,20.09669271,19.49449313,16.25503361,15.83601814,15.36369179,14.56470119,13.05113901,11.70604473,11.80239448,11.08669933,10.35103019,10.05150408,10.65162998,9.670258223,9.475341888,10.94059588,12.55742796,16.02462858,18.88015826,20.33136998,21.40639956,23.71923663,22.72853646,20.21952225,19.36087583,17.99511771,18.8580434,21.980144,29.80556313,31.53586954,20.34244367,22.08138457,20.41593447,16.70614515,15.91559346,16.03472379,18.96048239,18.66515646,17.46746755,21.80015623,24.6124838,27.70675719
2017-04-30 00:00:00-10:00,91.49953264,89.40598271,95.44348865,104.4238802,101.4455391,96.60316367,92.25151068,88.29104465,87.21173627,85.5192754,79.73905866,74.95938484,75.39701725,80.00306682,88.46739739,97.01753051,101.4204295,96.91992503,82.4071975,79.80396678,67.63236338,61.60727618,57.10290696,51.33670273,49.94941226,48.85743133,49.93336706,50.3872199,50.4701313,50.791833,56.01265548,61.02863084,65.94601096,68.46572522,78.31539294,107.5005734,75.37518758,63.95671646,61.37033369,61.64186513,63.25085082,65.9020247,65.78325653,65.31567934,66.43782534,75.12590338,79.17687506,83.09470929,86.80920037,86.00834131,84.44092904,80.97943179,80.11107408,80.88050574,71.47227381,68.57364565,63.39415187,63.03809615,60.69689577,55.47286202,49.24160007,45.56706606,44.65824016,42.22403065,38.46736744,38.98344818,35.82587695,34.76922744,34.60150564,33.905477,32.62363865,33.42996096,35.9759178,32.62460551,30.40062054,32.05005448,33.28997615,33.80807872,34.23786065,34.12580901,34.04499215,37.02412932,41.18079678,42.58207093,52.41590572,56.67336423,61.39231615,56.9936886,54.86767554,50.49221468,48.21814255,47.42714443,47.22447797,48.63883188,47.95909532,47.77864721,52.17068014,45.14151775,37.55017097,31.49639771,27.67016203,26.15049686,34.3279032,38.91914993,36.33223278,35.29642873,36.65237293,35.94200047,38.21219283,41.94219858,81.41419354,61.09444058,51.64137621,50.29915078,52.49239701,51.69556932,48.56235395,45.89791308,47.82365255,49.81888016,46.87674593,35.21544825,29.2642949,24.18320109,21.0341682,22.28371686,25.27364488,25.75100211,25.10391213,24.19384938,23.70281631,24.98430835,29.03475858,30.10554017,34.32282642,35.88441091,33.88068838,40.23261805,37.45011947,22.96437412,20.04804993,25.1219898,30.78826723,27.59268925,27.34906481,27.44580184,26.7837624,29.88132993,39.26641448,42.39682695,43.23089681,43.89755482,43.51830966,39.82285121,33.8997238,27.49806135,25.93779742,25.1475812,24.32322553,23.06258372,24.28518157,26.44148241,30.2022749,37.72682581,39.54273625,35.75912473,34.09126303,33.63778073,31.48088045,33.48194901,30.54213919,28.52115317,27.71154119,27.12071669,29.3970932,29.48589861,26.86336476,23.75237796,16.30602552,24.66380715,28.35893964,42.94341501,38.74828434,26.47207221,25.84362528,24.93936895,26.23666203,25.78690379,26.91534926,26.73426704,26.20407776,24.44099309,20.43062811,23.40865451,25.72983869,25.76385236,25.99651856,24.3868664,24.90977328,25.39539644,24.86747666,22.14076503,20.28647286,20.25071728,20.13318362,19.50664552,16.28325433,15.82571071,15.37255744,14.56840142,13.02638886,11.67863385,11.79263289,11.0904324,10.35762171,9.991202609,10.57203861,9.58730415,9.386333203,10.93706086,12.6329626,16.13794778,19.04528061,20.48026434,21.54249093,23.84339391,22.88416547,20.36094637,19.50125355,18.16977405,18.93978379,22.10428005,29.93332546,31.74702868,20.55086073,22.2881342,20.43856962,16.7292789,15.91095984,16.11089838,19.05730187,18.65662216,17.48100218,21.80889787,24.65422306,27.76038792
2017-05-31 00:00:00-10:00,92.31324781,90.04693329,96.15921993,105.0491962,102.1050468,97.24734347,92.85338298,88.913117,87.76250967,86.13468273,80.3331728,75.52267133,75.79077989,80.28108987,88.74508791,97.30122295,101.68162,97.23888257,82.71892686,79.98892034,67.78376472,61.84534844,57.26698432,51.52889049,50.16662373,49.05230568,50.12747169,50.62688115,50.72778465,51.07572033,56.26986501,61.33164599,66.24812123,68.89407478,78.73160932,107.9293457,75.69666901,64.2473842,61.68128349,61.97208263,63.31090454,66.02515546,65.87363312,65.40753532,66.53643498,75.17799089,79.18757106,82.9811136,86.79493839,86.10230996,84.41479887,80.82781046,80.13903841,80.63233914,71.27950564,68.39709264,63.66618386,62.73741046,60.5353934,55.32445724,49.10541192,45.27137845,44.38287728,42.11915459,38.29732749,38.67593522,35.61503244,34.59361549,34.43708082,33.65808301,32.38989932,33.13844267,35.70487576,32.2378534,30.05231598,31.66920026,32.87704292,33.43571554,34.02436241,33.93397825,33.9326527,36.82608964,41.08846788,42.65643097,52.39501839,56.72574891,61.56015904,57.2321374,54.8744156,50.48156834,48.24054939,47.41375556,47.15952691,48.57748589,47.76680914,47.48593198,51.87167193,44.81719938,37.21122411,31.19470277,27.4306008,26.02434057,34.0861705,38.63400595,36.02560928,34.95281638,36.33275332,35.61213877,37.99330064,41.84505289,81.34377113,61.02950187,51.64025524,50.35240634,52.63387983,51.83300254,48.76361148,46.11826793,48.00155143,50.03014111,47.07037747,35.40929504,29.39168676,24.22155447,21.07208782,22.31443103,25.28369663,25.78257244,25.17257591,24.25350623,23.73170491,24.96105372,28.97569018,30.07742668,34.25275263,35.91402944,34.15066731,40.2379448,37.49010509,23.02967465,20.11360279,25.21992961,30.91286707,27.66168442,27.46629068,27.48504581,26.83616649,29.94110887,39.30055707,42.4300363,43.42453722,44.00889061,43.62278053,39.93273704,33.94462577,27.65206208,26.08580515,25.32450307,24.48628963,23.2534151,24.47398962,26.5947359,30.32180591,37.89623493,39.68482444,35.92401126,34.24986135,33.76346299,31.59253152,33.50791119,30.59382195,28.54612932,27.75319049,27.19291458,29.44736173,29.52680998,26.96852188,23.8673178,16.4221062,24.82334915,28.51817585,43.01535593,38.78056493,26.46419197,25.88271215,24.96726919,26.21412045,25.78692164,26.93275741,26.77848321,26.25892992,24.5232618,20.53380862,23.51252031,25.85317908,25.863771,26.14269042,24.55454419,25.07161055,25.48286609,24.91260214,22.15153212,20.30450737,20.22113831,20.16955339,19.51286179,16.3052854,15.81458871,15.37739444,14.56735099,12.99589884,11.64585693,11.77074908,11.07929761,10.35038957,9.919945432,10.48079847,9.497685064,9.298548028,10.9222862,12.69391442,16.2414957,19.20580286,20.63346291,21.68980114,23.97260923,23.04835394,20.50173971,19.64538488,18.35736507,19.03221055,22.24372073,30.08151651,31.96120299,20.75679487,22.47427839,20.43583585,16.73769816,15.89758863,16.17198176,19.14719191,18.6436497,17.49439033,21.82083033,24.70690633,27.82968209
2017-06-30 00:00:00-10:00,93.1223754,90.70559473,96.90525107,105.6789969,102.7571193,97.87935987,93.445879,89.53304406,88.29842251,86.73114082,80.89850673,76.05661777,76.15509097,80.53212052,88.99267217,97.56186352,101.9266267,97.53723952,83.00424203,80.15818592,67.92388865,62.06741297,57.41246333,51.72029316,50.3844828,49.25796216,50.32254029,50.87510047,50.99313339,51.36410823,56.52589048,61.6219791,66.5434641,69.32007671,79.13731612,108.3492921,76.01771509,64.55241574,62.01943196,62.31896777,63.36935581,66.14642844,65.94563972,65.47968793,66.61352245,75.21581406,79.19655984,82.86236895,86.76818409,86.16517826,84.35430135,80.65146835,80.13603163,80.32723108,71.03116685,68.16488749,63.90243276,62.40211321,60.34959133,55.15655662,48.96307744,44.98422405,44.12719104,42.04882531,38.14672696,38.37812663,35.41444377,34.42672323,34.27363171,33.40657799,32.15284159,32.84504345,35.42930567,31.84128332,29.68701013,31.27903681,32.44910612,33.0508455,33.81622583,33.75268141,33.8226074,36.63321807,40.99432077,42.75618165,52.3824433,56.78226574,61.69360932,57.46949015,54.86291677,50.45894876,48.23584701,47.36572446,47.05382153,48.47131855,47.53639269,47.1580388,51.55076092,44.46939933,36.84567302,30.86881257,27.17792345,25.87589506,33.80948905,38.31150504,35.68255077,34.57914327,35.98201487,35.25333954,37.75716066,41.72796513,81.25423679,60.95614623,51.61627023,50.38064344,52.75529828,51.95380688,48.9434843,46.3274124,48.167451,50.22230242,47.24225168,35.57742853,29.49850197,24.25953738,21.1170245,22.35847694,25.30616833,25.82265067,25.24688852,24.3179796,23.77234046,24.94358225,28.92307672,30.05359592,34.18926547,35.94447825,34.43213004,40.24983549,37.52075101,23.10007928,20.19103858,25.33028656,31.04198208,27.74136107,27.58798713,27.52699444,26.88592323,29.98944914,39.31674654,42.45797338,43.617195,44.11652559,43.72478904,40.0353814,33.99833978,27.81284505,26.23830761,25.50810104,24.65685818,23.44810901,24.66112916,26.7386718,30.42395202,38.03607983,39.7913224,36.06351826,34.38138755,33.86490284,31.67915583,33.50177788,30.6195392,28.54365623,27.76789735,27.23601212,29.4788243,29.54093097,27.03948659,23.95700188,16.51440027,24.95604774,28.65282981,43.07761837,38.81860928,26.45472353,25.91435385,24.99025849,26.1873778,25.78627713,26.94766057,26.82114878,26.31152134,24.60097942,20.62909674,23.60296987,25.96214039,25.9467682,26.27152097,24.69789114,25.21578319,25.55392526,24.94795198,22.15599655,20.31620556,20.18481658,20.19835486,19.50820523,16.31814473,15.79937724,15.37502489,14.55861821,12.95839151,11.60667688,11.73698585,11.05427317,10.33015542,9.840655722,10.38047556,9.402893024,9.212244493,10.89530946,12.73758887,16.33093631,19.35447065,20.7819112,21.83752711,24.09608512,23.20954633,20.632357,19.78453806,18.54904697,19.12984281,22.39390054,30.24498217,32.17625796,20.95787885,22.63650625,20.4075424,16.72931031,15.87218287,16.21448562,19.22408147,18.62479228,17.50628461,21.83357184,24.76611803,27.91128175
2017-07-31 00:00:00-10:00,93.90620716,91.35828406,97.65522456,106.2902313,103.3825143,98.48304684,94.01778128,90.14184157,88.81428206,87.30349745,81.43050283,76.54941457,76.48068144,80.74862582,89.20476113,97.79365515,102.1500567,97.80868583,83.25755933,80.30929554,68.0528848,62.27184664,57.53915382,51.91105134,50.60445617,49.47493508,50.52019717,51.12993954,51.26288176,51.65073036,56.7738508,61.89150391,66.82434973,69.73054078,79.51592827,108.7412374,76.31721018,64.85095017,62.36437573,62.66563052,63.41928722,66.25511613,65.99165618,65.52236278,66.65846646,75.22686833,79.192234,82.72691239,86.71411867,86.17857869,84.24933548,80.44400723,80.09181158,79.97192164,70.73355347,67.88560611,64.10295625,62.05126665,60.15599395,54.98239058,48.8255295,44.72205302,43.90429431,42.0244611,38.03037088,38.11348552,35.24296405,34.2863485,34.12897345,33.16745906,31.92606645,32.5636242,35.16149346,31.44692577,29.31118528,30.88264248,32.00557196,32.65001929,33.60446197,33.57656014,33.70981527,36.43973273,40.89546062,42.87322863,52.36969878,56.82808903,61.77158835,57.69389493,54.82329104,50.41269315,48.19095241,47.2657689,46.89220326,48.3031475,47.2573863,46.78825681,51.20472691,44.09664305,36.45421825,30.52056534,26.91038051,25.70453115,33.50340833,37.95929549,35.31624344,34.18652614,35.61155045,34.87768658,37.51354182,41.59733049,81.15091183,60.8744399,51.56789688,50.37752864,52.84544746,52.04553883,49.087966,46.51095178,48.30889656,50.38332008,47.38304311,35.71561776,29.57940087,24.29224106,21.16360651,22.41037777,25.33621633,25.86623653,25.32337531,24.3836297,23.82237868,24.93280899,28.87820484,30.03571727,34.1342656,35.97585552,34.72633143,40.27066359,37.54345195,23.17139594,20.27338886,25.44737267,31.17105727,27.82870173,27.70807047,27.56683068,26.92836734,30.02388516,39.31802846,42.4860812,43.81062727,44.222245,43.82466859,40.12941739,34.05835103,27.97774789,26.39384073,25.69769332,24.83437089,23.64553494,24.84497969,26.87334142,30.50991059,38.14857496,39.86439815,36.17617197,34.48533144,33.94084138,31.73974477,33.46421695,30.61872057,28.51479565,27.75486612,27.24837819,29.48861321,29.52847841,27.08070556,24.0244058,16.58530991,25.06343043,28.76400738,43.13007339,38.86076439,26.44332243,25.94004358,25.00925659,26.15774188,25.78639016,26.96083204,26.86431113,26.36193618,24.67335812,20.71631817,23.681365,26.0591192,26.01699941,26.38457996,24.81767429,25.34086275,25.60730248,24.97074287,22.14807626,20.31508823,20.13820707,20.21458632,19.4905943,16.32126246,15.77959627,15.3654899,14.5423073,12.91516871,11.56216409,11.6939708,11.01858714,10.30040839,9.7574299,10.27457563,9.305238195,9.128295824,10.85805586,12.76509688,16.40554266,19.48815801,20.92021094,21.97826547,24.20596739,23.35922504,20.74731468,19.91336323,18.73877797,19.22922675,22.55127444,30.42099231,32.39301921,21.15559417,22.77639785,20.35768118,16.70572116,15.83432045,16.23835266,19.28451537,18.59957025,17.51616723,21.8450461,24.8273838,28.00191403
2017-08-31 00:00:00-10:00,94.64639695,91.98202239,98.38254574,106.8577569,103.9602723,99.03980346,94.55431867,90.72621071,89.30220426,87.84482816,81.92354035,76.98699333,76.76050245,80.92250439,89.37763173,97.99168459,102.3461253,98.04646614,83.47338822,80.44004519,68.17112247,62.457836,57.6476209,52.09988929,50.82594821,49.69978143,50.71836946,51.38351444,51.52785635,51.92540732,57.00441837,62.1311794,67.08244186,70.11268356,79.852565,109.0881087,76.5758907,65.12203376,62.69575325,62.99585427,63.45518654,66.34157076,66.00797142,65.52976824,66.66480707,75.20239927,79.16703908,82.56725512,86.62186931,86.1297439,84.09244384,80.20145012,80.00104372,79.57955855,70.40100507,67.57598905,64.27662913,61.70952305,59.97573563,54.82067565,48.70885276,44.50323984,43.72831963,42.0577848,37.96635706,37.90701521,35.12159639,34.19394146,34.02453929,32.9629157,31.72944569,32.31257904,34.91782034,31.07239388,28.93895442,30.48954208,31.55297567,32.23666628,33.38614361,33.4046661,33.59407372,36.24270045,40.7910882,43.00303133,52.34997662,56.84935044,61.78157443,57.89162492,54.74677318,50.33206875,48.09613605,47.10371135,46.66741319,48.0646658,46.92752815,46.37706198,50.83184804,43.69834136,36.04052203,30.15536764,26.63130864,25.51280325,33.18103033,37.59156517,34.94348113,33.7860662,35.23258965,34.49638668,37.27121676,41.46036732,81.04022474,60.78521199,51.49692876,50.34192888,52.89874131,52.10130429,49.18931451,46.66002733,48.41840539,50.5079629,47.48898825,35.82398696,29.63467278,24.31723943,21.20877826,22.46519584,25.36889547,25.90896886,25.39856946,24.44775789,23.87853603,24.92826204,28.84098614,30.02407941,34.08764284,36.00672706,35.03017253,40.30063707,37.55769656,23.2398881,20.35411491,25.56638465,31.29674839,27.92065986,27.82152102,27.60126481,26.96050097,30.04357311,39.30931682,42.51951694,44.0063617,44.32698291,43.92357976,40.21473867,34.12227885,28.14295967,26.54974582,25.89184745,25.01714275,23.84467341,25.02457526,26.99991044,30.58312747,38.23850401,39.90959185,36.26416051,34.56412851,33.99261146,31.77650222,33.39925873,30.59414836,28.46346351,27.71672202,27.2323475,29.47813216,29.49421999,27.0991055,24.0743339,16.6396624,25.14949947,28.85629435,43.17438064,38.90789634,26.43226615,25.96195936,25.02490341,26.12700979,25.7881185,26.9730049,26.91009581,26.41086596,24.74053914,20.79615172,23.75025152,26.14689466,26.0790183,26.48361486,24.91522494,25.44573032,25.64143711,24.98001858,22.12466347,20.29763266,20.08002107,20.21636382,19.46043593,16.31627783,15.75685288,15.35121669,14.52071865,12.86896469,11.51454441,11.6448425,10.97580332,10.26516377,9.67348875,10.16581773,9.206373084,9.047284225,10.81399419,12.77976454,16.46708855,19.60704253,21.04682334,22.10846407,24.29897963,23.49311532,20.84519424,20.02973259,18.92358811,19.3296214,22.71349874,30.6085805,32.61396112,21.35348401,22.89816999,20.29201814,16.67090068,15.78628542,16.2463932,19.3284518,18.56945975,17.5244052,21.85389602,24.88712505,28.09928765
2017-09-30 00:00:00-10:00,95.32876185,92.55843451,99.06491992,107.3593279,104.4715602,99.53273194,95.03992124,91.27039656,89.75059702,88.34371508,82.36832105,77.3528701,76.98815367,81.04544806,89.50888678,98.15193264,102.5087204,98.24310675,83.64599628,80.54774383,68.27782735,62.62403726,57.73858809,52.28425339,51.04590686,49.92574456,50.91135077,51.62518543,51.77701491,52.17735208,57.20871525,62.33357317,67.31086619,70.45709956,80.13741465,109.3783127,76.77975834,65.34872344,62.99667539,63.29634567,63.47439513,66.39912761,65.99450788,65.50004232,66.63057782,75.13924109,79.11829938,82.38142805,86.48691472,86.01652691,83.8843137,79.92598761,79.86795271,79.17061597,70.0541226,67.25892644,64.43820343,61.40308517,59.83057776,54.69259516,48.6324105,44.34687059,43.61298705,42.16104159,37.97169763,37.7804977,35.06873996,34.16997865,33.98258414,32.81663028,31.58556224,32.11194026,34.71647206,30.73777633,28.59119437,30.1162825,31.10702061,31.82304161,33.1672173,33.23970952,33.47836994,36.04193883,40.68150667,43.142579,52.3163637,56.83550882,61.72025461,58.05077573,54.62890825,50.21010868,47.94721141,46.88058434,46.38233503,47.75856918,46.55321775,45.92993644,50.4320545,43.27454694,35.61028221,29.78119796,26.34883554,25.30812079,32.85780521,37.22434169,34.58163415,33.38875837,34.85484841,34.11824588,37.03684719,41.32254975,80.92720228,60.69060443,51.4070914,50.27730983,52.91634436,52.12116248,49.24704219,46.77228851,48.49372661,50.59665723,47.56030593,35.90453351,29.66747675,24.33367955,21.25098251,22.51887007,25.39992867,25.94759864,25.46990481,24.50932499,23.93801176,24.92958033,28.81121759,30.01875178,34.04994337,36.03782414,35.33944775,40.33831426,37.56199164,23.30184553,20.42714761,25.68258972,31.41596039,28.01327663,27.92357703,27.62775264,26.9810434,30.04994657,39.29515438,42.56174211,44.20420963,44.43055653,44.0217156,40.29158207,34.18819065,28.30463303,26.70318817,26.08763581,25.20254963,24.04428555,25.19886333,27.11929176,30.64734961,38.31128276,39.93324258,36.33187012,34.62151052,34.02297374,31.79324146,33.31244558,30.55028939,28.3950278,27.65832321,27.19266907,29.4516732,29.44480403,27.10195542,24.111331,16.68210984,25.21845319,28.93456096,43.21264681,38.96181291,26.42423903,25.98282515,25.03842949,26.09692206,25.79253877,26.98609822,26.9606675,26.46032059,24.80430193,20.87093853,23.81305218,26.2278551,26.13652984,26.56982443,24.99115589,25.52999244,25.65557339,24.97647187,22.08611553,20.26395094,20.01112546,20.20503711,19.42052905,16.30666425,15.73517556,15.33640635,14.49733504,12.82334525,11.46683608,11.59346458,10.92992054,10.22829604,9.591706298,10.05683227,9.107783182,8.969565154,10.76525076,12.78441337,16.51824799,19.71401675,21.16405319,22.22811386,24.3763834,23.61089751,20.92799427,20.1340322,19.10364869,19.43353894,22.88060955,30.80807575,32.84050123,21.55471842,23.0061435,20.21689687,16.63065606,15.73241705,16.24260634,19.35933551,18.53767251,17.53200332,21.8600624,24.94344222,28.20242197
2017-10-31 00:00:00-10:00,95.94425721,93.07591177,99.68604959,107.7802088,104.903561,99.95034491,95.46282154,91.76029567,90.14572898,88.78431253,82.75165179,77.63632431,77.15718252,81.11490013,89.59721415,98.27202935,102.6323047,98.39110374,83.76946811,80.62823719,68.36956456,62.76753386,57.81232359,52.46073132,51.25926191,50.14480879,51.0922659,51.84673169,52.00258948,52.39978762,57.38187725,62.49598413,67.50672619,70.75857298,80.36674799,109.6071658,76.92271638,65.52067834,63.25533523,63.55805932,63.4772846,66.42511242,65.95347264,65.43471693,66.55811556,75.03959117,79.04743116,82.17300019,86.3124847,85.8520022,83.63791591,79.62815038,79.70518942,78.76619106,69.71182142,66.95543003,64.59848956,61.15065046,59.7355624,54.61405826,48.6106443,44.26619449,43.56616729,42.34087824,38.05726265,37.74850415,35.09622978,34.22891403,34.02036246,32.74875637,31.51524839,31.9807951,34.57590582,30.466484,28.29419358,29.78647547,30.69354363,31.43076209,32.96148377,33.08757645,33.36718775,35.84066108,40.56858346,43.29069456,52.26647753,56.78482806,61.5944996,58.16547445,54.47299054,50.04724264,47.74788793,46.60900093,46.05143986,47.40098526,46.15109008,45.45874418,50.00770778,42.82682425,35.16915316,29.40511526,26.07053805,25.09788573,32.54769649,36.87197795,34.24519796,33.00356631,34.4863397,33.7502292,36.81489963,41.18671022,80.81473722,60.59188197,51.30319568,50.19001803,52.90538422,52.11202668,49.26815006,46.85207471,48.53770796,50.65369377,47.60036024,35.96111251,29.68173528,24.34294317,21.29041499,22.56876646,25.42638745,25.98008322,25.53519332,24.56752287,23.99788324,24.93616438,28.78828072,30.01859142,34.02155615,36.07147667,35.65097591,40.38316416,37.55662578,23.3556802,20.48898679,25.79255687,31.52671524,28.10357376,28.01184029,27.64596348,26.99004479,30.04614946,39.27964723,42.6116223,44.39987281,44.53115623,44.11726848,40.35956017,34.2552954,28.46111714,26.85322749,26.28241158,25.38833447,24.2440496,25.36788625,27.23388085,30.70778825,38.37282236,39.94210366,36.38538035,34.66261575,34.03649506,31.79477563,33.20978232,30.49185272,28.31476959,27.58498583,27.13461862,29.4143759,29.38681011,27.09605558,24.13919328,16.71662639,25.27444592,29.00292022,43.24799712,39.02504911,26.42208991,26.00588271,25.05205675,26.06977348,25.80187293,27.00325535,27.01865397,26.51336307,24.8682039,20.94491752,23.87375374,26.30484285,26.19315788,26.64577466,25.0478604,25.59578939,25.65244425,24.96368256,22.03692899,20.21827114,19.93496309,20.18480504,19.37581551,16.29734395,15.71923032,15.32495168,14.47503434,12.78091482,11.42108758,11.54299155,10.88401842,10.19210411,9.513092366,9.948817961,9.010228583,8.894312188,10.71297907,12.7805208,16.56116204,19.8133459,21.27700336,22.34100071,24.44349326,23.71541781,21.00056867,20.22927277,19.28170033,19.54581759,23.05558388,31.02096786,33.07282369,21.76079553,23.10477081,20.13935233,16.59186952,15.67736311,16.23145156,19.38014918,18.50775639,17.54093351,21.86534213,24.99670634,28.31117046
2017-11-30 00:00:00-10:00,96.48988463,93.52971335,100.2360235,108.114531,105.250185,100.2870358,95.8171794,92.18643669,90.47775787,89.15360343,83.06319737,77.8360884,77.26448626,81.13454245,89.64452431,98.35344236,102.7152744,98.48739048,83.84217947,80.67869761,68.4421975,62.88487616,57.86778003,52.62454327,51.45971807,50.3487935,51.25464687,52.04208244,52.19972074,52.58964175,57.5222963,62.61954895,67.67000445,71.01643735,80.54408161,109.7787148,77.00822751,65.63616731,63.46687002,63.7773415,63.4658274,66.42111109,65.88986287,65.34011008,66.45467169,74.91108089,78.96023846,81.95061967,86.10930377,85.65872023,83.37219586,79.32424842,79.52925522,78.38538483,69.38910277,66.68187241,64.7630229,60.96075177,59.69640011,54.5923125,48.64946544,44.26571892,43.5884075,42.59638403,38.22633891,37.81666176,35.20822228,34.37694408,34.14697575,32.77309804,31.5346665,31.93588957,34.51369667,30.28061554,28.07346914,29.52526472,30.34158326,31.08573861,32.78659811,32.95611396,33.26732032,35.64593572,40.45635479,43.44940198,52.20738807,56.70492447,61.4179714,58.23730767,54.28866527,49.85139765,47.50938603,46.30740055,45.69544899,47.01470055,45.74175546,44.97953381,49.56563309,42.36162866,34.72576332,29.03331887,25.80182161,24.88759205,32.26012809,36.54486984,33.94241561,32.6361258,34.13259925,33.39697506,36.60754889,41.05404724,80.70567889,60.49143061,51.19249996,50.08990884,52.87784787,52.08620002,49.26520333,46.90933487,48.55813153,50.68812614,47.61840566,36.00186793,29.68412122,24.34899052,21.32910015,22.61467245,25.44756687,26.00673336,25.59404825,24.62238841,24.05693457,24.94835553,28.77141067,30.02140062,34.00095133,36.10816011,35.96191443,40.43676456,37.5440673,23.40213458,20.5393257,25.89376124,31.62870507,28.1910283,28.08817701,27.65940439,26.99132236,30.03666896,39.26668586,42.66857092,44.5888609,44.62794017,44.2086435,40.41866559,34.32489028,28.61289495,27.00102806,26.47508571,25.5737269,24.44475845,25.53263789,27.34698085,30.77054418,38.42964744,39.94365436,36.4321276,34.69381815,34.03909252,31.78607469,33.09730577,30.42389555,28.22807736,27.50306919,27.06534131,29.37301922,29.32712516,27.08857984,24.16193715,16.74730842,25.32246836,29.06618472,43.28514735,39.10044768,26.42950469,26.03532655,25.06893195,26.04757024,25.81745549,27.02729669,27.08669401,26.57324334,24.93642041,21.02206989,23.93537525,26.38163732,26.25282043,26.71569468,25.09096345,25.64809139,25.63759595,24.94712892,21.98359916,20.16684926,19.85666534,20.16149876,19.33338979,16.29531855,15.71383759,15.32096582,14.4575958,12.74474071,11.37968021,11.49608553,10.84072736,10.1581433,9.437554499,9.8434397,8.914228489,8.820262816,10.6594748,12.77094614,16.59961008,19.91102524,21.39349672,22.45385883,24.50796028,23.81176532,21.06864475,20.31928283,19.46010659,19.67066557,23.24176245,31.24840262,33.31007863,21.97197673,23.19824944,20.0655706,16.56007263,15.62497795,16.21708042,19.39277025,18.48242403,17.55337867,21.87238553,25.04910917,28.42733548
2017-12-31 00:00:00-10:00,96.9652929,93.9207983,100.7110845,108.3652129,105.5125882,100.5436883,96.10207343,92.54434376,90.74287375,89.44596596,83.29987634,77.9580287,77.31233721,81.11047843,89.65575233,98.40029773,102.7598173,98.53404443,83.86773671,80.69898798,68.49245468,62.97301654,57.90334051,52.76988299,51.64071726,50.53011811,51.39237173,52.20465426,52.36279603,52.74327188,57.62697447,62.70490604,67.79967553,71.23084945,80.674983,109.9021873,77.04629536,65.70100596,63.6337924,63.95667736,63.44419643,66.39393971,65.81291155,65.22781065,66.33282704,74.76601601,78.86604764,81.72588981,85.89114552,85.45978596,83.1064868,79.03116738,79.35682359,78.04516267,69.09875686,66.45066081,64.93333305,60.83299336,59.71174233,54.6256467,48.74500558,44.339811,43.67174439,42.91716848,38.47237781,37.9806549,35.40153596,34.6110094,34.36079643,32.89320461,31.64970912,31.98613608,34.54019519,30.19602212,27.94732345,29.35285632,30.07658684,30.81222521,32.6595841,32.85308518,33.1857907,35.46584139,40.34931266,43.61874929,52.14913687,56.60669747,61.20723403,58.27235961,54.08738022,49.63310688,47.24521243,45.99571892,45.33569447,46.6228571,45.34468711,44.50785272,49.11558967,41.88985319,34.2906752,28.67090915,25.54539267,24.68072733,31.99797252,36.24682696,33.67268212,32.2884542,33.79703736,33.06111259,36.41564231,40.9255262,80.60336413,60.39291814,51.08307802,49.98729162,52.84518164,52.05601812,49.25099388,46.9548721,48.56505034,50.71055752,47.62541131,36.0356596,29.68160836,24.35571037,21.36972992,22.65847812,25.4646539,26.02871983,25.64668181,24.67411966,24.11412071,24.966912,28.76016805,30.02555283,33.98606686,36.14751149,36.26758674,40.49863757,37.52546754,23.44234059,20.58037357,25.98547689,31.72230054,28.27589489,28.1560831,27.67257743,26.98996288,30.02588369,39.25934005,42.73152145,44.76548547,44.7195538,44.29312993,40.46827699,34.39845012,28.76023519,27.14745565,26.66392192,25.7572566,24.64708132,25.6940324,27.4610874,30.84078028,38.48783123,39.94468958,36.47804746,34.72100255,34.03641607,31.77181882,32.98131428,30.35162703,28.14024015,27.41908707,26.99201539,29.33392855,29.27194539,27.08586189,24.18260967,16.77771015,25.36739238,29.12870747,43.32849051,39.1886716,26.44803515,26.07301573,25.09096461,26.03150622,25.83955445,27.05966246,27.16507492,26.64055317,25.01043554,21.10353784,23.99834615,26.45908948,26.31648377,26.78224494,25.12507809,25.6910941,25.61554193,24.93066085,21.93128621,20.11468553,19.78088,20.13980787,19.29891035,16.30550362,15.72134366,15.32673422,14.44695429,12.71607967,11.34360807,11.45333511,10.80093529,10.12665156,9.364840499,9.742378563,8.81979764,8.746169273,10.60598625,12.7569987,16.63586437,20.01047076,21.51829783,22.57113295,24.57549442,23.90380409,21.13565675,20.40567725,19.63847514,19.80889712,23.43915882,31.48776671,33.54763401,22.18467889,23.28741647,19.99842664,16.537781,15.57651195,16.20108004,19.3976404,18.46065661,17.56930987,21.88260164,25.10124622,28.55089313
2018-01-31 00:00:00-10:00,97.3689251,94.25040324,101.1102929,108.5401445,105.6968709,100.7251611,96.31965548,92.83331789,90.94139565,89.66215368,83.46529028,78.01247802,77.30668289,81.04984604,89.63561585,98.41624865,102.7688026,98.53586494,83.85282433,80.69111849,68.51845219,63.0307364,57.91853354,52.89297664,51.79881902,50.6851018,51.50232641,52.33105612,52.48892141,52.85989462,57.6938223,62.75236661,67.89418663,71.40206658,80.76329144,109.9856149,77.04575019,65.72239794,63.76120928,64.10109362,63.41604019,66.35245872,65.73271675,65.11027959,66.20471762,74.61564499,78.77317919,81.5089171,85.66885711,85.27644387,82.85849527,78.76235268,79.20232726,77.75785144,68.85098425,66.26898744,65.10824729,60.76057023,59.77367957,54.70432891,48.88695356,44.47647746,43.80455709,43.28602563,38.782972,38.22976334,35.66814863,34.92024135,34.64952414,33.10127429,31.85361981,32.12886479,34.65457899,30.21752129,27.92035233,29.2777838,29.91411655,30.62679992,32.59264118,32.7822537,33.12400882,35.30366763,40.24677602,43.79752876,52.10295001,56.50275975,60.9783853,58.27838814,53.87945294,49.40247737,46.96823082,45.69224964,44.99102375,46.24610095,44.97634753,44.0573401,48.66707311,41.42404766,33.87392629,28.32135504,25.30047883,24.47793128,31.75766847,35.97445902,33.42833869,31.95996188,33.48107646,32.74350982,36.23874758,40.80134535,80.51008122,60.29993274,50.98122196,49.88956709,52.81445058,52.02909309,49.23423965,46.99595444,48.56638161,50.72919658,47.62963623,36.06817593,29.67781762,24.36445289,21.41328249,22.70145214,25.47824839,26.0463118,25.69302649,24.7219154,24.16739124,24.99143565,28.75397632,30.03070095,33.9757651,36.18933896,36.56199705,40.56575737,37.50017342,23.47671832,20.61479492,26.06770893,31.80778765,28.35804052,28.21747425,27.68816275,26.98969093,30.01644577,39.25919528,42.79751171,44.92365152,44.80381649,44.36729528,40.50697369,34.47534081,28.90272537,27.29232369,26.84634084,25.93660064,24.85033248,25.85172787,27.5770106,30.92132656,38.55208702,39.95056097,36.52695408,34.74895971,34.0332791,31.75658358,32.86744728,30.27911923,28.05519142,27.33780453,26.91975512,29.30110011,29.22513828,27.0914966,24.20206802,16.80956098,25.41204358,29.19275434,43.37941419,39.28831627,26.47636914,26.11818797,25.11763762,26.02030824,25.86587724,27.098534,27.25083772,26.71268815,25.0881285,21.18747093,24.06066809,26.53475255,26.38208628,26.84519772,25.15231943,25.72713422,25.58874343,24.91571381,21.88278729,20.06460132,19.71079304,20.12199859,19.27504991,16.32917959,15.74077235,15.34185771,14.44234648,12.69409447,11.31192049,11.41358995,10.76318243,10.09646398,9.294534567,9.64778987,8.727971064,8.672271838,10.55216941,12.73771268,16.66940998,20.11152778,21.65171162,22.69344029,24.64830981,23.99231599,21.20153824,20.48750897,19.8142367,19.95733586,23.64350046,31.73155631,33.77738371,22.39213069,23.36987222,19.93800457,16.52448063,15.53051346,16.18185165,19.3930882,18.43795857,17.58623477,21.89518288,25.15088632,28.67848128
2018-02-28 00:00:00-10:00,97.69690475,94.52106927,101.4355568,108.6498626,105.8134902,100.8398369,96.4756103,93.05652766,91.07731735,89.80811985,83.56732558,78.01239363,77.25438763,80.95905073,89.58719915,98.40284445,102.7440598,98.49789717,83.80406709,80.65925422,68.52020066,63.05882752,57.91448792,52.99344999,51.93471124,50.81409214,51.58561957,52.42391229,52.58110802,52.94446598,57.72611684,62.76660243,67.95533821,71.53248337,80.81369056,110.0380132,77.01536432,65.70981196,63.85628156,64.21689265,63.38336674,66.30616805,65.65812095,64.99732337,66.07815157,74.4678802,78.68500157,81.30572333,85.44953402,85.12152686,82.63770113,78.52767332,79.07661538,77.52946635,68.6526559,66.1378359,65.2863253,60.73708548,59.87085144,54.81672246,49.06436784,44.66380009,43.97741282,43.68674676,39.14379697,38.54849658,35.99540182,35.28914453,34.99437094,33.38167103,32.12995913,32.35118479,34.84669387,30.33349869,27.97995931,29.2921055,29.85344451,30.53163114,32.58609255,32.7418771,33.07947771,35.15941134,40.14518064,43.97833263,52.07415923,56.40370118,60.7438761,58.26261355,53.67291508,49.16829756,46.69035214,45.41030896,44.67424028,45.89917521,44.64627175,43.63655033,48.23088635,40.97851898,33.48576307,27.98846455,25.06549155,24.27796624,31.53440704,35.72198961,33.19997164,31.6487257,33.18380383,32.44330522,36.07511447,40.68023108,80.42568328,60.21414916,50.89020048,49.8002911,52.78767621,52.0071983,49.21790793,47.0345426,48.56507772,50.74721906,47.63462786,36.10072746,29.6719674,24.37365931,21.45858653,22.74308536,25.48817989,26.0591215,25.7328189,24.76493334,24.21509596,25.02053894,28.7519633,30.03794413,33.9703279,36.23458161,36.84066505,40.63539256,37.4681169,23.50577175,20.64483539,26.14060141,31.88531318,28.43729397,28.27280567,27.70702824,26.99228343,30.0094608,39.26684412,42.86384874,45.05802484,44.87901759,44.42915538,40.53525079,34.5535686,29.039808,27.43481229,27.02005958,26.10966566,25.05289001,26.00430649,27.69388741,31.01224216,38.62469707,39.96446428,36.57983239,34.77992847,34.03218027,31.74327913,32.75910246,30.20869741,27.97485227,27.2615255,26.85084194,29.27501518,29.18776259,27.10575877,24.22001354,16.84289663,25.45701611,29.25809021,43.43747819,39.39713271,26.51176592,26.16933304,25.14793199,26.01203855,25.89335959,27.14048523,27.34010184,26.78621713,25.1653137,21.26945575,24.118431,26.60434663,26.44592387,26.90182833,25.17236818,25.75661952,25.5579433,24.90171613,21.83828223,20.01674926,19.64720029,20.10709524,19.26054297,16.36348169,15.76845678,15.36307729,14.44079251,12.67590966,11.28179927,11.3741894,10.72443839,10.06512123,9.22610235,9.560685107,8.639457294,8.599233716,10.49773342,12.71019596,16.69752918,20.2107033,21.7898458,22.81757694,24.72445356,24.07472522,21.26307844,20.5613427,19.9828951,20.10962629,23.84721031,31.96931274,33.99044767,22.58757678,23.44123704,19.88209917,16.51765541,15.48336097,16.15551447,19.37677472,18.40954897,17.60015307,21.90754839,25.19349382,28.80379917
2018-03-31 00:00:00-10:00,97.94393898,94.73400159,101.6881642,108.7051155,105.8735562,100.8963055,96.57590541,93.21884824,91.15947438,89.89466085,83.61758178,77.97257589,77.16404157,80.84611349,89.51382792,98.36162867,102.6876952,98.42637983,83.72918443,80.60991812,68.50307378,63.06431976,57.89730731,53.07678226,52.05489661,50.92414201,51.65067527,52.49291104,52.6491614,53.00681473,57.73233491,62.7573291,67.98974411,71.62965064,80.83480139,110.0723462,76.96745008,65.67551734,63.92891122,64.30961582,63.34748373,66.26168857,65.59438973,64.89562025,65.95687288,74.32772725,78.60137414,81.11897331,85.23667887,84.99739709,82.44581616,78.33056251,78.98490723,77.35983404,68.50471326,66.05229625,65.46946762,60.75999887,59.99570079,54.95483425,49.26645636,44.89121755,44.18496862,44.10822128,39.53927419,38.91916751,36.36817925,35.69809675,35.37491658,33.71614554,32.45768264,32.63456669,35.10199446,30.5204869,28.100898,29.37318175,29.8769181,30.5131949,32.62781993,32.72661308,33.04817529,35.03290811,40.04064278,44.14714588,52.06225287,56.31497772,60.50961423,58.23257505,53.4757018,48.93783508,46.42199943,45.15710894,44.39163017,45.59032516,44.35710451,43.24916137,47.81603358,40.5660071,33.13512862,27.67761423,24.84146937,24.08213989,31.32415622,35.48411469,32.98040536,31.35301645,32.90397373,32.15915652,35.92207343,40.56011219,80.34768817,60.13525802,50.8104131,49.71960701,52.76390589,51.98883872,49.20149869,47.06933783,48.56054415,50.76385445,47.63982996,36.13057781,29.6605621,24.37986431,21.5031811,22.78172558,25.49387753,26.06605213,25.76478549,24.80188399,24.25461627,25.05166307,28.75317564,30.0488758,33.96966108,36.28364336,37.10038748,40.70249448,37.42719463,23.52874354,20.67157533,26.2040674,31.95446742,28.51250693,28.32120206,27.72826416,26.99756064,30.00586243,39.28210889,42.92885756,45.16588353,44.94407766,44.48031501,40.55617034,34.63197552,29.17126779,27.57418722,27.18352396,26.27442919,25.25206928,26.14986107,27.80973845,31.11080583,38.70505153,39.98681473,36.63522877,34.81336874,34.032762,31.73230727,32.6565031,30.14044833,27.89908497,27.19008081,26.78513193,29.25296519,29.1582369,27.12581334,24.23526874,16.87627487,25.50102485,29.32216445,43.49973381,39.5110692,26.54961836,26.22335376,25.17941413,26.00290262,25.91738743,27.1805278,27.42781004,26.85600609,25.2360882,21.34338593,24.16629041,26.66211128,26.50285722,26.94842575,25.18342874,25.77837074,25.5225353,24.8867558,21.79563273,19.9690862,19.5879001,20.09122841,19.25056784,16.40199881,15.79829561,15.38511839,14.43793506,12.6574118,11.249549,11.33185081,10.68185319,10.03117847,9.161000844,9.482884926,8.55588697,8.528901393,10.4436253,12.67083163,16.71617911,20.30223414,21.92553418,22.93719779,24.79768248,24.14502211,21.31408379,20.62138563,20.1376236,20.2563023,24.04014151,32.18906649,34.17738067,22.76365614,23.49632379,19.82680215,16.51412447,15.4304089,16.11713244,19.34713121,18.37236109,17.60806284,21.91678791,25.22461166,28.91988885
2018-04-30 00:00:00-10:00,98.10592349,94.88810019,101.8676743,108.7156273,105.8872501,100.9026032,96.62734203,93.32604933,91.19677537,89.93195387,83.62713819,77.90935358,77.04519464,80.72007738,89.42149799,98.29717345,102.6043651,98.32963219,83.63757129,80.55101589,68.47426163,63.05580035,57.8734549,53.14917261,52.1655179,51.02171938,51.70625649,52.5491308,52.70397798,53.05729144,57.72106753,62.73473917,68.00530732,71.70271,80.83667211,110.099358,76.91312092,65.6318512,63.98811841,64.38429315,63.31132518,66.22485452,65.54550994,64.80991423,65.84221395,74.19595328,78.51965779,80.9476396,85.02994769,84.89753234,82.28184268,78.16651742,78.92640251,77.24509957,68.40576815,66.00727757,65.66128175,60.82791449,60.1415119,55.1047432,49.47893037,45.14512392,44.42317857,44.54256065,39.95649932,39.32553323,36.77333813,36.12981109,35.77562242,34.08933228,32.81993767,32.96270576,35.40619841,30.75333827,28.25709036,29.49462228,29.9591911,30.55002623,32.70007332,32.72837687,33.02424403,34.92389591,39.92935291,44.2872977,52.06257949,56.23878548,60.27714189,58.19602986,53.29545257,48.71734781,46.17237448,44.93481332,44.14435791,45.32094312,44.10674944,42.89650756,47.42979369,40.19501591,32.82791293,27.3941603,24.63133679,23.89449667,31.12544225,35.25797718,32.76581515,31.07264369,32.6412954,31.89057394,35.77766943,40.43887031,80.27269272,60.0607255,50.7388141,49.64412996,52.7392283,51.96991626,49.18151452,47.09585948,48.54895622,50.77468952,47.64075861,36.15169802,29.63853637,24.37838468,21.54460318,22.81579806,25.49490919,26.0657176,25.78723831,24.8304383,24.28302155,25.08114253,28.75632208,30.06427447,33.97170343,36.33599516,37.33709356,40.7606914,37.37455949,23.5440819,20.69556354,26.25897393,32.0157364,28.58305951,28.36213086,27.74990805,27.00450784,30.00567556,39.30452478,42.99314794,45.24897343,44.99923678,44.5254104,40.57393959,34.70951525,29.29786765,27.71077433,27.33684887,26.42987124,25.44556425,26.28715849,27.92271749,31.21312533,38.79082321,40.01595555,36.69010659,34.84682418,34.03290429,31.72221005,32.55769534,30.07306011,27.82692278,27.12185715,26.72082158,29.23061261,29.13325924,27.14669612,24.24599373,16.90821697,25.54237679,29.3816265,43.56175506,39.62431484,26.58465804,26.27614534,25.20853544,25.98780713,25.93271664,27.21350889,27.50822681,26.915904,25.29423936,21.40423596,24.19986491,26.70335147,26.54842367,26.98205751,25.18377872,25.79042978,25.48079654,24.86770582,21.7514565,19.91861458,19.52879553,20.06983594,19.2396008,16.43812646,15.82462148,15.40299849,14.42989761,12.63549229,11.21282537,11.28474613,10.63427982,9.995376781,9.102351695,9.417274715,8.480095165,8.464496546,10.39207683,12.61844863,16.7222559,20.38059776,22.05027968,23.04419129,24.8593205,24.19501112,21.34708768,20.66141866,20.27110038,20.38707499,24.21232484,32.37911327,34.32963428,22.91292686,23.53038234,19.76763611,16.5098266,15.3686571,16.06204376,19.30352813,18.32520663,17.60648709,21.91946569,25.23933237,29.01877977
2018-05-31 00:00:00-10:00,98.1822088,94.9828676,101.9744647,108.6902215,105.8633878,100.8667998,96.63739654,93.38404617,91.19692082,89.92813186,83.60505451,77.83490057,76.90716978,80.58872404,89.31678033,98.21481459,102.4990349,98.21526424,83.53684339,80.48869885,68.43883951,63.03987104,57.84832877,53.21563756,52.27085802,51.11176535,51.75812136,52.60295924,52.7554622,53.10535934,57.70109481,62.70713689,68.00652699,71.75827783,80.82817904,110.1251613,76.85934533,65.58771991,64.03926274,64.4449794,63.2784823,66.20027745,65.51374368,64.74375917,65.73495188,74.06875549,78.43474541,80.78636273,84.82407293,84.81098436,82.13950779,78.02382711,78.89633691,77.17922699,68.3524175,65.99947166,65.86390597,60.9370175,60.3029052,55.25539922,49.69111698,45.41348866,44.68496929,44.98053814,40.38392829,39.75401692,37.19981097,36.57216362,36.18849563,34.49174558,33.20702864,33.32398205,35.74750253,31.01215086,28.42795877,29.63461807,30.07578839,30.61987139,32.78408661,32.738592,33.00064098,34.83071029,39.80777566,44.38548069,52.06879929,56.17441521,60.04384169,58.15619712,53.13584904,48.51174159,45.94785207,44.74236447,43.93009435,45.08754589,43.89141024,42.58003678,47.07823178,39.87047572,32.56806058,27.14297595,24.43890269,23.71979019,30.93939057,35.04391489,32.55672779,30.80895041,32.39659782,31.6381288,35.6411286,40.31561541,80.19783093,59.98712017,50.67031488,49.56826314,52.70782104,51.94442244,49.15222282,47.10626935,48.52327243,50.77249835,47.62979917,36.15621123,29.60048762,24.36477315,21.58070801,22.84399641,25.49153206,26.05784895,25.7998625,24.84970588,24.29952697,25.10649681,28.7605461,30.0853578,33.97656248,36.3919314,37.54865692,40.80674293,37.31134184,23.550869,20.71768416,26.30654537,32.07045524,28.64841376,28.39590197,27.77041418,27.01241353,30.00822818,39.33474456,43.05848515,45.31195966,45.04698901,44.57021849,40.59353673,34.78557144,29.42090932,27.84534108,27.48086175,26.5758992,25.63176586,26.41655515,28.03140579,31.31615137,38.87943557,40.04930486,36.74118872,34.87730296,34.03034117,31.71103898,32.46125231,30.00568827,27.75767487,27.05550081,26.65617631,29.20419429,29.10904481,27.16427678,24.25104069,16.93791073,25.57998214,29.43426826,43.61995148,39.73135253,26.61221933,26.3243653,25.23327055,25.96414691,25.9368239,27.23671904,27.57694087,26.96148752,25.33601011,21.44917133,24.21714187,26.72545406,26.57972849,27.00081737,25.17221214,25.79079778,25.43094529,24.84184011,21.70321852,19.86334447,19.46672273,20.03996743,19.22318022,16.46664654,15.84362253,15.41385932,14.41483723,12.60925657,11.1715207,11.23323812,10.58204796,9.958785201,9.051777117,9.364681403,8.413860006,8.408425615,10.34542124,12.55447272,16.71485886,20.44203513,22.15780348,23.13253929,24.90241541,24.21955138,21.35796977,20.67837072,20.37964088,20.49542707,24.35805502,32.53287811,34.44389901,23.03131758,23.54354389,19.70437398,16.50268872,15.29833143,15.98931703,19.24714356,18.2693825,17.59360613,21.91362584,25.23497226,29.09473908
2018-06-30 00:00:00-10:00,98.17456084,95.01678054,102.0085725,108.6334087,105.8067928,100.7942201,96.61228347,93.39764803,91.16602136,89.88956386,83.55832521,77.75423114,76.75717747,80.45812414,89.20394339,98.11821929,102.3751081,98.0875637,83.43090276,80.42631904,68.40041374,63.02103315,57.82615525,53.28030985,52.37269807,51.19706406,51.80881057,52.66012246,52.80872179,53.15558624,57.67771119,62.67845172,67.99508231,71.80027754,80.81546986,110.1484795,76.8058916,65.5457952,64.08253013,64.49233837,63.24864515,66.18765584,65.49648402,64.69480649,65.63205074,73.93829942,78.34019219,80.62607834,84.6089624,84.71819185,82.00242403,77.88854748,78.8869189,77.15435441,68.33846988,66.0252691,66.07901569,61.08245541,60.47675118,55.40222714,49.89794217,45.68898831,44.96362961,45.41487405,40.81433351,40.19643868,37.64192138,37.02067812,36.6131254,34.92028299,33.61579566,33.71213949,36.11821789,31.28683655,28.60257199,29.78037906,30.20799947,30.70498712,32.86555632,32.75039518,32.97288244,34.75112417,39.67420769,44.43771947,52.0750234,56.11834291,59.80554244,58.11173226,52.99620503,48.32181311,45.74841,44.57705414,43.74642689,44.88692152,43.70777949,42.30144496,46.76389619,39.59294328,32.35636695,26.92700683,24.26748404,23.56163784,30.76879801,34.84450961,32.35838708,30.56426524,32.17099623,31.40267928,35.51200107,40.19010036,80.12092318,59.9114591,50.59891401,49.48567223,52.66262556,51.90558991,49.10716119,47.09202947,48.47596636,50.74896804,47.59826966,36.13636756,29.5414426,24.33535564,21.60932478,22.86475735,25.48351259,26.04233281,25.8023098,24.85909728,24.30387451,25.12612191,28.76504473,30.11299055,33.98587607,36.45158542,37.73352479,40.84013522,37.24161902,23.54809583,20.73709895,26.34720352,32.11949086,28.70804263,28.42347733,27.78804551,27.01992352,30.01219058,39.37425483,43.12573029,45.35923722,45.09133707,44.61800877,40.61760034,34.85837852,29.53989305,27.97700661,27.61529183,26.71197771,25.80824329,26.53787279,28.13394369,31.41689186,38.96758438,40.08300605,36.78533021,34.90134873,34.02273128,31.69631879,32.3660093,29.9374415,27.69050353,26.99109739,26.59132248,29.17202722,29.08269917,27.1757083,24.24959352,16.96375644,25.61227513,29.47840893,43.67045017,39.82587782,26.62696368,26.36346783,25.25094417,25.92954842,25.92717053,27.2474361,27.62928141,26.98896391,25.35868207,21.47647414,24.21809748,26.72741636,26.59570092,27.00271554,25.14776879,25.77817757,25.37205261,24.80783306,21.6498058,19.8026932,19.40002673,20.00046041,19.1982362,16.48417385,15.85317069,15.4169159,14.39265863,12.57954625,11.12711249,11.17906812,10.52637584,9.922626034,9.009849502,9.324253027,8.357230861,8.361902835,10.3058671,12.48276659,16.69563014,20.48556234,22.24563791,23.20026978,24.9230635,24.21780969,21.34644413,20.67275173,20.46345647,20.57944254,24.47658361,32.64948579,34.52165606,23.11864236,23.53899805,19.63913548,16.49148737,15.2223928,15.9026552,19.18124067,18.20813872,17.56975721,21.8987112,25.21155201,29.14560769
2018-07-31 00:00:00-10:00,98.08854247,94.9917481,101.9737523,108.5455662,105.7186634,100.6873753,96.55611997,93.36966396,91.10759355,89.82039373,83.49121005,77.66533989,76.59963766,80.33032888,89.08563341,98.0109177,102.2368006,97.94987738,83.3219912,80.3661451,68.36228701,63.0021549,57.80942329,53.34526558,52.46915126,51.2768817,51.85686773,52.71968158,52.86168402,53.20484872,57.6499299,62.64747236,67.97029158,71.83090809,80.800893,110.1624738,76.74622609,65.50219803,64.11234852,64.52225573,63.21477314,66.17900917,65.48393701,64.65256251,65.52493984,73.79294152,78.2241723,80.45339822,84.37173672,84.59872716,81.85284846,77.74888462,78.88915304,77.16172681,68.3579519,66.08144559,66.30911753,61.26005535,60.66228722,55.54805557,50.10222204,45.97207813,45.25843374,45.84814092,41.25081902,40.65422356,38.10215865,37.47800658,37.05414049,35.37693483,34.04725541,34.12723552,36.51588811,31.57775097,28.78129626,29.92956671,30.34453132,30.79351874,32.93515664,32.75942271,32.9394711,34.68206804,39.5289462,44.44338706,52.07466281,56.0626855,59.55656316,58.05924517,52.87348873,48.14651996,45.57048665,44.43193673,43.58807262,44.7128765,43.54998974,42.05834739,46.48691679,39.35944808,32.19083543,26.74760228,24.11983549,23.42244932,30.61697747,34.66361466,32.17890837,30.34233237,31.9663028,31.18481665,35.38818287,40.06202535,80.03987164,59.83221626,50.52008416,49.39175229,52.59828856,51.84849795,49.04181234,47.04790776,48.4032856,50.6987742,47.53997348,36.08746013,29.45936088,24.28909836,21.6295299,22.87696889,25.47029333,26.01839019,25.79335693,24.85745299,24.29556016,25.13883008,28.76902117,30.14743085,34.00183109,36.51487555,37.89132206,40.86374524,37.17043706,23.53669821,20.75312237,26.38319082,32.16564554,28.76483737,28.4485042,27.80238516,27.02676631,30.01788438,39.42537333,43.19573275,45.3937625,45.13683928,44.6702902,40.64736629,34.9256906,29.65333441,28.10414811,27.73968582,26.83773906,25.97267875,26.65062616,28.22953908,31.51335721,39.05220409,40.1124242,36.8193925,34.91594505,34.00774668,31.67539281,32.27119516,29.86797567,27.62478801,26.92993395,26.52822351,29.13531078,29.05343715,27.18031293,24.24239997,16.98518478,25.6388621,29.51418865,43.71061456,39.90251351,26.62450653,26.38928393,25.2592901,25.88325459,25.90256894,27.24449548,27.66224839,26.99679213,25.36278854,21.48826313,24.20540709,26.71053726,26.59780305,26.98724147,25.11133497,25.75348917,25.3056844,24.76685139,21.59150592,19.73727546,19.32973705,19.95157714,19.16439878,16.49020759,15.85328366,15.41378852,14.36573855,12.54963448,11.08270491,11.12531821,10.47007083,9.889525272,8.977618739,9.29523427,8.309449814,8.325651119,10.27607994,12.40981312,16.66972974,20.51458405,22.31646736,23.25052336,24.92256093,24.19389995,21.31715419,20.64992677,20.52740974,20.64246504,24.57182924,32.73342681,34.56760765,23.17879321,23.52274124,19.57350802,16.47514124,15.14597636,15.80948482,19.1121491,18.14621686,17.53757531,21.87646227,25.17277616,29.17404864
2018-08-31 00:00:00-10:00,97.93326045,94.91521223,101.8791386,108.4222842,105.5962208,100.5456457,96.46989997,93.30181832,91.023093,89.72261641,83.4037364,77.56221364,76.43650513,80.20456881,88.96261993,97.89558587,102.0885908,97.80458849,83.20970893,80.3079115,68.32643635,62.98436705,57.7988959,53.41004682,52.5566778,51.34962771,51.89894299,52.77674886,52.90711308,53.24435052,57.61293926,62.60876915,67.92921721,71.84722076,80.78118249,110.1564556,76.67076134,65.44789056,64.11885008,64.52693122,63.1648472,66.16104722,65.46208858,64.6022855,65.40293394,73.61987763,78.07601042,80.25796435,84.10363167,84.43811218,81.67799083,77.59929869,78.89699719,77.19429485,68.40681148,66.16687488,66.55998514,61.46972402,60.86339735,55.70339538,50.31507264,46.27107898,45.57505636,46.29315418,41.70640047,41.13772609,38.59108696,37.95420086,37.52208321,35.86912662,34.5073846,34.57471291,36.94279086,31.89183328,28.97039795,30.08469932,30.48246209,30.8812453,32.98936344,32.76391196,32.89867311,34.61887353,39.37107577,44.40465182,52.06353325,55.99790561,59.2959067,57.9918097,52.76338554,47.98390944,45.40894288,44.29877366,43.44842304,44.55763233,43.41077558,41.8460514,46.24397211,39.16396007,32.06534706,26.60440831,23.99640732,23.30310879,30.48812522,34.50492092,32.0250484,30.14690289,31.78528436,30.98516858,35.2679323,39.93215736,79.95363517,59.74982881,50.43182414,49.28445546,52.51232596,51.77101206,48.95479312,46.97294134,48.30543572,50.62004862,47.45220355,36.00877403,29.35585409,24.22725863,21.64165213,22.88096144,25.45250229,25.98666489,25.77297702,24.84493022,24.27511579,25.14439159,28.77222072,30.18738482,34.02528868,36.58282504,38.02386531,40.88195648,37.10251513,23.51930808,20.76639964,26.41550694,32.21004374,28.82004862,28.47250324,27.8138293,27.03338683,30.02578529,39.48498167,43.2665276,45.41474207,45.18393073,44.72449156,40.68041038,34.98363888,29.7584434,28.22390913,27.85317465,26.95249869,26.12250253,26.75367808,28.31762064,31.60427874,39.13022917,40.1326141,36.83964828,34.91843836,33.98261761,31.64509108,32.17450076,29.79631701,27.55946466,26.87157533,26.46697688,29.09528078,29.02167015,27.17833997,24.23104069,17.00308237,25.66053075,29.54382465,43.74007698,39.95877279,26.60359152,26.40057031,25.25886898,25.82768026,25.86529278,27.23000111,27.67657406,26.98742859,25.35260725,21.49064147,24.18426182,26.67927953,26.58991493,26.95650334,25.06553852,25.71988518,25.23515916,24.72211749,21.53028267,19.66878624,19.25844955,19.89483568,19.12332754,16.48593485,15.84537267,15.40602667,14.33692468,12.52361239,11.04226605,11.07572581,10.4169489,9.862757352,8.95651187,9.277164077,8.269998646,8.300523547,10.25731924,12.34208104,16.64234573,20.53370415,22.37372033,23.28635187,24.90533116,24.15374608,21.27635183,20.61663638,20.57673309,20.68863836,24.64799714,32.79055605,34.5870202,23.21744536,23.49954558,19.50822289,16.45196994,15.07243146,15.71699594,19.04567774,18.08620563,17.4989328,21.84816659,25.12312024,29.18491841
2018-09-30 00:00:00-10:00,97.72086005,94.79887469,101.7371815,108.2574802,105.4351973,100.3663936,96.35125859,93.19454771,90.91107186,89.59496359,83.29047733,77.4369587,76.26734036,80.0798315,88.83457079,97.7734469,101.9330285,97.65092804,83.09044732,80.24817146,68.29082356,62.96458586,57.79138896,53.471015,52.63192859,51.41343117,51.93109734,52.82462386,52.9366799,53.26499766,57.56372121,62.55801821,67.86930822,71.84386488,80.75105085,110.1206409,76.57231073,65.3737709,64.09304511,64.49619226,63.0872771,66.12093815,65.41857137,64.53165447,65.25778986,73.41150372,77.89228395,80.03788259,83.80526615,84.23561721,81.47830025,77.44170915,78.9087666,77.24771098,68.48232083,66.28183847,66.83379678,61.71370895,61.08563181,55.87753579,50.54574898,46.59490809,45.92099387,46.76061701,42.19203973,41.65480929,39.11667955,38.45706894,38.02485047,36.40110124,34.99978801,35.05811795,37.40062986,32.24040081,29.18124212,30.25476687,30.62776895,30.97250001,33.03154315,32.7645621,32.84961214,34.55835832,39.19950764,44.32744993,52.03858719,55.91545754,59.03093578,57.90592192,52.66495106,47.83445457,45.26053327,44.17227206,43.32269592,44.41456454,43.2842113,41.65971636,46.02829355,38.99725469,31.96951303,26.49452171,23.89611066,23.20328069,30.38283785,34.36649709,31.89627544,29.97843607,31.62877552,30.80238924,35.15122338,39.8031468,79.86346202,59.6670653,50.33530413,49.16484047,52.40547647,51.67444654,48.84733735,46.86939488,48.18505675,50.51429189,47.33602636,35.9024514,29.23416845,24.15187924,21.64578513,22.87724334,25.43080941,25.94845469,25.74188589,24.8221944,24.24409928,25.14317191,28.77500507,30.23063078,34.05551477,36.65532952,38.13383147,40.89860648,37.04216489,23.49979361,20.77803616,26.44420042,32.25252415,28.87355414,28.49587272,27.82309552,27.04063382,30.03511391,39.54625599,43.3343157,45.42233264,45.2303042,44.77635059,40.71378684,35.02997727,29.85288157,28.33351579,27.95484258,27.05616486,26.25526633,26.84587954,28.39818826,31.69017899,39.20009848,40.1403097,36.8443878,34.90783929,33.94574692,31.6033735,32.07303439,29.72153204,27.49375498,26.81531291,26.4070619,29.05390534,28.98909214,27.17143713,24.2173215,17.01836692,25.67794531,29.56932276,43.75739844,39.99262132,26.56456005,26.39728979,25.25133073,25.76590498,25.81841675,27.20686563,27.67379512,26.96465989,25.33306567,21.48962652,24.16130245,26.6400031,26.5776453,26.91573374,25.01482758,25.68217164,25.16512754,24.67776511,21.46917875,19.59945476,19.18882173,19.83244622,19.07808171,16.4737164,15.83241147,15.39524487,14.30977526,12.5051576,11.00968231,11.03356346,10.37015552,9.844290952,8.94795629,9.269092086,8.238648202,8.286996224,10.24955752,12.28404225,16.61695406,20.54602335,22.41878089,23.30887527,24.87523469,24.10200273,21.22829166,20.57779788,20.61487288,20.72109432,24.70779295,32.82542913,34.58522868,23.24047212,23.47088866,19.44368796,16.41974528,15.00258625,15.63039926,18.98488611,18.02877436,17.45614191,21.8157726,25.06840383,29.18421007
2018-10-31 00:00:00-10:00,97.46343709,94.65682035,101.5615909,108.0503815,105.2361682,100.1506704,96.19901035,93.05109885,90.76996064,89.43477705,83.14386002,77.2803805,76.09046488,79.95344524,88.70169308,97.64636937,101.7727922,97.48787853,82.96072958,80.1836835,68.2531139,62.9395815,57.78392641,53.52592271,52.69420514,51.46865948,51.95216946,52.85960936,52.94664483,53.26270736,57.50362209,62.49527003,67.79141964,71.81877374,80.70721777,110.0501675,76.44919071,65.27573746,64.03276132,64.42618854,62.97745885,66.05218363,65.34809642,64.43593646,65.0879365,73.16880885,77.67753627,79.80033478,83.48682458,84.00704588,81.2678932,77.28609632,78.9283252,77.32023198,68.58220312,66.4253192,67.12830601,61.99087536,61.3303653,56.07466902,50.79803655,46.94708638,46.3007146,47.25440958,42.71040787,42.20575359,39.67875193,38.98712819,38.56228069,36.96859291,35.52163737,35.57582617,37.887179,32.63535315,29.42806685,30.45292386,30.79207837,31.0772589,33.06899227,32.76275929,32.79331174,34.49969104,39.01551261,44.22217347,52.00398299,55.81683267,58.77745624,57.80381724,52.58128217,47.70205262,45.1254159,44.05282339,43.2102388,44.28092166,43.16662488,41.49375461,45.82954532,38.84652739,31.88923352,26.4096563,23.81449952,23.11958444,30.29480006,34.24027373,31.78403771,29.83162209,31.49358251,30.63392182,35.03727875,39.67782196,79.7722241,59.58740982,50.234078,49.03657473,52.28139953,51.56223213,48.72228082,46.7421609,48.04703989,50.38628095,47.19629821,35.77334181,29.09906197,24.06589751,21.64280403,22.86726418,25.40656896,25.90562993,25.70177893,24.79089125,24.204444,25.13575472,28.77838034,30.27463598,34.08995177,36.72985434,38.22358963,40.91507333,36.99157839,23.48255635,20.78858711,26.46850679,32.29189607,28.9239387,28.5174184,27.8294452,27.04768475,30.04262397,39.60176758,43.39426771,45.41675031,45.27127578,44.82160795,40.7444187,35.06484488,29.93613343,28.430979,28.04424887,27.14886136,26.36977649,26.92751669,28.47230704,31.7725064,39.26146786,40.13465755,36.8352572,34.88544203,33.89841688,31.55063364,31.96523432,29.64298502,27.42735423,26.76052205,26.34826247,29.01476068,28.95825296,27.16189015,24.20268328,17.03122839,25.69137253,29.59246628,43.76176545,40.00376019,26.50854604,26.37883047,25.23709191,25.69994772,25.76382919,27.17698396,27.65660149,26.93249767,25.30843441,21.48975852,24.14209565,26.598745,26.56633444,26.87137677,24.96480238,25.64597357,25.10061804,24.63731783,21.41119381,19.53062472,19.12204897,19.76597368,19.03148572,16.45655202,15.81798504,15.38392217,14.28715067,12.49631315,10.98797426,11.00120023,10.33179859,9.835124375,8.952305818,9.269100826,8.215037279,8.284753334,10.25204295,12.23738536,16.59505811,20.55166447,22.45035487,23.3180025,24.83445071,24.04116662,21.17424598,20.5352006,20.64218692,20.74204251,24.75261479,32.84254955,34.56839589,23.25241138,23.4360243,19.38043835,16.376654,14.93637297,15.55457199,18.93257152,17.97423182,17.41197548,21.78169677,25.01354506,29.17736529
2018-11-30 00:00:00-10:00,97.17101158,94.50112015,101.3632282,107.8055264,105.0034377,99.90275387,96.01313616,92.87547993,90.59908754,89.23827189,82.9580995,77.08408413,75.90362782,79.82109768,88.56266807,97.5153103,101.6097637,97.31667051,82.82018727,80.11458292,68.21362032,62.90909897,57.77651903,53.57651085,52.74667622,51.5187676,51.96412532,52.8815618,52.93756424,53.23759915,57.43595747,62.4229616,67.69848919,71.77424113,80.64969096,109.9448465,76.30416355,65.15634321,63.9447247,64.32249711,62.84056504,65.95669914,65.25345923,64.31854594,64.89919107,72.9009973,77.44362244,79.55876843,83.16487528,83.77656165,81.06639125,77.14666194,78.96192074,77.41104338,68.70351191,66.59337403,67.43713512,62.29474858,61.59358817,56.29326614,51.07042423,47.32545071,46.71284283,47.77148575,43.25773866,42.78600379,40.27252201,39.54089677,39.12909039,37.56177548,36.06597758,36.12266298,38.39730246,33.08086195,29.71949165,30.68878505,30.98542882,31.20435307,33.10930473,32.761285,32.73368876,34.44523827,38.82413508,44.10152509,51.97135267,55.71317211,58.55526054,57.69232089,52.51687141,47.59155152,45.00514351,43.9443096,43.11315824,44.15734198,43.05663588,41.34118107,45.63573982,38.69711852,31.80807646,26.33686657,23.74265146,23.04447315,30.21452392,34.11588748,31.67730839,29.69504307,31.3709083,30.47430346,34.92342174,39.55734254,79.68196989,59.51378491,50.132701,48.90493372,52.14748192,51.44124892,48.58670445,46.60112018,47.89976125,50.2451875,47.04255674,35.63062155,28.95748871,23.97430295,21.63547849,22.85405739,25.38234567,25.86086549,25.65576888,24.75452066,24.15968873,25.12438964,28.78446096,30.3179185,34.12598529,36.80322605,38.29540628,40.93018887,36.94959316,23.4700021,20.79636077,26.48654969,32.32579832,28.9683486,28.53443419,27.83072851,27.0520012,30.04585124,39.64548301,43.44125341,45.39685083,45.30267524,44.85666626,40.76896327,35.08898683,30.00796846,28.51450176,28.11990817,27.22992815,26.46537762,26.99888815,28.5410636,31.85224672,39.31428062,40.11656644,36.81398366,34.85276684,33.84259577,31.48771389,31.85222752,29.56171669,27.36130821,26.70719722,26.29100375,28.97948498,28.9302229,27.15044568,24.18688559,17.04083363,25.7005018,29.61438696,43.75329362,39.9932172,26.43672064,26.34365336,25.21436778,25.63009451,25.70151256,27.14106177,27.62753693,26.89402894,25.28134297,21.492938,24.12920447,26.55903568,26.55838555,26.82739481,24.91890172,25.61423625,25.0444624,24.6023567,21.35826458,19.46326512,19.05862534,19.6969463,18.98488809,16.43563756,15.80352462,15.37240412,14.26908744,12.49600208,10.97703893,10.97732875,10.30072671,9.832831418,8.966501713,9.272534118,8.196889687,8.291186508,10.26198149,12.20079063,16.57551538,20.54911483,22.46832612,23.31533997,24.78553155,23.97381271,21.11618276,20.49095547,20.65912908,20.7540653,24.78587992,32.84709912,34.54269614,23.25725916,23.39387651,19.32018978,16.32308052,14.8743425,15.49183079,18.8901623,17.92372318,17.36812996,21.74753877,24.96137132,29.16863833
2018-12-31 00:00:00-10:00,96.84820041,94.33601564,101.1452662,107.527652,104.7403379,99.62554149,95.79278299,92.66810017,90.3978008,89.00348119,82.73051635,76.84167356,75.70529114,79.67758414,88.4145925,97.37906299,101.4436496,97.13775435,82.66796704,80.04078136,68.17277612,62.87316057,57.77036529,53.62682058,52.79529327,51.56825661,51.96964916,52.89177589,52.91201124,53.19241244,57.36469725,62.34455996,67.59439454,71.71561417,80.58197413,109.8100784,76.14527865,65.02427808,63.84129598,64.1962447,62.68776396,65.84170546,65.142895,64.1885096,64.70211489,72.62112046,77.20588424,79.32859987,82.85540055,83.5652529,80.88908236,77.03470089,79.0124106,77.51929453,68.84173951,66.78011404,67.75200065,62.61659937,61.86867801,56.52825262,51.35798244,47.72445263,47.1519422,48.30613348,43.82745485,43.38876465,40.8912385,40.11380893,39.71756702,38.16861313,36.62223842,36.69020354,38.92311049,33.57295497,30.05676015,30.96626758,31.21365967,31.35855511,33.15860669,32.76418839,32.67747515,34.39995233,38.63394482,43.97930991,51.95140337,55.6155865,58.37791046,57.57864296,52.47318302,47.50562811,44.89919809,43.845887,43.02882341,44.04035292,42.94945083,41.19087025,45.43588722,38.53585501,31.71122468,26.26217584,23.67007772,22.96906941,30.13037058,33.98101104,31.56326811,29.55519167,31.24730101,30.31456865,34.80470055,39.44065519,79.59365262,59.44691168,50.03425698,48.7736874,52.01156013,51.31897671,48.44957287,46.45666334,47.75146557,50.10042084,46.88599144,35.48500695,28.81577457,23.88153531,21.62522364,22.8393357,25.35976084,25.81571602,25.60596503,24.71556252,24.11246827,25.11058903,28.79455027,30.35988845,34.16182189,36.87393962,38.35042756,40.94347497,36.91417268,23.46046797,20.79947921,26.49711193,32.3524471,29.0044453,28.54452691,27.82561332,27.05134034,30.0424378,39.67315341,43.47163972,45.36208448,45.31980917,44.87777767,40.78490235,35.10123964,30.06632759,28.58155884,28.17959428,27.29784151,26.54098969,27.05888298,28.60413772,31.92835622,39.35731343,40.0860271,36.78105047,34.8104773,33.77948531,31.4149887,31.73520611,29.47874445,27.29641582,26.65542895,26.23617445,28.9492918,28.90561605,27.13728291,24.16844192,17.04561014,25.70479439,29.63510262,43.73145801,39.96173659,26.35002697,26.2910258,25.18161454,25.55601249,25.63054174,27.09858448,27.58813789,26.85048779,25.25215152,21.49784663,24.12139479,26.52057487,26.55236211,26.78333714,24.87612391,25.58555233,24.9953746,24.57130334,21.3098364,19.39680978,18.99787058,19.62558126,18.93688931,16.40968956,15.78784849,15.35918518,14.25339852,12.50129212,10.97491175,10.95876836,10.27412719,9.833192456,8.985465133,9.273847832,8.181067812,8.302839574,10.27559357,12.17090956,16.55565754,20.53633787,22.47214651,23.30142861,24.72934994,23.90143277,21.05438853,20.44537768,20.66500136,20.75853848,24.80985497,32.84290558,34.5123584,23.25772098,23.34336695,19.26400531,16.26057896,14.81688165,15.43990129,18.85449255,17.87720629,17.3251533,21.71468951,24.91393083,29.16009041
2019-01-31 00:00:00-10:00,96.49532058,94.15737496,100.9037951,107.2179404,104.4461297,99.31847236,95.53623905,92.4274076,90.16459042,88.73035111,82.46169097,76.55177269,75.4947873,79.51945961,88.25614906,97.23818636,101.2751747,96.95263758,82.50510722,79.96406365,68.13184429,62.83237613,57.76704124,53.68067749,52.84565586,51.62013609,51.96994541,52.8906786,52.87182713,53.13028599,57.2922485,62.26249953,67.48245454,71.64828652,80.50845824,109.6526778,75.98117085,64.88959167,63.73288922,64.05666167,62.52973978,65.71659539,65.02714618,64.05669024,64.50797343,72.34226451,76.97923088,79.12332967,82.5677116,83.38455486,80.74175166,76.95612521,79.07641182,77.64131453,68.98987336,66.97686956,68.06169454,62.94445871,62.14535673,56.77009529,51.6516398,48.13419481,47.60759078,48.8490544,44.40914311,44.00379976,41.52411839,40.69965717,40.31826272,38.7750898,37.17731835,37.26767008,39.45497277,34.10134949,30.43410185,31.28328519,31.4763988,31.54097627,33.22145997,32.77296213,32.6290556,34.36624202,38.45221789,43.86854231,51.94786402,55.52977702,58.24789732,57.46694577,52.44518688,47.44041342,44.80093265,43.75164573,42.95006829,43.92182991,42.83593551,41.03169457,45.21885596,38.35173411,31.5873051,26.17183504,23.58619592,22.88443207,30.02938508,33.8225241,31.42584571,29.3990011,31.10946712,30.14473942,34.67516841,39.32408523,79.50670742,59.38520357,49.93983506,48.64553115,51.87967403,51.2009678,48.31814238,46.31727299,47.61020881,49.96089562,46.73592685,35.34492061,28.67777501,23.79036536,21.61196182,22.82317213,25.33859223,25.77040316,25.55334301,24.67478561,24.06369125,25.09450497,28.80846702,30.3992943,34.19540181,36.93987266,38.38839169,40.95336466,36.8803793,23.44928421,20.79484392,26.49871968,32.36999234,29.02932051,28.54426511,27.81211201,27.04234744,30.0288825,39.68204772,43.48228482,45.31108821,45.31607739,44.88007202,40.7889436,35.0990133,30.10811004,28.62889455,28.22071608,27.35053113,26.5952309,27.10518447,28.65892284,31.99651439,39.38669852,40.04093048,36.73573219,34.75823107,33.70882922,31.33168516,31.61434421,29.39428184,27.23275665,26.60461308,26.18344084,28.9236673,28.88396088,27.12199826,24.14474605,17.04361367,25.70278337,29.65358435,43.69469531,39.91048467,26.24933111,26.22150081,25.13703882,25.47730495,25.54942327,27.04779659,27.53943719,26.80177796,25.21939382,21.5008346,24.11424321,26.48015681,26.54485136,26.73595394,24.83262761,25.55523288,24.94893801,24.5401721,21.26309679,19.3289336,18.93763423,19.55073877,18.88500765,16.37673563,15.76897793,15.34246158,14.23773436,12.50936321,10.97926876,10.9426726,10.24935052,9.831961266,9.003926301,9.268057771,8.164282806,8.315876803,10.28884081,12.14379758,16.53214549,20.51110837,22.4605746,23.27546627,24.66501252,23.82378929,20.98764334,20.39693601,20.65794829,20.75609724,24.82535479,32.83184562,34.47908367,23.25471689,23.28335516,19.210605,16.19039516,14.76374083,15.39508047,18.82065955,17.83407246,17.28292672,21.68364353,24.87113389,29.15158118
2019-02-28 00:00:00-10:00,96.11495375,93.96184782,100.637173,106.8795342,104.1219301,98.98347733,95.24500977,92.15465591,89.90006383,88.4215009,82.15637393,76.22146976,75.27177043,79.34874421,88.08758462,97.09455295,101.1051002,96.76231218,82.33332248,79.88785584,68.09310717,62.79010035,57.7697714,53.74098001,52.90186464,51.67631096,51.96589776,52.87711835,52.81726918,53.0540918,57.21776377,62.17546836,67.36307399,71.57489505,80.42951979,109.4754739,75.8162931,64.76020843,63.6247362,63.90893915,62.37381451,65.590305,64.91710951,63.93167799,64.32530283,72.07364046,76.77329925,78.94949254,82.30391163,83.24836388,80.6333789,76.91038179,79.14681331,77.77148453,69.14353883,67.17598475,68.35399493,63.26628645,62.41369735,57.00990229,51.94208048,48.54348441,48.06709438,49.38678839,44.98886754,44.61777488,42.15616193,41.28789446,40.91814199,39.36509034,37.71622336,37.84070668,39.98038886,34.64926786,30.83989579,31.63166557,31.76692909,31.74781002,33.29940247,32.78744762,32.5904225,34.34484168,38.28416149,43.77869041,51.95861979,55.45652897,58.15950304,57.35783797,52.42294462,47.38611885,44.69982066,43.65705802,42.87206633,43.79622019,42.70974638,40.85682405,44.97632289,38.13838218,31.43104291,26.055838,23.48292298,22.78300917,29.90141535,33.63066766,31.25190561,29.21594482,30.94724099,29.95675874,34.53059669,39.2029108,79.41915545,59.32577357,49.84842731,48.52114797,51.75460639,51.08924036,48.19491015,46.18677976,47.47964258,49.83089647,46.59629945,35.21408921,28.54387005,23.70088382,21.59509436,22.80448837,25.31761828,25.72445942,25.49824496,24.63181879,24.01376726,25.07597864,28.82486281,30.43564495,34.22574623,36.99952951,38.40846345,40.95702784,36.84095627,23.43114371,20.77982174,26.49054905,32.37735864,29.04089666,28.53050501,27.78829495,27.02147826,30.00129921,39.67048855,43.47202544,45.24003524,45.28431491,44.85903588,40.7776796,35.07872038,30.13067006,28.65389378,28.24148121,27.38691866,26.62814042,27.1362712,28.7023814,32.05213894,39.39914718,39.97936051,36.67775988,34.69642403,33.63073377,31.23774177,31.49029645,29.30888919,27.17040088,26.55390609,26.13212839,28.90070598,28.86405405,27.10427062,24.11370372,17.03294985,25.69256565,29.66820675,43.642336,39.84194333,26.13591306,26.13609891,25.078853,25.39285496,25.45548477,26.98520032,27.48168498,26.74694778,25.18060648,21.49744154,24.10186703,26.4332034,26.53287622,26.6808697,24.78360482,25.51733396,24.8996001,24.50436202,21.21446819,19.25705641,18.87554928,19.47094066,18.82670772,16.33502293,15.74483677,15.32122901,14.22094454,12.51915276,10.98910989,10.92833873,10.22579892,9.826980442,9.018845195,9.25301897,8.145429913,8.328152271,10.29944646,12.11650722,16.50191161,20.47218836,22.43247353,23.23609691,24.59066698,23.73863314,20.91324316,20.34226097,20.63551503,20.74692087,24.83259045,32.81407287,34.44229761,23.2471234,23.21184777,19.1547166,16.11257194,14.71281031,15.35317347,18.78391451,17.79347619,17.24046725,21.65311094,24.83039359,29.14123668
2019-03-31 00:00:00-10:00,95.71285311,93.74915487,100.3481096,106.5168669,103.7705985,98.62422052,94.92217845,91.85231515,89.60582329,88.08041892,81.82000311,75.86347442,75.03636732,79.17099185,87.91108519,96.95084651,100.9354141,96.56866599,82.15524464,79.81572214,68.05949733,62.74987805,57.78079264,53.80958761,52.96649438,51.73777657,51.95884908,52.85031406,52.74928253,52.96674674,57.13850914,62.07962137,67.23428653,71.4949101,80.34373521,109.2802689,75.65228551,64.64073375,63.5193513,63.7579154,62.22621925,65.46913448,64.82024698,63.8199829,64.1623647,71.82427261,76.59651856,78.81379688,82.06994815,83.16485841,80.57307243,76.90222384,79.22508254,77.91241673,69.30711357,67.37539372,68.61805468,63.57360177,62.66682126,57.24041009,52.22396432,48.94674443,48.52292005,49.9104054,45.55682005,45.22062883,42.77428467,41.86764589,41.50563233,39.92596285,38.22693392,38.39476128,40.48533166,35.19617795,31.25751343,31.99746586,32.07319835,31.9706246,33.38972916,32.8072069,32.56313669,34.3365453,38.13441179,43.7144848,51.97826234,55.39200469,58.10267172,57.24796918,52.39775741,47.33444754,44.58773248,43.55857136,42.79243762,43.66141176,42.56855655,40.66336501,44.70474216,37.89381028,31.24216262,25.91008855,23.35692303,22.66124641,29.7426407,33.40254435,31.03702692,29.00148107,30.75548312,29.74649708,34.36758745,39.07270528,79.32740808,59.26449073,49.75676866,48.398445,51.63482431,50.98138109,48.07728509,46.06413701,47.35823574,49.70941567,46.46524347,35.09070803,28.41199677,23.61057794,21.57380163,22.78229077,25.29642364,25.67831737,25.4413056,24.58639632,23.96320862,25.05430533,28.84117588,30.468324,34.25132049,37.05208797,38.40828044,40.95077114,36.79000024,23.40147301,20.7525001,26.47158568,32.37364157,29.03771222,28.50067791,27.75267739,26.98586938,29.95594205,39.63611847,43.43956282,45.144043,45.21745843,44.81004891,40.74680362,35.03707246,30.13108935,28.65435792,28.24020656,27.40540048,26.63992531,27.15079172,28.73127437,32.09226508,39.39369342,39.9005699,36.6076627,34.62578087,33.54539635,31.13330395,31.36391666,29.22363282,27.11012909,26.50324354,26.08211993,28.87837153,28.84475706,27.08386638,24.07392396,17.01210657,25.67158969,29.67592634,43.57488611,39.75822638,26.01075575,26.0352809,25.00396902,25.30022494,25.34596382,26.90711765,27.41379751,26.68364987,25.13245915,21.48303567,24.0782869,26.37523878,26.51442705,26.61359915,24.72477688,25.46613378,24.84239701,24.45958767,21.16050496,19.17906739,18.80889658,19.38400133,18.75887785,16.28233779,15.71274437,15.29436317,14.20183394,12.53005624,11.00324156,10.91566876,10.20364011,9.817249106,9.02844955,9.228078,8.124456401,8.337748138,10.30567637,12.08673778,16.46375826,20.41953977,22.38693372,23.1821486,24.50422933,23.64114609,20.82677875,20.27621273,20.59512652,20.73107976,24.83144959,32.78780254,34.39888693,23.2317145,23.12405072,19.091623,16.02635878,14.66181528,15.31013331,18.73901485,17.75263353,17.19536449,21.62018077,24.7873669,29.125752
2019-04-30 00:00:00-10:00,95.29652208,93.52079687,100.0427092,106.1351212,103.396647,98.24612525,94.57266148,91.52438945,89.28576015,87.71246292,81.45904021,75.4883617,74.79128282,78.99033443,87.7306912,96.81045069,100.7696636,96.37505108,81.97527354,79.75032953,68.03300268,62.71339544,57.80072675,53.88734377,53.04057741,51.80355401,51.94941671,52.80903761,52.66767533,52.87195777,57.05211585,61.97141754,67.09399879,71.4067724,80.2499309,109.0694031,75.489394,64.5332894,63.41769339,63.61147692,62.09489451,65.35570613,64.74103851,63.72563973,64.02364252,71.60072122,76.45432275,78.72514215,81.87855445,83.13512194,80.5667347,76.93931878,79.3190037,78.0732774,69.48983233,67.5785073,68.84779268,63.8639784,62.90504332,57.45764369,52.49668431,49.34355867,48.97237601,50.41554549,46.10962008,45.80877698,43.3722187,42.4336144,42.07613518,40.45406524,38.70649531,38.92063761,40.95985317,35.72325243,31.66839161,32.36302736,32.37984949,32.19737069,33.48480764,32.8319245,32.54881933,34.34176119,38.00614642,43.67441143,51.9992829,55.33006146,58.06423994,57.13321085,52.36433528,47.28049621,44.46160798,43.45202805,42.70828406,43.51522909,42.41039812,40.44892632,44.40459596,37.61898164,31.0226506,25.73590515,23.20907021,22.5199903,29.55562497,33.1433419,30.78732982,28.75831954,30.53564718,29.51470988,34.18457307,38.93075763,79.22798968,59.19775945,49.66138785,48.27392548,51.51544393,50.87184036,47.95980149,45.94548614,47.24139395,49.59139049,46.33774071,34.96972285,28.27878589,23.51587443,21.54724231,22.75590866,25.27525664,25.63376869,25.38414769,24.53864103,23.91216064,25.02824364,28.8540751,30.49590669,34.26989854,37.09616865,38.3843845,40.93176663,36.72374856,23.35718612,20.71141084,26.44099487,32.35816587,29.01882392,28.45284041,27.7038515,26.93341951,29.89006637,39.57621052,43.38258006,45.01954929,45.11110985,44.73013101,40.69129744,34.97083266,30.10576262,28.62814346,28.2149186,27.40362713,26.63071645,27.14769003,28.7433212,32.11574196,39.37134494,39.80415345,36.52656646,34.5476245,33.45395579,31.01997588,31.23680931,29.14011912,27.0534732,26.45319149,26.03310095,28.85415807,28.82471963,27.05989565,24.02461117,16.98021829,25.63753151,29.67369637,43.49364955,39.66153337,25.87501975,25.9196006,24.90922176,25.19586784,25.21884969,26.81116316,27.33361047,26.60875007,25.07153866,21.4534827,24.03812321,26.30231641,26.48649092,26.52962938,24.65321381,25.39692676,24.77372765,24.40267043,21.09864081,19.09357056,18.73522411,19.2882317,18.67892979,16.21674638,15.67026377,15.26069527,14.17876476,12.54099161,11.02018154,10.90484247,10.18345591,9.802357206,9.032071537,9.194330043,8.10177019,8.343083732,10.30628878,12.05319542,16.41739396,20.35328714,22.32259319,23.11184885,24.4036467,23.52580215,20.72359685,20.1933001,20.53403515,20.70789707,24.8206,32.74863317,34.3432658,23.20401394,23.01420436,19.017857,15.93045466,14.60875284,15.26284768,18.68151036,17.70736193,17.1446796,21.58157048,24.73756143,29.10194586
2019-05-31 00:00:00-10:00,94.87617347,93.28073918,99.72960693,105.7417959,103.0064048,97.85552392,94.20242914,91.17543218,88.94487372,87.32348791,81.07940873,75.10381331,74.53876548,78.80975658,87.55017594,96.67629194,100.6111878,96.18472867,81.79693601,79.69231248,68.0149428,62.68233281,57.83066862,53.97586937,53.12537286,51.87112987,51.93784586,52.75181515,52.5713064,52.77322858,56.95954266,61.85080476,66.94272682,71.31111043,80.15034963,108.8483313,75.33019521,64.43872492,63.31905967,63.47552811,61.98502418,65.25002658,64.68095597,63.65071007,63.91190041,71.40805899,76.34996042,78.69026579,81.74158292,83.15730896,80.61616691,77.0275435,79.43423945,78.26208865,69.7004287,67.79216874,69.04426807,64.14224499,63.13255157,57.66162511,52.76128026,49.73473305,49.41324942,50.89805815,46.64560881,46.38051953,43.9460319,42.9819603,42.62716753,40.95073281,39.15706151,39.41491882,41.39951514,36.22010019,32.05918896,32.71459281,32.67256883,32.41500884,33.57470986,32.86117832,32.54865112,34.36058042,37.90149564,43.65143869,52.00784526,55.26194163,58.03157884,57.01059885,52.32099909,47.22063024,44.32186859,43.33393307,42.61624301,43.35515084,42.23314259,40.21169293,44.0813641,37.3197913,30.77923248,25.53951771,23.04499193,22.36427358,29.34672821,32.86288483,30.51477221,28.4945554,30.29457353,29.26626252,33.98242336,38.77635768,79.11894379,59.12352277,49.56058751,48.14409176,51.39140204,50.75453734,47.83676002,45.82556042,47.12317868,49.47056193,46.20789997,34.84430042,28.14039876,23.41389007,21.51481653,22.72534661,25.25441674,25.59210972,25.32812046,24.48812737,23.85968074,24.99632653,28.86008319,30.51626106,34.27922367,37.12917726,38.33354423,40.89964277,36.63990617,23.29672383,20.65585824,26.39911744,32.33138079,28.98549917,28.38719218,27.64070311,26.86364724,29.80400542,39.49173029,43.301283,44.8665647,44.96698355,44.6206056,40.60968222,34.87991615,30.05265634,28.57468996,28.16540464,27.38119599,26.60174153,27.12723657,28.7391321,32.12294538,39.33368466,39.69213992,36.43602273,34.46350938,33.35874391,30.9008867,31.11129075,29.06026541,27.00199789,26.40448268,25.98454315,28.82598592,28.80261261,27.03075209,23.96661131,16.93791444,25.59067179,29.66164275,43.40132315,39.55559933,25.73125722,25.79152555,24.79437458,25.07733653,25.07484106,26.69861037,27.24030278,26.52187066,24.9972162,21.40801528,23.97892682,26.21246948,26.44584491,26.42728801,24.56982798,25.3081989,24.69340431,24.3333112,21.02874482,19.00069216,18.65331099,19.18409091,18.58656481,16.13825839,15.61736044,15.2201406,14.15012725,12.55028488,11.03866657,10.89640422,10.16611799,9.78200932,9.030205965,9.154251093,8.078835921,8.343619509,10.30059989,12.01539829,16.36253839,20.2732759,22.23842971,23.02324476,24.28775053,23.39067467,20.60247927,20.09050017,20.45040876,20.67638186,24.79818501,32.68980661,34.26793779,23.15956702,22.87879076,18.93081115,15.82555164,14.55266569,15.20955167,18.6094932,17.65466287,17.08678892,21.53566065,24.67767781,29.06922406
2019-06-30 00:00:00-10:00,94.46006468,93.03228578,99.41591525,105.3451142,102.6072978,97.45970164,93.81929218,90.81181846,88.58968242,86.92076255,80.6884233,74.71433435,74.28206423,78.62932303,87.37165383,96.54953735,100.4616889,96.00049104,81.62421247,79.64359295,68.00810423,62.66088083,57.87343003,54.07646674,53.22200036,51.93894382,51.92507249,52.67971896,52.46184138,52.67551861,56.86459056,61.72184102,66.78488859,71.21197888,80.04983939,108.6247786,75.17976861,64.35910198,63.22498303,63.35582593,61.90023071,65.15217576,64.64072848,63.59634274,63.82853881,71.2489187,76.28297368,78.70917932,81.6630606,83.23017423,80.72224339,77.16552234,79.56909816,78.47887796,69.93981051,68.01769371,69.20611285,64.41102518,63.35207063,57.85554896,53.01984099,50.12114713,49.84170722,51.35214456,47.16078449,46.93193459,44.49017475,43.50673398,43.15394202,41.41531652,39.57883313,39.87544244,41.80138233,36.68377626,32.42468509,33.04728903,32.94377123,32.6155568,33.65182971,32.89301632,32.56259543,34.39322804,37.82252513,43.63533942,51.98517218,55.17431445,57.99074695,56.87661734,52.26737959,47.1516558,44.16998115,43.19895152,42.51241794,43.18187138,42.03938737,39.95521956,43.74387383,37.00506712,30.52176943,25.329744,22.87202593,22.19997428,29.12466128,32.5724107,30.23278928,28.22020152,30.04173645,29.00914737,33.76469556,38.61025126,78.99989962,59.04049723,49.45335433,48.00599994,51.25887586,50.6252899,47.70377674,45.69918488,46.99757375,49.34086396,46.07039918,34.70815868,27.99414856,23.30295896,21.47600134,22.69064952,25.23299684,25.55277035,25.27307643,24.43338611,23.80350977,24.95641849,28.85548365,30.52658993,34.27782274,37.1485813,38.25305902,40.85429953,36.53701701,23.21887728,20.58505221,26.34626213,32.2934107,28.93851359,28.30478079,27.56295984,26.77775517,29.70070254,39.38586316,43.19634201,44.68505431,44.78878023,44.48471578,40.50326359,34.76555733,29.97233666,28.49501911,28.09217838,27.33806054,26.55412631,27.09028318,28.72041591,32.11541256,39.28301045,39.5686747,36.34011492,34.37626306,33.26294196,30.78017506,30.99030302,28.98622541,26.95719476,26.35811271,25.9366484,28.79388037,28.77849685,26.99574339,23.90169907,16.88701886,25.53243426,29.64071694,43.30081378,39.44378051,25.58222239,25.65442375,24.66165575,24.94416629,24.91628718,26.57233656,27.13392705,26.42420142,24.91105848,21.34787185,23.89988654,26.10518268,26.39101693,26.30781825,24.47616485,25.20026606,24.60267381,24.25173504,20.95200222,18.90146996,18.56376031,19.07368798,18.4834998,16.04882115,15.55513746,15.17274545,14.11436435,12.55604998,11.05685033,10.89005954,10.15135185,9.755807466,9.02334612,9.109679551,8.05685728,8.339210325,10.28924321,11.97368837,16.30017612,20.18161145,22.13691482,22.91712587,24.15909313,23.23799702,20.46606332,19.96803155,20.34447101,20.6366821,24.76365096,32.60782669,34.16857429,23.09630811,22.7164631,18.82841953,15.71345417,14.49287803,15.14814827,18.52277246,17.59309083,17.02131716,21.48192976,24.6055522,29.02865869
2019-07-31 00:00:00-10:00,94.05221576,92.77504261,99.10424893,104.9498894,102.2035753,97.06401341,93.43026047,90.44008494,88.22678765,86.51261468,80.29500616,74.32327714,74.02480166,78.4480005,87.19615798,96.42921342,100.3207785,95.82462859,81.46161752,79.60661019,68.01426592,62.65244243,57.93097154,54.18884492,53.32948164,52.00426206,51.91088643,52.59367527,52.34086229,52.58027465,56.76798709,61.5860618,66.62258701,71.11058845,79.94902627,108.4034826,75.04058726,64.29405226,63.13619745,63.25556807,61.84240858,65.0622066,64.61925435,63.56246493,63.77355774,71.12333497,76.24917199,78.77588215,81.64186614,83.35195178,80.88510149,77.34790369,79.72012569,78.72088751,70.20599673,68.25443723,69.33212728,64.67204131,63.56567472,58.04436026,53.27519093,50.50344455,50.25451878,51.77262241,47.65037431,47.45805233,44.99931573,44.00238512,43.65172855,41.84793113,39.972831,40.3019974,42.16507475,37.11342424,32.76255335,33.35887353,33.18959331,32.79513763,33.71140176,32.92346127,32.58689015,34.43612489,37.76650551,43.61875723,51.91811913,55.05875072,57.93102126,56.72513139,52.19988412,47.06860667,44.00529844,43.04456329,42.39533417,42.99945814,41.83497906,39.68697014,43.4024409,36.68505301,30.26094887,25.1153141,22.69675731,22.03225981,28.89906534,32.28297184,29.95446981,27.94510858,29.78669964,28.75172519,33.53663443,38.43486586,78.87187084,58.94782517,49.3384925,47.85712924,51.11537051,50.48216137,47.55887406,45.5628883,46.86032701,49.19813562,45.92207715,34.55730679,27.83773277,23.18033637,21.42924067,22.65038716,25.20842159,25.51334743,25.21736983,24.37295422,23.74143908,24.90690309,28.83808082,30.52547355,34.26469774,37.15380462,38.14197658,40.79523016,36.41382706,23.12297135,20.49800076,26.28224379,32.24426206,28.87812959,28.20655614,27.47130673,26.67713777,29.58265726,39.26044814,43.06636191,44.47539197,44.57918674,44.32494133,40.37272138,34.62962437,29.86616154,28.39084557,27.9960039,27.27469583,26.48912673,27.03874701,28.68889657,32.09486526,39.22214797,39.43879489,36.24276655,34.28811533,33.16798219,30.66066657,30.87527819,28.91863824,26.91901442,26.31405896,25.88820033,28.75709802,28.7521067,26.95398705,23.83114213,16.82868358,25.46443266,29.61250639,43.19560931,39.32845329,25.42988631,25.50953558,24.51324262,24.79754552,24.74497561,26.43449523,27.0143867,26.31785035,24.81577764,21.27402576,23.79954927,25.97877766,26.31976202,26.17281709,24.37312994,25.07423839,24.50313254,24.15865816,20.87029172,18.79721787,18.46733578,18.95905323,18.37184586,15.95105218,15.48510051,15.11910649,14.07109137,12.5570723,11.07310919,10.88476311,10.1383957,9.723325854,9.011806403,9.062037783,8.036188416,8.329630434,10.27289978,11.92816461,16.23099091,20.0806458,22.02121081,22.79622433,24.02225319,23.07204827,20.31793168,19.82875483,20.2178494,20.58928264,24.71717389,32.50058221,34.04254329,23.01050041,22.52502397,18.70777311,15.59492401,14.42915068,15.07746027,18.4236481,17.52360033,16.94959764,21.4216087,24.52088518,28.98016867
2019-08-31 00:00:00-10:00,93.65628035,92.50852871,98.79512661,104.5583808,101.7977535,96.67248077,93.04105142,90.06605395,87.86229592,86.10688528,79.90782031,73.93379358,73.77032688,78.26549615,87.02497724,96.31428417,100.1883336,95.65930361,81.31344205,79.58264028,68.03297051,62.65740624,58.00282978,54.30949668,53.44342665,52.06262312,51.89417312,52.49478137,52.20983362,52.48657982,56.669789,61.44603261,66.45886509,71.0082997,79.84824093,108.189244,74.91504958,64.24323963,63.05421613,63.17703303,61.81310527,64.98169575,64.61582102,63.54900758,63.7469246,71.03117493,76.24318046,78.88221053,81.67365362,83.51732818,81.1004963,77.56701629,79.88426164,78.98449888,70.49596926,68.50206395,69.42357203,64.92852025,63.77715974,58.23579126,53.53205819,50.88276724,50.64980931,52.15596108,48.10943259,47.95370946,45.46890242,44.46452484,44.11763279,42.24943996,40.34102519,40.69566083,42.49212389,37.51051082,33.07349979,33.64936174,33.4092798,32.95282296,33.75071766,32.94787432,32.61637104,34.48476866,37.73037157,43.59665079,51.80002503,54.91292,57.84700104,56.55470298,52.11729503,46.96950238,43.82776583,42.87279073,42.26722958,42.81474407,41.62746806,39.41679498,43.06713294,36.36976902,30.00664751,24.90354843,22.52473954,21.86588033,28.67845917,32.00353746,29.68997297,27.67707973,29.53713958,28.50075738,33.30340642,38.25344407,78.73703166,58.8454971,49.21617639,47.69663463,50.96008083,50.32499448,47.40179351,45.41546944,46.70983398,49.04177048,45.76376107,34.39152671,27.67076574,23.04488345,21.37286876,22.60309921,25.17885136,25.4723307,25.16008149,24.30623567,23.67245255,24.84762649,28.80746932,30.51313539,34.2403363,37.14691721,38.00387146,40.72433398,36.27183577,23.01062195,20.39554882,26.2085202,32.18573233,28.80641817,28.09521984,27.36850693,26.56613992,29.45476083,39.12073619,42.91447791,44.24379585,44.34624058,44.14742525,40.22075654,34.47558529,29.73718515,28.26527645,27.8792278,27.19399271,26.41086584,26.97602177,28.64657471,32.06298009,39.15402382,39.30799229,36.14805607,34.20182533,33.07504778,30.54464399,30.76782706,28.85782747,26.88689626,26.27144248,25.83743307,28.71530271,28.7232527,26.90562293,23.75740337,16.76481644,25.38914971,29.57907662,43.09066459,39.2137859,25.27746989,25.35983102,24.35416252,24.64255013,24.56596744,26.28999662,26.88393076,26.20753691,24.71686005,21.1890278,23.67842776,25.83460567,26.23310064,26.02668457,24.26382084,24.93478892,24.39890355,24.05716727,20.78649723,18.69049174,18.36596111,18.84256256,18.25404502,15.84791657,15.40920246,15.06060304,14.02128401,12.55302839,11.08679383,10.87982994,10.12690301,9.685419704,8.996702919,9.013087868,8.016617619,8.314860381,10.25187417,11.87919973,16.15686943,19.97457165,21.89655935,22.66562076,23.882879,22.89792033,20.16191006,19.67709728,20.07413988,20.5354087,24.65953782,32.36837579,33.88957366,22.89972637,22.30473285,18.56784256,15.4707189,14.36261026,14.99959969,18.3170507,17.44863711,16.87388408,21.35733045,24.42527783,28.923435
2019-09-30 00:00:00-10:00,93.27891883,92.2364119,98.49149999,104.1740379,101.3937678,96.28931154,92.65654712,89.69476169,87.50136768,85.70991291,79.53314171,73.54779537,73.52094,78.08177724,86.85918413,96.20371117,100.0648912,95.50668002,81.18234724,79.56929705,68.06053336,62.67314169,58.08602283,54.43266265,53.55713555,52.10807769,51.87279623,52.38390039,52.07025097,52.39344628,56.57050949,61.30600561,66.29902391,70.90868269,79.75082076,107.9891156,74.80619946,64.20615301,62.98162565,63.122344,61.81342817,64.91374434,64.63061696,63.55682162,63.74913674,70.97204726,76.26089239,79.02085932,81.75390214,83.71884751,81.36069456,77.81558608,80.06070012,79.26683394,70.80612682,68.76029882,69.48314855,65.18311964,63.98950422,58.43643574,53.79347659,51.25653758,51.0229423,52.49655123,48.53048664,48.41178289,45.89391566,44.88823771,44.54793935,42.61873291,40.68314784,41.05632171,42.78449589,37.87592169,33.358911,33.91940431,33.60395866,33.09003004,33.7692348,32.9628806,32.64675305,34.53641101,37.71285076,43.56740918,51.6337935,54.74478593,57.74545233,56.37129667,52.02410004,46.85801592,43.64354195,42.68978327,42.13351659,42.63527329,41.42435557,39.15280384,42.74449231,36.06565597,29.76570797,24.69875234,22.3588992,21.70367831,28.469265,31.73973836,29.4445156,27.41998681,29.29779323,28.26058727,33.0686882,38.06853888,78.59812364,58.73443648,49.0887058,47.52619928,50.79449745,50.15617915,47.23476459,45.25829729,46.547224,48.87402921,45.59940185,34.21513271,27.49674095,22.898694,21.30598219,22.54861888,25.14409963,25.42981592,25.1015862,24.23419638,23.5960583,24.77896999,28.76514923,30.49116547,34.2064112,37.13221326,37.84610521,40.64532429,36.11326902,22.88417291,20.27996642,26.12908505,32.12118656,28.72770718,27.97557283,27.25918237,26.45198664,29.32454114,38.97609558,42.75041092,44.00351166,44.10410496,43.96374113,40.05424175,34.30867308,29.59054019,28.12350037,27.74619731,27.10069361,26.32506688,26.90668966,28.59572083,32.02134238,39.08109985,39.18082059,36.05957599,34.12075601,32.98604715,30.4339951,30.66852734,28.80248236,26.85931619,26.22891298,25.78177471,28.66849734,28.69197106,26.85219783,23.68462573,16.69904085,25.30997419,29.54240104,42.9918298,39.10556281,25.13034066,25.21125838,24.18983362,24.4850295,24.38493063,26.14462071,26.74668224,26.09871788,24.62076681,21.09702273,23.54055204,25.67796786,26.13597646,25.87588036,24.15357929,24.78867578,24.29552818,23.9520339,20.70338968,18.58400596,18.26207141,18.72672542,18.13281063,15.74271918,15.32980637,14.99925176,13.9670566,12.54470293,11.09832228,10.87491636,10.11670518,9.644773718,8.980664597,8.965280287,7.998145196,8.295383848,10.22693747,11.82754715,16.08164075,19.8688739,21.76959144,22.53194879,23.74744698,22.720976,20.00223477,19.51921997,19.91931671,20.47742302,24.59234644,32.21449578,33.71237301,22.76570531,22.06204937,18.41279882,15.34460518,14.29716214,14.92050092,18.20892411,17.37166884,16.79736375,21.29285095,24.32220926,28.85818732
2019-10-31 00:00:00-10:00,92.92993482,91.96820382,98.19954138,103.8022299,100.9991328,95.91984663,92.28104185,89.33096404,87.14816992,85.3260872,79.17476479,73.16990215,73.27794931,77.89787787,86.70032093,96.09716605,99.9505775,95.36696451,81.06786533,79.56162195,68.09086498,62.69523061,58.17575482,54.55186171,53.66261681,52.13459155,51.84303451,52.26167824,51.92297356,52.29916207,56.46967934,61.16994641,66.14783601,70.81585808,79.66115368,107.8100818,74.71575696,64.18066345,62.92023933,63.09275462,61.8444243,64.86333408,64.66621904,63.58973279,63.78355999,70.94786332,76.30134168,79.18727713,81.87893358,83.95065659,81.65789341,78.08800838,80.25141212,79.5663202,71.13265943,69.0274863,69.51276057,65.43499596,64.20136299,58.64694271,54.05710026,51.61603793,51.36475112,52.78494996,48.90197549,48.82125749,46.2666646,45.26615336,44.93709133,42.95157369,40.99547223,41.38068111,43.04153022,38.20911792,33.61972027,34.16966755,33.77711328,33.21045179,33.77003704,32.96653326,32.67485778,34.5898632,37.71438461,43.53539227,51.42905784,54.57084275,57.64397078,56.18733843,51.93018169,46.74343731,43.46516884,42.505932,42.00208394,42.46910826,41.23342272,38.89996077,42.43778235,35.77555344,29.54024267,24.50261012,22.19964832,21.54682066,28.27437681,31.49244616,29.21653676,27.17422961,29.07073788,28.03268569,32.83495912,37.88191327,78.4581818,58.6164015,48.95949166,47.35037337,50.62310319,49.98096481,47.06223905,45.09484914,46.37590289,48.69952879,45.43578121,34.03719239,27.32301779,22.74750205,21.23000772,22.48842089,25.10489303,25.38655946,25.04219666,24.15773482,23.51157106,24.70167734,28.71251805,30.46220982,34.16501903,37.1138546,37.67678096,40.56192583,35.9417514,22.74718655,20.15492948,26.04895921,32.05474813,28.64683289,27.85326104,27.14816773,26.34099142,29.19808329,38.834586,42.58538102,43.76835417,43.8669618,43.78596462,39.88187778,34.13578074,29.4332475,27.97248883,27.60284892,26.99993942,26.23731288,26.83482739,28.53876188,31.97249215,39.00616462,39.06156936,35.98037014,34.04783289,32.90264832,30.32988081,30.57703313,28.75030124,26.83379451,26.18547667,25.7204605,28.61867548,28.65979667,26.79664032,23.61692251,16.63544764,25.23056666,29.50464792,42.904207,39.00879916,24.99373649,25.06940698,24.02508364,24.32954317,24.20571291,26.00259863,26.60695799,25.99651408,24.53316394,21.00346104,23.39308985,25.5174623,26.03626111,25.72863223,24.04925982,24.64302925,24.19766927,23.84800014,20.62316843,18.48014723,18.15805437,18.61383749,18.01115938,15.63923711,15.25018568,14.93829355,13.91232146,12.53505447,11.11000993,10.87122762,10.1085834,9.604786567,8.96640283,8.92077166,7.981279242,8.272860629,10.20012502,11.77539847,16.01050819,19.77029399,21.64850819,22.40361654,23.62350017,22.54886142,19.8458732,19.36318726,19.76100342,20.41898394,24.51888298,32.04516831,33.5175976,22.61562334,21.80902589,18.25115372,15.22192271,14.23789564,14.8472591,18.10600766,17.29669729,16.72297938,21.23165464,24.21626664,28.78522944
2019-11-30 00:00:00-10:00,92.62107207,91.71872415,97.92955835,103.4515167,100.6255359,95.57162058,91.91949088,88.97998324,86.80758511,84.96038547,78.83677546,72.81028707,73.04477292,77.71966771,86.55098728,95.99528385,99.84500838,95.23985007,80.96819502,79.55513809,68.11794992,62.71824058,58.26669447,54.66218378,53.7537425,52.1386363,51.8016222,52.12889177,51.76882213,52.20110324,56.36737286,61.04189911,66.00979147,70.73522307,79.58555422,107.6606909,74.64628622,64.16702782,62.87464089,63.09144435,61.90936925,64.83823681,64.72869447,63.65504053,63.85728431,70.96361237,76.3673036,79.3813182,82.04644929,84.21126495,81.98686785,78.37962998,80.45893849,79.8810463,71.46933674,69.29808596,69.5110559,65.67704727,64.4040895,58.85957879,54.31327743,51.94502091,51.66134804,53.00831747,49.2096543,49.16939762,46.57871886,45.59024018,45.27913899,43.24276802,41.27282415,41.6637995,43.26078535,38.50713263,33.85604773,34.40021074,33.93400502,33.31982505,33.75998843,32.96017812,32.70179313,34.64850548,37.73851327,43.5123914,51.20444113,54.41333063,57.56641527,56.01963376,51.84841016,46.63745116,43.30779872,42.33674097,41.88498035,42.32717454,41.06394368,38.66434099,42.14929306,35.50096599,29.33016566,24.31507269,22.04566201,21.3954977,28.09357372,31.26028125,29.00133355,26.93652578,28.85472951,27.81499863,32.60260423,37.69530663,78.32055189,58.49441382,48.83272611,47.17616391,50.45353286,49.80782729,46.89174897,44.93137355,46.20240494,48.52580005,45.28206955,33.87021237,27.15983293,22.59994847,21.14949159,22.42612875,25.06385849,25.34467878,24.9825907,24.07800005,23.41890815,24.61690547,28.65126824,30.42922585,34.11873275,37.09463922,37.5032835,40.47876145,35.76444934,22.60686337,20.02587543,25.97391724,31.99159581,28.56971978,27.73440224,27.04005153,26.23854154,29.07990799,38.70251866,42.42949207,43.55004861,43.64745118,43.62453893,39.71314908,33.96477917,29.2739761,27.82012224,27.45601847,26.89670284,26.15262969,26.76417472,28.47831012,31.91957071,38.93207027,38.95405751,35.9131533,33.98577114,32.8270133,30.23399601,30.49376356,28.70045112,26.80911409,26.14184,25.65670129,28.57058962,28.63071266,26.74398292,23.55821242,16.57856192,25.15535098,29.46864547,42.83155074,38.92687484,24.87181372,24.93821417,23.86436026,24.18034804,24.03160204,25.86741395,26.47005645,25.90614258,24.45957674,20.9148902,23.24545998,25.36274631,25.94246408,25.59373558,23.95810514,24.50566329,24.10951832,23.74968674,20.54789341,18.38155066,18.05669735,18.50626473,17.8924499,15.54141345,15.17420899,14.88153066,13.86107715,12.52706873,11.12432718,10.87016282,10.10281532,9.568141561,8.956160074,8.880333637,7.965964456,8.249093487,10.17369484,11.72546617,15.94875392,19.6860504,21.54161734,22.28956999,23.51833375,22.39002637,19.70118758,19.21740431,19.60711152,20.36439582,24.44390649,31.86910541,33.31489488,22.460136,21.55953867,18.09270535,15.10822399,14.19033274,14.78677332,18.01521423,17.22780339,16.65350983,21.17657275,24.11212537,28.70677685
2019-12-31 00:00:00-10:00,92.36789101,91.50503722,97.69584149,103.135596,100.2887039,95.25496195,91.5789898,88.64809148,86.485407,84.61837714,78.52494897,72.48074661,72.82705104,77.5545963,86.41479813,95.90041129,99.74982906,95.12793442,80.88409729,79.5495833,68.13972741,62.73918947,58.35578469,54.76256117,53.82819982,52.12077023,51.74865287,51.98990326,51.61242239,52.09851981,56.2661316,60.92792961,65.89057527,70.67438391,79.53227811,107.5518806,74.60438605,64.17183206,62.85377014,63.12480993,62.01446405,64.84971074,64.82790188,63.76310839,63.97939219,71.02667391,76.46473476,79.60685983,82.25491886,84.49920748,82.34161276,78.68735159,80.68428553,80.20660641,71.80674302,69.56210298,69.47303713,65.89539266,64.58022828,59.05660816,54.54326807,52.2186908,51.89263471,53.15024837,49.43703258,49.44159306,46.8200943,45.85049818,45.56562843,43.48543324,41.50848795,41.90002784,43.43916334,38.76422106,34.0655591,34.60890605,34.07766967,33.42265225,33.7465696,32.94828806,32.73311203,34.72094653,37.79234346,43.51192147,50.98194309,54.29485109,57.53629277,55.88569209,51.7919678,46.55089783,43.18583682,42.19811504,41.79441492,42.22049817,40.92535343,38.45291537,41.88360603,35.24579326,29.13722164,24.13718264,21.89639516,21.24985058,27.92406863,31.03872026,28.7909133,26.70322282,28.6452534,27.60251119,32.36993739,37.50993295,78.18755076,58.37107319,48.71191384,47.00964811,50.29339053,49.6458724,46.73137173,44.77463833,46.034284,48.36136269,45.1467157,33.72602745,27.01739832,22.46515794,21.07125566,22.36614674,25.02532023,25.30811777,24.9254509,23.99760973,23.3199417,24.52710913,28.58410549,30.39548563,34.07085434,37.07561466,37.33110198,40.40064475,35.59073575,22.47171414,19.89954567,25.90925606,31.93738016,28.50254667,27.62560968,26.93961265,26.14948957,28.97320442,38.58503553,42.28943912,43.35646426,43.45569966,43.48719077,39.55643055,33.80250838,29.12080935,27.67376664,27.31256898,26.79548135,26.07435811,26.69778691,28.41679724,31.86498669,38.86098838,38.86075193,35.86046857,33.937004,32.76133561,30.14906117,30.41983306,28.65393189,26.78591593,26.09985742,25.5959513,28.52967198,28.60917016,26.6995347,23.51282536,16.53373623,25.08960515,29.43819662,42.77743999,38.86275433,24.76860861,24.82125637,23.71289305,24.04267524,23.86717362,25.74371077,26.34231218,25.8326676,24.40526931,20.83851896,23.10769415,25.22358586,25.8634505,25.47997005,23.88724843,24.38506373,24.03550415,23.66216777,20.48087974,18.29234104,17.96243967,18.40763444,17.78122515,15.45401247,15.10631975,14.83395724,13.81818541,12.52457924,11.14446559,10.87440466,10.10078272,9.538665427,8.953695013,8.846004278,7.953789024,8.227358991,10.15111463,11.6821671,15.90184649,19.62251528,21.45600209,22.19729344,23.43784034,22.25193716,19.5760482,19.08943451,19.46534148,20.31816598,24.37306757,31.69647822,33.11531722,22.31023318,21.32672906,17.94759841,15.0090728,14.16024418,14.745341,17.94236019,17.16873171,16.59153001,21.13051453,24.01459292,28.62629687
2020-01-31 00:00:00-10:00,92.19096568,91.3466387,97.51465791,102.8716814,100.0078792,94.98536492,91.27163324,88.3453916,86.19086608,84.30813704,78.24739798,72.19311804,72.63204545,77.41094885,86.29688819,95.81711741,99.66936548,95.03561178,80.81820859,79.54781147,68.15696477,62.75679741,58.44146971,54.85320648,53.88557187,52.0836665,51.68641597,51.85099336,51.45902554,51.99416854,56.17210632,60.83732701,65.79880197,70.64096962,79.51001109,107.4956142,74.60047638,64.20411238,62.86692877,63.19666123,62.16259214,64.9055455,64.97011149,63.91967736,64.15349167,71.13894599,76.5932296,79.86166628,82.49526405,84.81067116,82.71618172,79.00775566,80.92443605,80.53490458,72.135335,69.8087696,69.39475202,66.07705453,64.7118962,59.21852741,54.72634703,52.41104367,52.03673749,53.19425691,49.56724936,49.62094647,46.97793845,46.03334625,45.78411709,43.6693069,41.69288805,42.08228843,43.57160343,38.97224335,34.24284923,34.79195427,34.20780058,33.52040098,33.7366629,32.93547816,32.77332654,34.81504419,37.88183297,43.54687774,50.78229672,54.23256533,57.57036073,55.79754465,51.77192362,46.49042291,43.10915218,42.10204557,41.74026857,42.157414,40.82601601,38.27393737,41.6469493,35.01434654,28.96297471,23.96984283,21.75170743,21.1100969,27.76379436,30.82345818,28.57826937,26.4699853,28.43713729,27.38978707,32.1341974,37.32581639,78.06053564,58.24877752,48.59998489,46.85516079,50.14774857,49.5008771,46.58610513,44.62894597,45.87655525,48.21109366,45.03448554,33.61152727,26.90221386,22.34987741,21.0015434,22.31340335,24.99399627,25.28122522,24.8751328,23.92064533,23.2185265,24.43550174,28.51442065,30.36383334,34.02339173,37.05706518,37.16420747,40.33098791,35.42910751,22.34838332,19.78243051,25.85853231,31.895585,28.44940597,27.53180922,26.85036753,26.07674873,28.87964876,38.48562866,42.16942227,43.19188835,43.2975544,43.3769135,39.41680817,33.65309435,28.97964465,27.53889669,27.17790262,26.699504,26.00372377,26.63709046,28.35606658,31.81084096,38.7946058,38.78289677,35.82375041,33.90271813,32.70669252,30.0770157,30.35670765,28.61277629,26.76568214,26.06120183,25.54287855,28.49986352,28.59816462,26.66752343,23.48336554,16.50511598,25.03776817,29.41653607,42.74395216,38.81871116,24.68668716,24.72092689,23.5750242,23.92020367,23.71560755,25.63465371,26.22821286,25.77860741,24.37258842,20.77937625,22.98642794,25.10580165,25.80411271,25.39278286,23.84109604,24.28769363,23.97840719,23.58913452,20.42459503,18.21562238,17.87896005,18.32031349,17.68045424,15.37974648,15.04859933,14.79843116,13.78650559,12.52966168,11.17144384,10.88489703,10.10361992,9.518315637,8.962633355,8.818765798,7.945595094,8.209461918,10.13402082,11.64888491,15.87368234,19.58337824,21.3960255,22.13115261,23.38578377,22.14026905,19.47623969,18.98442963,19.34125829,20.28317119,24.31083567,31.53566685,32.92857053,22.1742308,21.1186748,17.8227436,14.92805223,14.15091489,14.72615584,17.88975755,17.12121925,16.5378991,21.09500242,23.92798884,28.54698136
2020-02-29 00:00:00-10:00,92.10604476,91.25962785,97.40221444,102.677101,99.80133293,94.77930455,91.01212063,88.08550206,85.93698024,84.04093755,78.01473665,71.95831786,72.46951866,77.29644734,86.20468258,95.75145664,99.60867445,94.96624075,80.77226399,79.54990337,68.16989939,62.77087194,58.52130542,54.93180069,53.92329287,52.02741648,51.61503389,51.71498041,51.3103628,51.88837274,56.09140233,60.7781077,65.74033897,70.63855755,79.52532395,107.4990741,74.64270442,64.27022613,62.91938464,63.30714428,62.35124465,65.00566295,65.15477345,64.12374402,64.37639484,71.29646921,76.74822503,80.13882543,82.75620526,85.13790671,83.10484252,79.33606774,81.17246177,80.85677461,72.4488096,70.0277164,69.27257817,66.21312813,64.78401976,59.3267838,54.84220751,52.50078684,52.07487222,53.1241683,49.58301513,49.68892546,47.03633431,46.12024929,45.91681558,43.77966692,41.81205459,42.20053348,43.64992543,39.11902415,34.37688046,34.94089973,34.31863199,33.61051012,33.73418837,32.92539123,32.82554205,34.93495754,38.00735164,43.62490104,50.62068319,54.23495789,57.67506783,55.76070547,51.79435719,46.45982603,43.08202417,42.05380274,41.72700378,42.13994353,40.7690851,38.13319857,41.4457093,34.81162033,28.80890816,23.8138344,21.61202891,20.97685002,27.61117344,30.61193507,28.35868229,26.23290441,28.22664476,27.17158908,31.89177917,37.14101132,77.93829108,58.12804904,48.49741249,46.71307651,50.01669482,49.37276135,46.45523113,44.49390371,45.72933687,48.07426324,44.94382394,33.52631988,26.81516427,22.25682163,20.94368653,22.27054705,24.97253811,25.26638758,24.83405139,23.84945601,23.11751768,24.34418835,28.44451586,30.33547299,33.97646315,37.03790877,37.00369286,40.26994154,35.28454069,22.23955591,19.67756256,25.82200075,31.86627971,28.41063129,27.454166,26.77304254,26.02029561,28.79854183,38.40461779,42.07014754,43.0568096,43.1740634,43.2921385,39.29601186,33.51805313,28.85348209,27.41815998,27.05477551,26.60975772,25.93947259,26.58106706,28.29623215,31.75780402,38.73324913,38.7197827,35.80162583,33.88162617,32.66192213,30.01748545,30.30477476,28.57825335,26.74879736,26.02617419,25.49925483,28.48213509,28.59819876,26.64909712,23.46957013,16.49374147,25.00171388,29.40518575,42.73039869,38.79427166,24.62545733,24.63706829,23.45245169,23.81427527,23.57820018,25.54100193,26.12889676,25.74294895,24.36065431,20.73879478,22.88422291,25.01094244,25.76434323,25.33309739,23.8200867,24.21579394,23.93797813,23.53166604,20.37958815,18.15265185,17.80837368,18.24477652,17.59088791,15.31883822,15.00080289,14.77532192,13.76677332,12.54256515,11.20439152,10.90142957,10.11162302,9.506985883,8.984383604,8.799815433,7.94106311,8.195198581,10.12204479,11.62708958,15.8648995,19.56804988,21.36127847,22.09054931,23.36184544,22.05666606,19.40320252,18.90359208,19.23693188,20.25927484,24.25883923,31.3914159,32.76116703,22.05614354,20.93775028,17.72048466,14.86552743,14.16164262,14.72862075,17.85646063,17.08522751,16.49263343,21.06979873,23.85475354,28.4704278
2020-03-31 00:00:00-10:00,92.11463134,91.24825828,97.36518853,102.5611022,99.67854422,94.64654741,90.81205727,87.88071022,85.73435364,83.82648779,77.83572853,71.78393867,72.34677248,77.21695588,86.14370181,95.70653682,99.56950487,94.91937928,80.7447049,79.55446776,68.17950967,62.78346564,58.59496939,54.9987033,53.94264119,51.95494779,51.53731934,51.5862092,51.17013172,51.78467842,56.02904885,60.75335588,65.71636838,70.66512036,79.57788269,107.5573565,74.72965292,64.36826576,63.0074942,63.44874606,62.56993724,65.14120161,65.37309438,64.36629141,64.63722089,71.48973803,76.92119556,80.42706628,83.02394756,85.46916402,83.49689915,79.66943797,81.42150101,81.16306742,72.73983414,70.20447466,69.09954298,66.29067049,64.78143948,59.36191474,54.87276519,52.4745855,51.99671401,52.93232584,49.47454156,49.63344167,46.98498751,46.095742,45.94548197,43.79997504,41.84990571,42.24291546,43.66335878,39.1900776,34.45329391,35.04383246,34.39995228,33.68586417,33.73803851,32.92093585,32.89198798,35.08078815,38.16419317,43.74584473,50.50556325,54.30109664,57.84384379,55.77099637,51.85695057,46.4591304,43.10107447,42.05081363,41.75065592,42.16039969,40.74877907,38.02903238,41.27989408,34.63829418,28.67381163,23.66876636,21.47763687,20.85011436,27.46273485,30.40073572,28.128502,25.98964793,28.01186123,26.94542614,31.64182528,36.95463795,77.82014573,58.00969372,48.40338505,46.58115116,49.89655286,49.25745825,46.33424817,44.36542907,45.58902288,47.94595043,44.86791083,33.46413168,26.75220375,22.1853689,20.89810169,22.2380377,24.96097595,25.26369093,24.80250827,23.78430911,23.01887367,24.25418626,28.37551983,30.31000783,33.92934233,37.01616975,36.84821565,40.21508565,35.15738052,22.1440069,19.58430931,25.79686773,31.84676812,28.38357477,27.39081078,26.70602304,25.97788074,28.72783615,38.33962442,41.98943599,42.94753282,43.08190799,43.22865794,39.19232055,33.39603621,28.7416614,27.31089579,26.94275427,26.525503,25.87972477,26.52769453,28.23633722,31.70547623,38.67587853,38.66865132,35.79071439,33.87103022,32.62525488,29.9688651,30.26354455,28.55161147,26.73540564,25.99449295,25.46488018,28.4750448,28.60795751,26.64304599,23.46913145,16.4980175,24.98057141,29.4041404,42.73358525,38.78561418,24.58099463,24.56710427,23.34431034,23.72410402,23.45447512,25.46124036,26.04269876,25.72175146,24.36645886,20.7145466,22.79987146,24.93728825,25.73991753,25.29723839,23.81981474,24.16671049,23.91186114,23.48940191,20.3457941,18.10340372,17.75213064,18.18116128,17.51217347,15.27029398,14.96180626,14.7636666,13.75884947,12.56274734,11.24197268,10.92330056,10.12458269,9.503999171,9.018922295,8.790064499,7.940252775,8.185114303,10.11502755,11.61763158,15.87381814,19.57234954,21.34668976,22.07005542,23.36068541,21.9971297,19.35329485,18.84382998,19.15018546,20.24278819,24.2153876,31.2636552,32.61467879,21.95549738,20.78085926,17.6391695,14.81805704,14.18772462,14.74876583,17.83901657,17.05970687,16.4561718,21.05426791,23.79598923,28.39678052
2020-04-30 00:00:00-10:00,92.20296484,91.30249361,97.39592361,102.5192323,99.63365892,94.58331844,90.67227479,87.73413928,85.58549667,83.6678237,77.71277286,71.67233814,72.26489887,77.17550147,86.11418725,95.68101305,99.54890499,94.88932571,80.72964276,79.5587476,68.18648909,62.79824602,58.66537897,55.05883927,53.95122495,51.87582042,51.46175507,51.47213573,51.04573236,51.6906854,55.99161775,60.76492456,65.72743623,70.71684636,79.66173217,107.6577243,74.85362184,64.49094399,63.12340057,63.61064396,62.80460365,65.29856309,65.61131596,64.63264458,64.91955637,71.70368292,77.09856768,80.71179937,83.28259803,85.79143915,83.88025987,80.00144905,81.65789803,81.43873309,72.99367632,70.32391778,68.86713149,66.29163615,64.69213638,59.31420153,54.81268334,52.33748419,51.81015128,52.63076701,49.25093892,49.46006363,46.82849666,45.95861428,45.86261246,43.71754896,41.79313201,42.20014167,43.60138874,39.17769947,34.46333237,35.09323157,34.44460028,33.74130921,33.74754928,32.9231978,32.97248091,35.24763626,38.34231633,43.90425245,50.43694415,54.41928342,58.05978518,55.81404903,51.94930788,46.48248887,43.15543216,42.08443139,41.80138642,42.20606595,40.75354472,37.95239081,41.14117707,34.48733838,28.55059135,23.53031345,21.3466788,20.72795376,27.31552905,30.18742561,27.88660086,25.7380346,27.79124996,26.71075251,31.38586822,36.76769576,77.70701911,57.89608121,48.31810208,46.45823214,49.78499483,49.15135392,46.21985358,44.24093264,45.45365884,47.82312795,44.80083812,33.41784786,26.70744307,22.13243226,20.86360829,22.21522388,24.95716834,25.27197521,24.7796941,23.72472436,22.92459038,24.16636826,28.30806197,30.28654164,33.88167842,36.99001863,36.69563662,40.16257676,35.04521374,22.0589411,19.50077592,25.77885876,31.83299329,28.36395676,27.33852215,26.64733912,25.94683018,28.66496777,38.28620724,41.92239269,42.85577886,43.0143028,43.18144637,39.10197844,33.28363129,28.6406219,27.21409175,26.83944366,26.44517209,25.82265891,26.47548164,28.17537578,31.65292923,38.62050964,38.62619631,35.78725215,33.86763424,32.59493007,29.92876864,30.2311563,28.53331347,26.72547774,25.96617652,25.43911532,28.47672064,28.62583073,26.64789009,23.47920601,16.51460712,24.97139334,29.41122617,42.74796718,38.78647158,24.5465154,24.50632541,23.24713113,23.64610273,23.3413236,25.39134641,25.96578292,25.70990591,24.38510693,20.70156726,22.72970844,24.88107959,25.72537297,25.27799471,23.83374849,24.13518243,23.89677272,23.46054856,20.32229184,18.06678158,17.7104312,18.12917156,17.4429106,15.2312383,14.92858243,14.76056578,13.76093381,12.5877722,11.28131989,10.94816341,10.14065639,9.506936155,9.063660905,8.787771644,7.941526872,8.178563743,10.1114989,11.6193013,15.89658097,19.59009052,21.3444501,22.06155447,23.37380428,21.95429901,19.31981775,18.79904368,19.07644345,20.22844344,24.17559592,31.14760979,32.48503033,21.86823581,20.6403586,17.57417357,14.77925949,14.22153638,14.78047009,17.83298843,17.04247557,16.42847527,21.04810377,23.75167197,28.32608416
2020-05-31 00:00:00-10:00,92.3500698,91.40473708,97.47821205,102.5381265,99.65082052,94.57596304,90.58496052,87.64054131,85.48592043,83.56105523,77.64081672,71.62035164,72.21866783,77.17194166,86.11182316,95.67128965,99.54199951,94.86882358,80.71941821,79.55874679,68.19079372,62.81725138,58.73533042,55.11749392,53.95768118,51.80103022,51.39800176,51.37998147,50.94381874,51.6123103,55.9819831,60.81102568,65.77191532,70.78808162,79.76605096,107.7826699,75.00072841,64.62612093,63.25521371,63.77884726,63.03852277,65.46071182,65.85252717,64.90475842,65.20429471,71.92254944,77.26648647,80.98027121,83.52073873,86.08694762,84.23661497,80.32636275,81.8666215,81.66658314,73.19469689,70.37769655,68.57516316,66.2076259,64.51736206,59.18850665,54.67098506,52.11028313,51.53844488,52.24744335,48.93588532,49.18963174,46.58485907,45.72317601,45.67701345,43.53258514,41.63874305,42.07166363,43.46178478,39.08102441,34.4037248,35.08485298,34.44609153,33.77032482,33.75895385,32.93362952,33.06544932,35.42747689,38.52947784,44.08776553,50.40324978,54.56894978,58.29905355,55.87186697,52.0587336,46.52023965,43.23186843,42.14147171,41.86563888,42.26011974,40.76778015,37.88910896,41.0189036,34.34934504,28.43081442,23.39407447,21.21796557,20.60836338,27.16712762,29.97129237,27.63514951,25.47818436,27.56447624,26.4680827,31.12665114,36.58240929,77.60037178,57.79006666,48.24251244,46.34454712,49.68108893,49.05235417,46.11101584,44.12038047,45.32369002,47.70435509,44.73655116,33.37845841,26.67273448,22.09264744,20.83865683,22.20149226,24.95854204,25.28949035,24.76363842,23.66958196,22.83617794,24.0813087,28.24248337,30.26360168,33.83321057,36.95875641,36.54383731,40.10821641,34.94327246,21.98115425,19.42452687,25.76307547,31.82085491,28.34752665,27.29348812,26.5952729,25.92467472,28.60695159,38.23817613,41.86264768,42.77304371,42.96387615,43.14569434,39.02123679,33.17726617,28.54689916,27.12481316,26.74287183,26.36787482,25.76750286,26.42420398,28.11285752,31.59915295,38.56542408,38.58933783,35.78820718,33.86838554,32.56956743,29.89490369,30.20514703,28.52329333,26.7190198,25.94189536,25.42140797,28.48559527,28.64973079,26.66119675,23.49644112,16.53895096,24.96953529,29.42178552,42.76645455,38.78975908,24.51476054,24.44902339,23.15537183,23.57478716,23.23356132,25.32555316,25.89360987,25.70299763,24.41150314,20.69384651,22.66866184,24.83691776,25.7158571,25.26775856,23.85584628,24.11520053,23.88985929,23.44226718,20.30748199,18.04100652,17.68249485,18.08801931,17.38145425,15.19838123,14.89770073,14.76214604,13.77002271,12.6143764,11.31914515,10.97325068,10.15749205,9.512811158,9.114839236,8.790005777,7.942385236,8.173875231,10.10908975,11.6297233,15.92816974,19.61525194,21.34710936,22.0575503,23.39387881,21.92230373,19.29725774,18.7642413,19.01213675,20.21301091,24.13577814,31.03811583,32.36709432,21.79048033,20.50706649,17.51970106,14.74322126,14.25470948,14.81855707,17.83457542,17.03167541,16.40956831,21.05114528,23.72117223,28.25977711
2020-06-30 00:00:00-10:00,92.53165986,91.5340687,97.59079148,102.597228,99.70913754,94.60546777,90.53646798,87.58853849,85.42567056,83.49645307,77.60879187,71.61812229,72.19957435,77.20193386,86.13124556,95.6736386,99.54465242,94.85295388,80.70807632,79.55175371,68.1922115,62.8399803,58.80614252,55.17768442,53.96835325,51.73929369,51.35289954,51.31314123,50.86622724,51.55008642,55.99658685,60.88431014,65.84378782,70.87066271,79.87857064,107.9159631,75.15613334,64.76123732,63.39023607,63.93962076,63.25564076,65.61074562,66.08116016,65.1681023,65.47510019,72.13370264,77.41322813,81.22108045,83.73084507,86.33594833,84.54489671,80.638499,82.03915266,81.83668753,73.33646192,70.36957464,68.23591213,66.04554029,64.27315797,59.00170691,54.46769039,51.81972245,51.21010372,51.81525065,48.55813265,48.84864724,46.27765531,45.41220624,45.40804547,43.25714317,41.39566608,41.86622255,43.25056436,38.90675375,34.27782789,35.02004003,34.39998302,33.76643572,33.76557378,32.95240883,33.16657935,35.61050554,38.71326367,44.27851782,50.3848012,54.72708025,58.53433997,55.92896095,52.17103329,46.56286845,43.31639909,42.20676573,41.92866264,42.30598841,40.77639346,37.82548989,40.90476643,34.21717927,28.30908492,23.25797573,21.09145352,20.49033999,27.01653377,29.75398085,27.38010738,25.21289561,27.33377533,26.22059613,30.86952141,36.40342612,77.50247342,57.6942593,48.17745293,46.2402779,49.58470622,48.95972466,46.00827575,44.00544263,45.20105014,47.58927312,44.67056539,33.33837405,26.64126382,22.06146428,20.82163752,22.19626571,24.96301044,25.31428827,24.75267099,23.61818026,22.75439496,23.99901828,28.17891388,30.23987806,33.78338495,36.92113323,36.39008136,40.04869268,34.84538555,21.90816455,19.35422195,25.74618834,31.80688157,28.33085773,27.25227453,26.54853896,25.90976274,28.55090538,38.18903977,41.80402153,42.69105721,42.92321905,43.11601264,38.94554319,33.07423071,28.45861986,27.04117908,26.65187202,26.29319838,25.71374353,26.37406544,28.04836621,31.54276559,38.50905964,38.55556134,35.79062358,33.87062704,32.54763948,29.86530452,30.1838674,28.52144112,26.71631178,25.92278561,25.4107881,28.49952715,28.67668342,26.67925614,23.51746638,16.56655884,24.9702586,29.43032447,42.7823654,38.78936617,24.47921722,24.39005731,23.06412039,23.50570012,23.126902,25.25853857,25.82244215,25.69807823,24.44174067,20.68694314,22.61235383,24.79997795,25.7079818,25.26130196,23.88114773,24.10220135,23.88882169,23.43125115,20.30032133,18.02458864,17.66701681,18.05688457,17.32651965,15.16938589,14.86733817,14.76538501,13.78343688,12.64065565,11.35404356,10.99765307,10.17420261,9.519828053,9.169287466,8.794368022,7.941637209,8.169899348,10.10628867,11.64664445,15.96365579,19.64209192,21.34844959,22.05180685,23.41517875,21.89729621,19.2818603,18.73599941,18.95417804,20.19463849,24.09335171,30.92970237,32.2551668,21.71739013,20.37147511,17.46905241,14.70614587,14.28120012,14.85972294,17.84178106,17.02653578,16.39996373,21.06412702,23.70468514,28.20136674
2020-07-31 00:00:00-10:00,92.72286065,91.66690938,97.70875144,102.6709436,99.78439438,94.649546,90.50858811,87.56128795,85.389405,83.45887018,77.60134146,71.64846478,72.19736812,77.25573153,86.16666463,95.68378881,99.55236836,94.83849997,80.69149879,79.53640115,68.19006651,62.86470968,58.87735758,55.24076566,53.98735211,51.69641106,51.32931277,51.27169002,50.81197562,51.50196695,56.02927572,60.97514006,65.93468407,70.95585541,79.98860746,108.045843,75.30848675,64.88784202,63.52005406,64.08415345,63.44544744,65.73816605,66.28689579,65.41250766,65.72066475,72.32977776,77.53312455,81.42694111,83.90875554,86.52808708,84.79341999,80.93211059,82.17360744,81.94777786,73.42197367,70.31312745,67.86990672,65.82443481,63.98497514,58.77794302,54.22925206,51.49439906,50.85455821,51.36640952,48.14742433,48.46552884,45.93311136,45.05354473,45.08081016,42.91054742,41.08161632,41.59915552,42.98019696,38.67001832,34.09677439,34.90665776,34.30771944,33.72809549,33.7609838,32.97816044,33.2698425,35.7871211,38.88330634,44.45864558,50.36088413,54.87366644,58.74067673,55.97414992,52.2732321,46.60321546,43.39517433,42.26591983,41.97697723,42.33085993,40.7686525,37.75280199,40.79277588,34.08611695,28.18341139,23.12291152,20.9683867,20.37457661,26.86559995,29.53886291,27.12838803,24.94705085,27.1038067,25.97419571,30.62190139,36.23664057,77.41623963,57.61121866,48.12387363,46.14598583,49.49666144,48.87450069,45.91404244,43.89929848,45.08892363,47.47926874,44.60146393,33.29336641,26.60867076,22.03564907,20.8105058,22.19875484,24.9692065,25.34470197,24.74595916,23.57030823,22.67946879,23.91929573,28.11766983,30.21498805,33.73222522,36.87571748,36.23334343,39.98218611,34.74685469,21.83829887,19.2892841,25.72652586,31.78764666,28.31072521,27.21214947,26.50644201,25.90136259,28.49421712,38.13365813,41.74266181,42.60359897,42.88671074,43.08825945,38.87152427,32.97305968,28.37469908,26.96225218,26.56628034,26.22194526,25.6618085,26.32606284,27.98271734,31.48371521,38.45151854,38.52433579,35.7929892,33.87365225,32.5287954,29.83920279,30.16706475,28.52759363,26.717559,25.90970445,25.4058171,28.51535732,28.70301236,26.6978639,23.53885643,16.59330389,24.96910263,29.43183193,42.79074348,38.78126975,24.43555568,24.32551654,22.9708481,23.43649248,23.01936207,25.18694536,25.75057685,25.69361851,24.47324113,20.67802463,22.55715875,24.76636328,25.69966483,25.25629087,23.90651934,24.09329385,23.89221651,23.42428137,20.29993338,18.01644929,17.66235538,18.03494492,17.27746907,15.14293737,14.83735192,14.76873328,13.79961854,12.66603525,11.38624355,11.02191984,10.19109848,9.527552288,9.224606759,8.799281592,7.938792566,8.165392392,10.1023009,11.66794852,15.99863987,19.66619767,21.34465852,22.04080557,23.43479986,21.87684954,19.27065366,18.71110765,18.90066496,20.17386264,24.04816724,30.81943588,32.14604278,21.64589798,20.22854682,17.4181353,14.66660385,14.29834183,14.90222582,17.85420444,17.02712072,16.39995212,21.0877129,23.70270219,28.1546931
2020-08-31 00:00:00-10:00,92.90162989,91.78071019,97.80729092,102.7335002,99.8523331,94.68561713,90.48106773,87.53897969,85.35846623,83.42987466,77.60047212,71.69020609,72.19977696,77.31943282,86.21101638,95.69703729,99.55988195,94.8227941,80.66709576,79.51206995,68.18311181,62.88886654,58.94674043,55.305983,54.01583771,51.67386502,51.32560074,51.25249622,50.77902208,51.46584561,56.07434106,61.0756935,66.03748398,71.03766064,80.08926364,108.1657381,75.45089232,65.00227137,63.64074255,64.20857639,63.60364722,65.83988007,66.46585281,65.6327754,65.93569598,72.50939198,77.62770154,81.59756025,84.05691193,86.66507997,84.98192213,81.20507395,82.27382297,82.00643254,73.46127167,70.2263896,67.49976828,65.56877747,63.68036136,58.54278769,53.98286424,51.16217344,50.49964985,50.92937098,47.73270153,48.0692772,45.57859362,44.6775226,44.7226517,42.51604747,40.71964073,41.29002659,42.66798036,38.3930403,33.87950972,34.76024603,34.17875912,33.66009619,33.74112517,33.0093662,33.37061927,35.95053105,39.03317405,44.61534587,50.31676222,54.99543052,58.90134089,56.00139029,52.3561812,46.63584248,43.45684949,42.3078443,42.00078267,42.32699527,40.7384406,37.66696701,40.67845044,33.95251055,28.053251,22.99106533,20.85086543,20.26296998,26.71921004,29.33063445,26.88751541,24.68575618,26.87943682,25.73506224,30.39048426,36.08652931,77.3444585,57.54363969,48.08365819,46.06368853,49.41907718,48.79970198,45.83251135,43.80621239,44.99111367,47.37715554,44.53033055,33.24181362,26.57250897,22.01268359,20.80289575,22.20751,24.97543593,25.37812534,24.74176277,23.52513292,22.61090404,23.84203767,28.05893098,30.18804634,33.67926737,36.82058529,36.07412133,39.90669697,34.64573992,21.77040686,19.22883222,25.70277562,31.76032973,28.28454529,27.17172465,26.46868562,25.89870693,28.43609795,38.07022824,41.67782966,42.50880509,42.85132431,43.06066272,38.79793927,32.87358029,28.29453911,26.88798474,26.48687999,26.15567398,25.61332051,26.28210511,27.91818142,31.42374974,38.39440406,38.4969006,35.79482173,33.87743006,32.51297066,29.81674474,30.15535406,28.54153298,26.72289546,25.90319035,25.40569366,28.53065321,28.72608342,26.71449998,23.55852672,16.61643553,24.96321148,29.4234359,42.78910804,38.76417747,24.38264979,24.25410275,22.87581011,23.36739699,22.91191901,25.11054108,25.67841171,25.68942291,24.50476279,20.66579618,22.50103981,24.7337526,25.68988051,25.2528454,23.92991766,24.08703555,23.89950171,23.41911644,20.30549795,18.01615989,17.6675744,18.02234491,17.23482996,15.11956907,14.80938278,14.77281427,13.8190327,12.6911207,11.41698154,11.04721954,10.20907606,9.536671701,9.279392895,8.80392509,7.933942525,8.159739425,10.09696576,11.69208106,16.03012944,19.68471433,21.33362458,22.02300182,23.45033049,21.85934157,19.26059472,18.68666374,18.84983453,20.15032231,23.99911635,30.70596327,32.03865143,21.5755132,20.07801732,17.36584897,14.62575195,14.30679465,14.94540094,17.87226052,17.0336705,16.40948478,21.12155633,23.71477916,28.12142423
2020-09-30 00:00:00-10:00,93.05576959,91.86109334,97.86880731,102.766033,99.89456797,94.69583994,90.43611057,87.50299852,85.31478873,83.39149234,77.58847336,71.72350961,72.19501356,77.37938375,86.25772996,95.7102894,99.56411849,94.80507365,80.63467316,79.47921337,68.17088958,62.91006334,59.01164783,55.37082973,54.05215656,51.66909952,51.33786973,51.25099539,50.76455742,51.44002248,56.12712314,61.18105441,66.14791917,71.11379106,80.17836875,108.274051,75.58075644,65.10522214,63.75175407,64.31313179,63.73114199,65.91800528,66.61921702,65.82921846,66.1215314,72.67707231,77.70648308,81.74155959,84.18629743,86.75857654,85.11954893,81.46224872,82.35064036,82.02662272,73.46979258,70.12924245,67.1475044,65.30399806,63.3840249,58.31875769,53.75238993,50.84726477,50.16836458,50.5246741,47.33825326,47.68593605,45.23853311,44.31210839,44.35885387,42.09706748,40.334189,40.96074562,42.33472425,38.10131327,33.64846522,34.60026704,34.0285945,33.5722432,33.70859063,33.04417464,33.46665677,36.09748924,39.16140035,44.74095148,50.24504373,55.0862967,59.01342181,56.01101874,52.41666094,46.65943688,43.49579634,42.32718134,41.9962042,42.29302858,40.68481617,37.56707275,40.55826874,33.81304125,27.91779492,22.86338316,20.74000749,20.15686868,26.58329913,29.13432806,26.6640528,24.43380207,26.66468565,25.50874504,30.18072721,35.9558952,77.28993793,57.4952383,48.06034982,45.99735215,49.35617828,48.7401101,45.76906386,43.73117069,44.9118885,47.28693291,44.46073019,33.18594314,26.53388956,21.99253176,20.7978835,22.22150323,24.98049808,25.41197572,24.73798634,23.48148056,22.54767195,23.76723433,28.00271935,30.1580017,33.624179,36.75522267,35.91437504,39.82122731,34.54162641,21.70407293,19.17253911,25.67493679,31.72397801,28.25160111,27.13102161,26.43615542,25.90145688,28.37789808,38.00085638,41.6127683,42.4087731,42.81653361,43.03338559,38.72557184,32.77656596,28.21868292,26.8193119,26.415498,26.09617916,25.57001296,26.24456284,27.85829248,31.36621629,38.34090934,38.47550639,35.79621418,33.88193217,32.49989134,29.7980836,30.14902967,28.56252852,26.73226016,25.90387803,25.41068628,28.5444927,28.7456738,26.72904856,23.57623635,16.63514572,24.95136958,29.40459873,42.77701027,38.73945636,24.32246637,24.17754397,22.78250423,23.30113208,22.80845912,25.03206065,25.60870514,25.68678665,24.53601085,20.65061147,22.44412409,24.70169406,25.67900566,25.25136009,23.94957256,24.08298681,23.91031877,23.41462723,20.31670509,18.0241087,17.68251863,18.02038472,17.20025118,15.10204642,14.78694183,14.78053767,13.84396666,12.71799735,11.44898489,11.07601882,10.23047762,9.549105546,9.333816764,8.808253606,7.928153763,8.154326375,10.0920143,11.71933162,16.05734921,19.69703819,21.31507756,21.99830762,23.45995115,21.84394914,19.25032173,18.66136128,18.80067557,20.12317187,23.94520143,30.58970698,31.93367255,21.50712718,19.92302661,17.31370215,14.5865556,14.30942457,14.98884687,17.89645051,17.04691522,16.42862496,21.1648132,23.73980673,28.10265163
2020-10-31 00:00:00-10:00,93.18175205,91.9018134,97.88403924,102.7580684,99.89929758,94.66913372,90.36238743,87.44058067,85.2459309,83.33146444,77.55345219,71.73410037,72.1746156,77.42634838,86.30149693,95.72160269,99.56398083,94.78558297,80.59504055,79.43797045,68.15258009,62.92540151,59.06897681,55.43159075,54.09323809,51.67784969,51.3607988,51.26206972,50.76549966,51.42358523,56.1842775,61.28862722,66.26406078,71.1850632,80.25830383,108.3737163,75.70013791,65.20193421,63.85680623,64.4027036,63.83454187,65.97947842,66.75241175,66.00659726,66.28459063,72.84056141,77.78343385,81.87312079,84.31228628,86.8286046,85.22410234,81.71257585,82.41799031,82.0260364,73.46521633,70.04027801,66.8317114,65.05258316,63.11567721,58.12373378,53.5559623,50.5679214,49.87624186,50.16279999,46.98060067,47.33546315,44.93141085,43.97981505,44.0108681,41.6750134,39.94747889,40.63201255,42.00127496,37.82121321,33.42699879,34.44756641,33.87604628,33.47900209,33.67282708,33.08279666,33.55663852,36.22631111,39.26855763,44.83523446,50.14972965,55.15164613,59.08737842,56.00861733,52.45589824,46.67565918,43.51137436,42.32698584,41.96671885,42.23344094,40.6108864,37.45411181,40.43032147,33.6652818,27.77656663,22.74001312,20.63637872,20.05717708,26.46104193,28.95307737,26.46095522,24.19347419,26.4614195,25.29877986,29.99560009,35.84566983,77.25445995,57.4696471,48.05782312,45.95172464,49.3131687,48.70085935,45.72874147,43.67859585,44.85474857,47.21247689,44.39759464,33.1307908,26.49623655,21.97686626,20.79577779,22.24011044,24.98408308,25.44446875,24.73322544,23.43854195,22.48936581,23.69534957,27.94902963,30.12270001,33.56562818,36.67983148,35.75599109,39.72594277,34.43452433,21.63829405,19.11961269,25.64303146,31.67884512,28.21282545,27.09102096,26.41029085,25.90913817,28.32196994,37.92888578,41.55148694,42.30717628,42.78261733,43.00744042,38.65718344,32.68411016,28.14882044,26.75782922,26.35412539,26.0450005,25.53304294,26.21509306,27.80613637,31.31436871,38.29394165,38.46185978,35.7973305,33.88731992,32.4894622,29.78308934,30.14766871,28.58926088,26.74549407,25.91205027,25.42112883,28.55718762,28.76280767,26.74290621,23.59257878,16.64991557,24.93358413,29.37630396,42.75484258,38.70922664,24.25773397,24.09894713,22.69534048,23.24038528,22.71310583,24.95501411,25.5446756,25.68752791,24.56723676,20.63435107,22.38867719,24.67200674,25.66922833,25.25348983,23.96496071,24.08152946,23.92472082,23.41129661,20.33392235,18.04110144,17.70742988,18.03071014,17.17600191,15.09404581,14.77425722,14.79595388,13.87795865,12.74992041,11.4855776,11.11155109,10.25824544,9.566899,9.388159799,8.812614582,7.922506431,8.150777882,10.08966883,11.75124406,16.08150699,19.70418688,21.29092884,21.96798698,23.46294739,21.83079446,19.24094545,18.63558088,18.75290461,20.09240542,23.88659554,30.47227159,31.83280156,21.4428873,19.7678938,17.26402732,14.55311488,14.30999476,15.03203039,17.92632159,17.06765818,16.45758721,21.21685729,23.77651365,28.0992268
2020-11-30 00:00:00-10:00,93.27985195,91.90194356,97.85077166,102.7067772,99.86178974,94.60169616,90.2561075,87.34700698,85.14768247,83.24612685,77.49287707,71.71612013,72.13692071,77.45608211,86.3395653,95.73029905,99.55975635,94.76494822,80.54908588,79.38857673,68.12762998,62.93181016,59.11536965,55.48320941,54.13431197,51.69396921,51.38796688,51.27883937,50.77686391,51.41458556,56.24262068,61.39627984,66.38443178,71.25331631,80.33398096,108.4709002,75.81437334,65.29978034,63.96132355,64.48286623,63.92287171,66.0331288,66.87366946,66.17304398,66.43530611,73.00860789,77.8727011,82.00799083,84.45008685,86.89705554,85.31775204,81.96583474,82.48835707,82.02087305,73.4632365,69.97274697,66.56492064,64.83097142,62.88861625,57.96966327,53.40457069,50.33531127,49.63337331,49.85288286,46.67084689,47.03012032,44.66809675,43.69476331,43.69387858,41.26798143,39.57764884,40.32068171,41.68540157,37.57655879,33.23734451,34.32327334,33.74297759,33.39903629,33.64769544,33.12884368,33.64177751,36.33698991,39.35733087,44.90608842,50.04265325,55.20283927,59.1388057,56.0010623,52.47674807,46.68768213,43.50646141,42.31443614,41.91989501,42.15525596,40.52221518,37.32983822,40.2936949,33.50692547,27.62823065,22.61910958,20.53877624,19.96346394,26.35250498,28.78732517,26.27641366,23.96454434,26.26910164,25.10605598,29.83470833,35.75417779,77.23837692,57.46893909,48.07882051,45.93089983,49.29441422,48.6860069,45.71483709,43.65105722,44.82125877,47.15653143,44.34621133,33.08278992,26.46496371,21.96874593,20.79774153,22.26298227,24.98695648,25.47567377,24.7278882,23.39709869,22.43676254,23.62742903,27.89745867,30.08032386,33.50273923,36.59502826,35.60022079,39.62206945,34.32479547,21.57267437,19.06931144,25.60754227,31.62644028,28.17101688,27.05396605,26.3930311,25.92121909,28.27053505,37.85727919,41.49708328,42.20813808,42.74983487,42.98391278,38.59599268,32.59838949,28.08735521,26.70570637,26.30464072,26.00333099,25.50363627,26.19518321,27.76430857,31.2704955,38.25543401,38.45735723,35.79874287,33.89363668,32.48156109,29.77168864,30.15086547,28.62062427,26.76285765,25.92768858,25.43699362,28.56988369,28.77966554,26.75828631,23.60852887,16.6619395,24.91134585,29.34067847,42.72433384,38.675949,24.19137458,24.02168594,22.61812466,23.18718062,22.62916303,24.8823146,25.48885642,25.69339025,24.59945138,20.62043988,22.33859597,24.647819,25.66357156,25.26186616,23.97683123,24.08325115,23.94261074,23.41041807,20.35759917,18.06775135,17.74211311,18.05471662,17.1642651,15.09874876,14.77487659,14.82294563,13.92457709,12.7907883,11.52984602,11.15626287,10.29434259,9.591389404,9.442869725,8.817395773,7.918088762,8.150234944,10.09122991,11.78893196,16.10430826,19.70782804,21.26402484,21.93429282,23.46039893,21.82056276,19.23481312,18.61024413,18.7059022,20.05927007,23.82484746,30.35637974,31.73961137,21.38666731,19.61839312,17.22032736,14.52997977,14.31279015,15.07366878,17.95974481,17.09733257,16.49738843,21.27762579,23.82413207,28.1111187
2020-12-31 00:00:00-10:00,93.35155663,91.86569154,97.77416869,102.6167135,99.78524979,94.49846644,90.12182682,87.22586825,85.02477477,83.14092291,77.41264222,71.67382017,72.08684371,77.47127292,86.37157686,95.73813221,99.55464841,94.74584225,80.50054165,79.33451477,68.09794183,62.92785577,59.14800883,55.52039412,54.1697498,51.71058229,51.41267184,51.29234286,50.79016449,51.40757387,56.29728418,61.50105108,66.50666879,71.32000434,80.40916011,108.5715032,75.92944956,65.40665818,64.07201269,64.56075725,64.0089842,66.09125891,66.99452476,66.33967168,66.58653844,73.19015345,77.98617604,82.16088384,84.61315503,86.98663826,85.42207936,82.2298115,82.56939319,82.02221803,73.47419189,69.93112133,66.34967539,64.64641491,62.70658618,57.8589611,53.29920755,50.15004589,49.43999382,49.59500588,46.40963717,46.77129314,44.44919174,43.45969892,43.4149252,40.8877751,39.23595849,40.03689443,41.39821103,37.38324346,33.09582169,34.24395932,33.64894762,33.34989117,33.64741238,33.1873316,33.72536118,36.43165977,39.43273511,44.96442774,49.93553498,55.24737088,59.17904432,55.99268985,52.48210878,46.69813107,43.48487225,42.29557383,41.86325015,42.06632618,40.42513066,37.1973602,40.14879507,33.33811187,27.47285502,22.49803431,20.44561144,19.87472954,26.25540862,28.63510674,26.10457074,23.74575944,26.08561477,24.92932621,29.69521234,35.6776048,77.24043854,57.49266306,48.1237169,45.93723319,49.30236155,48.69759065,45.72806472,43.64862422,44.81044074,47.11958549,44.31014978,33.04774231,26.44613065,21.97210837,20.80538437,22.29070437,24.99002973,25.5062326,24.7230618,23.35844713,22.39117292,23.56484201,27.8469558,30.02976433,33.4353886,36.50036497,35.44680248,39.51176456,34.21380465,21.50862976,19.02210575,25.57003432,31.57014889,28.13106292,27.02388199,26.38724716,25.93845798,28.22684007,37.79016322,41.45218081,42.11587392,42.7200905,42.96415467,38.54432352,32.52183949,28.03576478,26.66414753,26.26787336,25.97192068,25.48363077,26.18702429,27.73500816,31.23597203,38.22635566,38.46365857,35.8021932,33.90199452,32.47694752,29.76465361,30.158956,28.65627531,26.78531435,25.95133434,25.45822736,28.58425896,28.79918087,26.77827872,23.62635142,16.67333764,24.88745288,29.30096058,42.68895524,38.64356926,24.12805636,23.94952863,22.55402285,23.1432509,22.55966394,24.81667895,25.44249224,25.7055391,24.6332488,20.61207195,22.29738065,24.63230405,25.6647642,25.27949155,23.98670848,24.08907266,23.96353278,23.41346935,20.38813184,18.1045039,17.78657009,18.09343394,17.16769637,15.11961562,14.79264421,14.86529962,13.98720408,12.84418093,11.58446885,11.21163083,10.33951935,9.622961203,9.499068048,8.824019844,7.916805135,8.153772131,10.097286,11.83258698,16.12726373,19.70993677,21.2370796,21.90004004,23.45469644,21.81424805,19.23456827,18.58613863,18.65835094,20.02565956,23.76220396,30.24490116,31.65781245,21.34231983,19.48036321,17.18650646,14.52072409,14.32140479,15.113357,17.99647128,17.13854745,16.55062112,21.34784948,23.88218471,28.13764945
2021-01-31 00:00:00-10:00,93.40377235,91.80336605,97.66510762,102.4985265,99.67990279,94.37186436,89.97048259,87.08763247,84.88780318,83.02609271,77.3231156,71.61558612,72.03033906,77.47657599,86.3979026,95.74743083,99.55295539,94.73212791,80.45448503,79.28069517,68.06609476,62.91329394,59.1649918,55.54001342,54.19565465,51.72315816,51.43095436,51.29398068,50.79540876,51.3946387,56.34140948,61.59865939,66.62769653,71.38443876,80.48438753,108.6796162,76.05245086,65.53078209,64.19685135,64.64743581,64.10462469,66.16423997,67.12430563,66.51581859,66.74838024,73.39389369,78.13345066,82.34338955,84.81413225,87.11391902,85.55345124,82.50782939,82.6630827,82.03517789,73.5024257,69.91225776,66.17762788,64.49748096,62.56449873,57.7850568,53.23131984,50.00171352,49.28521312,49.3765411,46.18538449,46.54886896,44.26449723,43.26532712,43.17096424,40.53783692,38.92553008,39.78289679,41.14325493,37.24462521,33.00810485,34.21609625,33.60494639,33.34291549,33.68244559,33.26262357,33.81087787,36.51292339,39.49927038,45.01666057,49.83180042,55.28303209,59.21024067,55.98416073,52.47388896,46.70761635,43.44954136,42.27169375,41.80053539,41.97193846,40.32377088,37.05825197,39.99774966,33.16234496,27.31345928,22.37662536,20.35664542,19.79008124,26.16543913,28.49247565,25.93780588,23.53434327,25.90757059,24.76519857,29.57204473,35.61137105,77.25766554,57.5381122,48.19123939,45.97193462,49.33798513,48.7361503,45.76817129,43.67055478,44.82063018,47.10189435,44.29214118,33.02931017,26.44473377,21.99055174,20.82047957,22.32438755,24.99455639,25.53749523,24.7205327,23.32501063,22.35501082,23.50952032,27.79780248,29.9721633,33.36426797,36.39614968,35.29382911,39.39608557,34.10229857,21.44837851,18.97874881,25.53188328,31.51263429,28.09717599,27.00429487,26.39528899,25.96259228,28.19424705,37.73136873,41.41852989,42.03296996,42.69468812,42.94903433,38.50302122,32.45636631,27.99411798,26.63259663,26.24294689,25.95008332,25.47328719,26.19123134,27.71838747,31.21027899,38.2058189,38.48088803,35.80870456,33.91325604,32.47622655,29.76274295,30.17225343,28.695594,26.81338649,25.98321361,25.48523124,28.60170194,28.82362175,26.80512098,23.64822621,16.6857186,24.86418153,29.25983786,42.6520167,38.6149557,24.07157899,23.88516218,22.50473787,23.10937135,22.50622487,24.7599615,25.40477632,25.72411211,24.66845806,20.61129483,22.26737389,24.62808583,25.67478254,25.30845752,23.99541987,24.09937047,23.98704611,23.42083127,20.42492411,18.15058799,17.83991277,18.14651823,17.18724976,15.15844989,14.82995291,14.92544297,14.06803187,12.91291416,11.65169764,11.27903521,10.39484119,9.663145579,9.559265197,8.835874625,7.921569897,8.163759233,10.10783943,11.88257453,16.15217869,19.71203543,21.21203712,21.86708855,23.44733255,21.81219652,19.24175018,18.56435252,18.61112002,19.99296772,23.69944502,30.13917807,31.58905465,21.31168684,19.35822549,17.16544923,14.52775179,14.33836477,15.15133568,18.03699509,17.19286291,16.61920975,21.42830674,23.95039324,28.17751414
2021-02-28 00:00:00-10:00,93.44577578,91.72495254,97.53512537,102.3636865,99.55577944,94.23169333,89.80853016,86.94087127,84.74506395,82.90938231,77.23198269,71.5512829,71.97104737,77.47529663,86.41774651,95.7577571,99.55637144,94.72480903,80.41235439,79.22847173,68.03199888,62.88699864,59.16437208,55.54032705,54.20863774,51.72706205,51.44103499,51.27697524,50.7844234,51.37003252,56.37015747,61.68449108,66.74218011,71.44206283,80.55638797,108.7914832,76.18301818,65.67083644,64.33506474,64.74727677,64.21388299,66.25302615,67.26714351,66.70518526,66.9236888,73.62142307,78.3160879,82.55999069,85.05812976,87.28815441,85.71831075,82.79788325,82.76719871,82.05868665,73.54610613,69.90894807,66.03281821,64.3767077,62.45145415,57.7371506,53.18860888,49.87511819,49.152505,49.17992578,45.97968547,46.34561101,44.09726344,43.09573396,42.95224039,40.21536222,38.64390376,39.55493858,40.91776794,37.15296254,32.96938384,34.23583827,33.61129203,33.38068917,33.75622149,33.35611405,33.90055294,36.58338167,39.56068213,45.06155791,49.72606231,55.30312399,59.22708827,55.97032338,52.45083158,46.71301113,43.40037118,42.24174724,41.73163077,41.87399296,40.21930903,36.91172345,39.84045485,32.98110143,27.15129831,22.25437409,20.27127006,19.7076704,26.07618115,28.35385812,25.76793992,23.32790182,25.73180075,24.6099927,29.46086574,35.55162397,77.28612144,57.60038823,48.27751418,46.03279233,49.3990725,48.79908697,45.83237156,43.71431165,44.84919412,47.10310585,44.29278766,33.02821528,26.46323996,22.02551954,20.84325469,22.36373584,25.00070575,25.57036499,24.72123544,23.29783661,22.32941762,23.46255008,27.75068876,29.90876575,33.28929768,36.2822375,35.13955226,39.27349796,33.98806449,21.39169008,18.93709381,25.49178607,31.4533369,28.0697402,26.99499198,26.41603673,25.99299287,28.17316027,37.68160427,41.3939027,41.95875186,42.67175976,42.93690945,38.47010236,32.40209042,27.95991616,26.60828235,26.22709826,25.93521762,25.4706968,26.20579289,27.71254584,31.19158366,38.19214575,38.50742127,35.81807417,33.92646497,32.47842877,29.76524984,30.18913769,28.73628792,26.84571134,26.02172018,25.51679889,28.62155732,28.85305424,26.83877714,23.67471631,16.69932596,24.84236593,29.21804576,42.61477854,38.59039369,24.02376777,23.83003478,22.47021772,23.08465781,22.46811928,24.71197946,25.37388608,25.7475483,24.70378683,20.61832408,22.24882,24.63579836,25.6935613,25.34901956,24.00247928,24.11284101,24.01159997,23.43169298,20.46637661,18.20395281,17.89966944,18.21133347,17.221207,15.21423856,14.88610816,15.00287692,14.16591556,12.99672297,11.73125579,11.35745338,10.45941503,9.711958959,9.624613145,8.855482589,7.933693799,8.180771121,10.12183564,11.93880253,16.18058775,19.71446853,21.18941169,21.8360325,23.43798321,21.81325507,19.25601199,18.54522094,18.56484215,19.96102779,23.6349996,30.03880074,31.53193193,21.29384514,19.25402231,17.15785078,14.55130205,14.3642719,15.18683536,18.07964274,17.2596943,16.70275971,21.51914622,24.02728397,28.22780955
2021-03-31 00:00:00-10:00,93.48359048,91.63471808,97.3914964,102.2198042,99.42039939,94.08556249,89.64194511,86.79366902,84.6037374,82.79849963,77.14746792,71.49023143,71.91290653,77.46858281,86.43225869,95.76911,99.56531603,94.72354109,80.37348292,79.17752747,67.99663601,62.8507199,59.14831927,55.52369524,54.2080862,51.72025552,51.44290756,51.2387301,50.75363821,51.33201128,56.38203955,61.75648464,66.84641873,71.48967973,80.62422886,108.900184,76.31484265,65.81847231,64.47900974,64.8575088,64.33520804,66.35347697,67.42386424,66.90602952,67.10908981,73.87007662,78.53154955,82.81197989,85.3451306,87.50701619,85.91119858,83.0958229,82.87666879,82.08652106,73.59876653,69.91457993,65.89922642,64.27008444,62.35640676,57.70934046,53.16335962,49.76067481,49.03178377,48.99520672,45.77957232,46.14760036,43.9343456,42.94052258,42.7519262,39.91848402,38.39027779,39.35033712,40.71844608,37.09451183,32.96722924,34.29124846,33.65924534,33.45693169,33.86524877,33.46576491,33.9948486,36.64365275,39.61808661,45.09690096,49.61166012,55.30225625,59.22366842,55.94108993,52.40909685,46.70937005,43.33602764,42.20396101,41.65555541,41.77303548,40.11192721,36.75710306,39.67387543,32.79253142,26.98493551,22.12906587,20.18686507,19.62377088,25.98292312,28.21518362,25.5900203,23.12645987,25.55791266,24.46226675,29.35980794,35.49725238,77.32358925,57.67552965,48.3788473,46.11677114,49.48276175,48.88377717,45.91767925,43.77695431,44.89353567,47.12258399,44.3117376,33.04377718,26.5016728,22.07615699,20.8727367,22.40733222,25.00755456,25.60498075,24.72563598,23.27722179,22.31416058,23.42385924,27.70619862,29.84076588,33.21024181,36.15903759,34.98239254,39.14223229,33.86780713,21.33619322,18.89331037,25.44692212,31.38935603,28.04526317,26.99192091,26.44497845,26.02679667,28.16127467,37.63861905,41.37195337,41.88884264,42.64668948,42.92394835,38.44117587,32.35667082,27.9290263,26.58693837,26.21613475,25.9231697,25.47238386,26.22701042,27.71437731,31.17795385,38.18411572,38.54179629,35.83046051,33.94073796,32.48271915,29.77162959,30.2078535,28.77584152,26.87956318,26.06343934,25.55012681,28.6411498,28.88543811,26.87685289,23.70455441,16.71306353,24.82181737,29.17481561,42.57695265,38.56882589,23.98515889,23.78402946,22.44838082,23.06621506,22.44201952,24.67067553,25.34664071,25.77270395,24.73667757,20.63068493,22.23853506,24.65258983,25.71745794,25.39828806,24.00606221,24.1266836,24.03429043,23.44377523,20.50941789,18.26085464,17.96204088,18.28347871,17.26545529,15.28300056,14.95685981,15.0939825,14.27629212,13.0922431,11.82034276,11.44364468,10.53041119,9.767792561,9.694055288,8.883295837,7.952108111,8.203047046,10.13731205,11.99953877,16.2125894,19.71643134,21.16967383,21.80780692,23.42673296,21.81594555,19.27601412,18.52841091,18.51902918,19.92831375,23.56543556,29.94141173,31.48287078,21.28626082,19.1666684,17.16110879,14.58797335,14.39665331,15.21704074,18.12030434,17.33561966,16.79764803,21.61885976,24.10993528,28.28427169
2021-04-30 00:00:00-10:00,93.5202568,91.53446068,97.23788798,102.0710169,99.2768566,93.93632816,89.47271007,86.64976988,84.4668362,82.69671892,77.07262612,71.44133738,71.85724481,77.45814339,86.44216366,95.78160359,99.57925118,94.72778926,80.33700986,79.12773864,67.96074034,62.80589316,59.11817928,55.49118685,54.19281835,51.70061647,51.43540362,51.17874297,50.70168251,51.27915626,56.37615122,61.81363161,66.93812705,71.52638801,80.68884364,109.0011419,76.4427255,65.96501263,64.6216024,64.97122008,64.46195461,66.46079504,67.59116605,67.11342613,67.29941842,74.13816123,78.7786297,83.09920875,85.66678271,87.75638289,86.11634222,83.39833889,82.98341435,82.10630103,73.65172209,69.92338356,65.76767904,64.16854272,62.27141682,57.69882473,53.15155011,49.65477869,48.91983449,48.81921191,45.58012732,45.94817749,43.76900484,42.79489038,42.56717233,39.64898677,38.16691669,39.17014612,40.5457022,37.05209571,32.98382232,34.3641147,33.7319872,33.55748052,33.9989746,33.58770375,34.09235221,36.69336545,39.672,45.11789862,49.47799779,55.27435036,59.18939786,55.88812496,52.3458389,46.69400002,43.25733445,42.15481961,41.57011291,41.66880149,40.00123438,36.59451574,39.5004382,32.59893713,26.81645613,22.00154785,20.10303478,19.53698897,25.88330904,28.07491373,25.40498635,22.93212613,25.38710473,24.32188541,29.26735501,35.44692009,77.36725128,57.7589311,48.490523,46.21864548,49.58413578,48.98571744,46.01949703,43.85340988,44.94921035,47.15753107,44.34722494,33.07394565,26.55791414,22.14030592,20.90826429,22.45514978,25.01518205,25.64155052,24.73338854,23.26270382,22.3081046,23.39260847,27.66422351,29.76890021,33.12624579,36.028038,34.8215515,39.00163874,33.73919965,21.27948986,18.84480055,25.39613495,31.31926336,28.02034629,26.99017477,26.4773073,26.06185329,28.15612123,37.59995789,41.34728347,41.81999788,42.61676518,42.90793881,38.41287424,32.31765279,27.89780239,26.56500489,26.206559,25.91068711,25.47569881,26.25157868,27.72104949,31.16839098,38.18150437,38.58408335,35.84671424,33.95621528,32.4885711,29.78149817,30.22696785,28.81248062,26.91238823,26.10543833,25.58347876,28.65913472,28.9194217,26.91712926,23.73652122,16.72628872,24.8032643,29.13033707,42.53912177,38.54947589,23.95587933,23.74664329,22.43696771,23.05113322,22.42398196,24.63384359,25.31945443,25.79572285,24.76391241,20.64346892,22.23055794,24.67324506,25.74065595,25.45213907,24.00466492,24.13877915,24.0524896,23.45445985,20.55107518,18.317499,18.02305523,18.35914963,17.31598816,15.36019665,15.03679141,15.19378032,14.39336656,13.19481158,11.91526892,11.53385111,10.60468783,9.828316325,9.764802694,8.917544506,7.974802465,8.228784392,10.15240397,12.06130234,16.24650947,19.71673459,21.15252191,21.78219075,23.41305096,21.81814572,19.29911465,18.51179506,18.47149206,19.89201324,23.48673241,29.8429258,31.43634483,21.28421907,19.09224805,17.16964632,14.63258105,14.43121705,15.23755317,18.15523024,17.41601483,16.89886085,21.72357176,24.19404798,28.34218846
2021-05-31 00:00:00-10:00,93.55352005,91.42211605,97.07335171,101.9167126,99.12392357,93.78261585,89.29899993,86.50892296,84.33406397,82.6036885,77.00654772,71.40656467,71.80332465,77.44496401,86.44654306,95.79374795,99.59495257,94.73415276,80.2998037,79.07751992,67.9240851,62.75398789,59.07482834,55.44242909,54.15989217,51.66450935,51.41569917,51.09627193,50.62720038,51.2089982,56.34992897,61.85354847,67.01453985,71.550359,80.74875038,109.0888368,76.559683,66.10036098,64.75598641,65.07958369,64.58505224,66.56955463,67.76259561,67.31963308,67.48622431,74.41831539,79.04769422,83.41138441,86.0055007,88.01463229,86.32154791,83.69572473,83.07489012,82.10175147,73.69052449,69.92453327,65.63367823,64.06811555,62.19160981,57.70615828,53.15294137,49.55855409,48.81775291,48.65152225,45.3797899,45.7447099,43.59754612,42.65456001,42.39518287,39.40860111,37.97647109,39.01691886,40.40129384,37.01424284,33.00590829,34.43790653,33.81087742,33.66429715,34.14148115,33.71741992,34.19031186,36.73185757,39.7220202,45.11603032,49.31658102,55.21580852,59.11341072,55.80434649,52.25712556,46.66413295,43.16469687,42.09225311,41.47413777,41.5606626,39.88744445,36.42689822,39.32735159,32.40727812,26.65202435,21.8766009,20.02236689,19.44914739,25.77844416,27.93569693,25.22023938,22.74955412,25.22278917,24.19149907,29.18377293,35.39996774,77.41423678,57.84558213,48.6060886,46.33064715,49.69505565,49.0971535,46.12992562,43.93589131,45.00907059,47.20203991,44.39472287,33.11515061,26.62809009,22.21463072,20.94877965,22.50680761,25.02340858,25.67974897,24.74402161,23.25393004,22.31069789,23.36908559,27.62563553,29.69538921,33.0383266,35.89301502,34.65791826,38.85244036,33.60221214,21.220874,18.79100396,25.34000173,31.24253868,27.99172097,26.98558951,26.50931572,26.09709714,28.15605251,37.56330906,41.31713328,41.75060621,42.58138675,42.88789239,38.3842433,32.28381232,27.86416317,26.54001216,26.19555547,25.89517261,25.47892201,26.27702221,27.73025081,31.16181726,38.18391144,38.63360264,35.86690779,33.9730928,32.49578073,29.79460306,30.24588957,28.84553105,26.94267871,26.14591546,25.61641541,28.6762201,28.95463071,26.95849419,23.77005609,16.7392655,24.78834936,29.08666524,42.50334621,38.53303296,23.93665073,23.7180475,22.43443781,23.03770082,22.41137438,24.60007552,25.29022109,25.81269751,24.78202071,20.650406,22.21755624,24.69180935,25.75739972,25.50652687,23.99634236,24.1467588,24.06335427,23.46078521,20.58893869,18.37077883,18.07922181,18.43471464,17.36871928,15.44097189,15.12009867,15.29672206,14.51102351,13.29908713,12.01151424,11.62383424,10.67874063,9.890558942,9.83272462,8.95436721,7.998305934,8.255621714,10.16532058,12.12017557,16.2794621,19.71353879,21.13686614,21.75721739,23.39569219,21.81679129,19.32090582,18.49112648,18.41859339,19.84875199,23.39581949,29.7397435,31.38813428,21.28488173,19.02818534,17.17766671,14.67878954,14.46319145,15.24352533,18.18061728,17.49623782,17.00091179,21.8286668,24.2761334,28.39850481
2021-06-30 00:00:00-10:00,93.58028555,91.29143527,96.89225644,101.7520463,98.95679364,93.61951231,89.11621706,86.36723149,84.20180892,82.51580508,76.94492043,71.38176218,71.74964408,77.4278206,86.44393445,95.8022153,99.60838586,94.73812489,80.25804995,79.02358187,67.88481135,62.69532275,59.01912394,55.37730809,54.10686303,51.60909022,51.38163736,50.99199829,50.53043855,51.11961791,56.29956773,61.87261915,67.07142724,71.55808462,80.79950675,109.1569144,76.6573475,66.21442941,64.87489325,65.17509913,64.69595758,66.67412256,67.92993574,67.51485242,67.65758078,74.69784293,79.32520696,83.73543918,86.34412353,88.25598144,86.51143235,83.97657918,83.14336153,82.06480278,73.70599712,69.91202479,65.50034455,63.97106302,62.11696453,57.73489153,53.17019613,49.47717045,48.73077512,48.49677446,45.1829187,45.54188326,43.4229092,42.5200299,42.23581565,39.19945893,37.82156409,38.89421318,40.28858243,36.97876402,33.02887802,34.50416298,33.88423861,33.76366714,34.27830163,33.85104402,34.2855599,36.75685404,39.76481484,45.08238946,49.12406034,55.12592616,58.98959416,55.68427947,52.13955789,46.61695059,43.05746695,42.01383736,41.3656422,41.4462285,39.77038987,36.25960708,39.16257861,32.22671178,26.50026026,21.76127817,19.94906073,19.3637516,25.6738302,27.80436866,25.0472533,22.58680384,25.07196651,24.07703606,29.11239223,35.35809503,77.4637138,57.93189306,48.71950775,46.44450544,49.80645148,49.20832583,46.23906568,44.01521246,45.0655361,47.25227508,44.45149703,33.16401861,26.70883571,22.29621292,20.99297362,22.56137779,25.03208162,25.7188101,24.75707686,23.25105822,22.32220398,23.35494428,27.59198727,29.62417402,32.94988102,35.75879386,34.49143466,38.69394787,33.45647656,21.15892812,18.7313096,25.27890746,31.15914253,27.95658911,26.97489169,26.53834534,26.13135947,28.16056715,37.5275027,41.28132216,41.6802442,42.54160645,42.86336467,38.35494707,32.25461568,27.82740544,26.51092966,26.18149761,25.87529099,25.48108753,26.30153006,27.74014299,31.156922,38.19046101,38.68853273,35.88956073,33.99070922,32.50323325,29.80987852,30.26331946,28.87401091,26.96895678,26.18222969,25.64692858,28.69115829,28.98978234,26.99940512,23.80435577,16.75147163,24.77773699,29.04484642,42.47026057,38.51925305,23.92707789,23.69698418,22.43929326,23.0240452,22.40200021,24.56781684,25.25745697,25.82048614,24.78815365,20.64638879,22.19338882,24.70383132,25.76387041,25.55891487,23.97968227,24.1489867,24.06531548,23.46107475,20.62126857,18.4184011,18.12781233,18.50711567,17.42058868,15.52227611,15.20323447,15.39897714,14.62535409,13.40146522,12.10606059,11.71113216,10.75089809,9.952943078,9.895525748,8.991908224,8.019480858,8.281467574,10.17542827,12.17395725,16.30980554,19.70571882,21.12148158,21.73094374,23.37310061,21.80905081,19.33723765,18.46282227,18.35825267,19.79807084,23.29350095,29.62965543,31.33621922,21.2862652,18.97170525,17.17953319,14.71990444,14.48939624,15.23182825,18.19238912,17.57304852,17.09933044,21.92978723,24.35321231,28.45152111
2021-07-31 00:00:00-10:00,93.59563596,91.13471831,96.68721627,101.5700013,98.76925506,93.44018938,88.91828028,86.21817853,84.06414226,82.42704811,76.88097048,71.35904386,71.69395157,77.40432262,86.43317164,95.80368304,99.61621647,94.73576341,80.20911899,78.96338022,67.84065593,62.62992213,58.95162207,55.29555909,54.03153987,51.53254998,51.33203407,50.8688038,50.41406142,51.01157104,56.22332206,61.86929283,67.1059232,71.54740901,80.83779435,109.2006365,76.72912726,66.29997811,64.97257157,65.25192318,64.78747625,66.76997853,68.08509221,67.69006049,67.80216383,74.96251886,79.5950823,84.05594008,86.66564482,88.45730371,86.66985112,84.22843352,83.18444207,81.99416624,73.69455206,69.88479572,65.37611682,63.88457016,62.05171604,57.79030269,53.20790182,49.41849723,48.66691386,48.36397864,44.99959426,45.35129789,43.25473206,42.39642097,42.09265358,39.02643296,37.70683935,38.80816895,40.21377274,36.95161341,33.05595748,34.5623754,33.94836468,33.84921033,34.40089226,33.98476703,34.37432793,36.76631164,39.796235,45.00941718,48.89912005,55.0025202,58.81481911,55.52901239,51.99446962,46.55229808,42.93662437,41.91778385,41.24369644,41.32387249,39.65174927,36.10018906,39.01525467,32.06844111,26.37173722,21.66466272,19.88909036,19.28626294,25.57824411,27.69095479,24.89973921,22.4536151,24.94335757,23.98589559,29.05866803,35.32501658,77.51690066,58.01639373,48.82661197,46.5539646,49.91094311,49.31163296,46.33993482,44.0844481,45.11311427,47.30565523,44.51592583,33.21838584,26.79746011,22.38283992,21.03955012,22.61746864,25.041324,25.75765896,24.77138959,23.25401829,22.34281194,23.35198866,27.56489283,29.55887751,32.86429986,35.62883467,34.32414186,38.52720977,33.30372603,21.09343849,18.66633836,25.21333955,31.06946246,27.91314379,26.95611261,26.56260678,26.16352469,28.16925661,37.4926894,41.241317,41.61088238,42.50139177,42.83627248,38.32638623,32.22988446,27.78809039,26.47814329,26.16393761,25.85136996,25.48239575,26.32459844,27.75029141,31.153413,38.20087669,38.74778538,35.91355261,34.00883782,32.51065029,29.82712356,30.27886697,28.89765763,26.99019585,26.21238368,25.67319675,28.70252338,29.0234864,27.03885042,23.83911154,16.76320077,24.77212393,29.00553462,42.44047652,38.50825637,23.92703475,23.68269881,22.45087641,23.00941516,22.39526735,24.53751412,25.22118793,25.81821848,24.78214945,20.63001813,22.15582889,24.70813562,25.7593262,25.60744589,23.95494809,24.14566727,24.05950114,23.45633045,20.64795657,18.45985557,18.16802868,18.57451553,17.47036081,15.60323057,15.28507442,15.49884514,14.73473031,13.50038396,12.19769617,11.79512471,10.82124251,10.01548479,9.953329391,9.030663467,8.037474363,8.306157315,10.18370762,12.22256702,16.33773543,19.69367183,21.10553773,21.70226123,23.3441581,21.79357908,19.34585672,18.42560542,18.28992216,19.74055454,23.1818009,29.51311886,31.28131726,21.28809932,18.92169213,17.17351848,14.75224179,14.5088589,15.20191639,18.18887631,17.64498735,17.19129857,22.02377891,24.42339546,28.50015742
2021-08-31 00:00:00-10:00,93.59425644,90.94473478,96.45042423,101.3625997,98.55421719,93.23638839,88.69812066,86.05336356,83.91324624,82.3294566,76.80624973,71.32912183,71.63430233,77.37271592,86.41516181,95.79743689,99.61797529,94.7266002,80.1542928,78.89718142,67.79112932,62.5599011,58.87495784,55.19914047,53.93401021,51.43556735,51.26853175,50.73336451,50.28395979,50.8894486,56.1252468,61.84689543,67.11977714,71.51981344,80.8633262,109.2190893,76.77244365,66.35333233,65.04538468,65.3063365,64.8547779,66.85519306,68.22275122,67.83979711,67.91273399,75.20076249,79.84406236,84.3589417,86.95634808,88.60223968,86.78618612,84.44378192,83.19956077,81.89528209,73.65843686,69.84646017,65.27264533,63.81865753,62.00268514,57.87771313,53.27071909,49.39062273,48.63496945,48.26319887,44.84249804,45.18685066,43.10504932,42.2904376,41.97202631,38.89675131,37.63833479,38.76632568,40.18477586,36.94575191,33.09719225,34.61867182,34.0065304,33.92161334,34.5072792,34.11648095,34.45385249,36.75905986,39.81222349,44.89240414,48.64301783,54.84595662,58.59174685,55.34636242,51.82932563,46.47453975,42.80670291,41.8064995,41.11139911,41.19587519,39.53637472,35.95706736,38.8956153,31.94441786,26.27774882,21.59694184,19.84999911,19.22414854,25.50221611,27.60702572,24.79151383,22.35822976,24.8450936,23.92468503,29.02822543,35.30515024,77.57657226,58.09952936,48.92576108,46.65614106,50.00459469,49.40311167,46.42909626,44.14030985,45.14917076,47.36022758,44.5871143,33.27872292,26.89367681,22.4745138,21.08814525,22.67384142,25.05147223,25.79540503,24.78607221,23.26306897,22.37286439,23.36183222,27.54629961,29.50362318,32.78596966,35.50789435,34.16044168,38.35604928,33.14825706,21.0264024,18.5985571,25.14535154,30.97590643,27.86307695,26.93094594,26.58326363,26.1946908,28.1833991,37.4619222,41.20187365,41.54742451,42.46710585,42.81148113,38.3033273,32.21120725,27.74844287,26.44388144,26.14416276,25.82516453,25.48392888,26.34651205,27.76090339,31.1516138,38.21485181,38.81029723,35.93811074,34.02748857,32.51761564,29.84596998,30.29203671,28.91607653,27.00560272,26.23522234,25.69492724,28.71020311,29.05553382,27.07723278,23.87537995,16.77643367,24.77295051,28.97018305,42.41491694,38.50086437,23.93656296,23.67510535,22.46950322,22.99431719,22.39164823,24.5103593,25.18294246,25.80661312,24.76527021,20.60244029,22.10596581,24.70592715,25.74556528,25.65109242,23.92479973,24.13847705,24.04802644,23.44917344,20.67051474,18.49636416,18.201261,18.63676528,17.51878903,15.68504629,15.36666723,15.59638214,14.8392534,13.59600536,12.28654224,11.87634843,10.8908177,10.07946208,10.00816535,9.072996466,8.053884383,8.331751469,10.19288844,12.26745569,16.36479767,19.67835767,21.08810405,21.67089158,23.30887018,21.77087131,19.34620529,18.38024007,18.21469628,19.67792796,23.06440404,29.39329318,31.22685373,21.2920529,18.879072,17.16082451,14.77455827,14.52236519,15.15611473,18.17041508,17.71212648,17.27572268,22.10884449,24.48643833,28.54378502
2021-09-30 00:00:00-10:00,93.57251205,90.71695392,96.17639459,101.1227361,98.30507336,93.00056221,88.44926306,85.86448934,83.74106329,82.2148687,76.71286046,71.28429774,71.56996531,77.33442986,86.39331509,95.78560045,99.615367,94.71313427,80.09818988,78.82780477,67.73827935,62.48893744,58.79270732,55.09098352,53.816115,51.32099973,51.19384199,50.59334632,50.14680199,50.75902956,56.01296369,61.81148632,67.11777196,71.48019113,80.87847149,109.2149494,76.78828805,66.37434149,65.09242337,65.33687682,64.8959519,66.93102953,68.34157517,67.96369882,67.98834098,75.40708756,80.06553114,84.63590541,87.20818474,88.68823862,86.86133473,84.62222236,83.19581041,81.77852891,73.60411761,69.80320424,65.2015216,63.78310847,61.97636271,57.99999378,53.36156814,49.39973539,48.64176448,48.20261147,44.72407373,45.06148447,42.98573083,42.20933075,41.88181388,38.81797909,37.62129206,38.77538721,40.20876355,36.97793235,33.16758711,34.68501869,34.06810692,33.98818531,34.60204305,34.2461218,34.5229027,36.73493603,39.8094355,44.73287151,48.36387879,54.66355105,58.3317107,55.14731512,51.65428625,46.39080461,42.67509362,41.68810457,40.97713537,41.06913169,39.43247192,35.84099136,38.81290151,31.86496431,26.22738658,21.56665026,19.83876395,19.18507982,25.4564811,27.56276044,24.73297102,22.30605621,24.78240338,23.89726421,29.02487707,35.30248292,77.64581208,58.18312782,49.0173211,46.75084412,50.08715261,49.48212386,46.50536701,44.18185451,45.173097,47.41432013,44.66454853,33.34659816,26.99799882,22.57233729,21.13929952,22.7298518,25.06283761,25.83134784,24.80067138,23.2787658,22.41309685,23.38547642,27.5376327,29.46229343,32.71952208,35.40129946,34.00539605,38.18614382,32.99684879,20.9602991,18.53075242,25.07814393,30.88296405,27.81062147,26.90322609,26.6032289,26.22674849,28.20452696,37.4391012,41.16948278,41.49593972,42.44433713,42.79363232,38.2918402,32.20125202,27.71152988,26.41083184,26.1242139,25.79902254,25.48685824,26.36740286,27.77179152,31.1515226,38.23161834,38.87437941,35.96249633,34.04625265,32.52298503,29.86556613,30.30189646,28.92817219,27.01393147,26.24949203,25.71278185,28.71522426,29.08648784,27.11572901,23.91450831,16.79335101,24.78149325,28.94001377,42.3930631,38.49709166,23.95458831,23.67383809,22.49583963,22.97985335,22.3921431,24.4884196,25.14615161,25.78841879,24.74058649,20.56724586,22.0480191,24.69977752,25.72589527,25.69036802,23.89268571,24.12973559,24.03315904,23.44251478,20.6912245,18.53011043,18.23002657,18.69485844,17.56752569,15.76958454,15.45018972,15.69248315,14.93965448,13.68945229,12.37341552,11.95642155,10.96161492,10.14707707,10.06339362,9.12151709,8.071096403,8.360744919,10.2057137,12.31037223,16.39280287,19.6611355,21.06887924,21.63710985,23.26846288,21.74323234,19.33945167,18.32872231,18.13564721,19.6133242,22.94661945,29.27519587,31.17735417,21.30000451,18.84512726,17.14331093,14.78715151,14.5315468,15.09816346,18.13959635,17.77494633,17.35260249,22.1841451,24.54296357,28.58209865
2021-10-31 00:00:00-10:00,93.53050154,90.45294891,95.86579622,100.8486641,98.0204981,92.73000064,88.1696429,85.64737424,83.54342953,82.07822033,76.59590439,71.2179475,71.50044181,77.29210812,86.37176901,95.77178294,99.61147298,94.69889026,80.04473638,78.75665823,67.68286133,62.41895644,58.70647168,54.97223474,53.67912375,51.19142585,51.10977397,50.45572665,50.00965762,50.62664054,55.89504466,61.77039538,67.107041,71.43557836,80.88778372,109.1932624,76.78029716,66.36538719,65.11464678,65.34372377,64.91187957,67.00001223,68.44247731,68.065002,68.03327857,75.58170742,80.25866473,84.88440093,87.42016394,88.72412858,86.9053747,84.7687297,83.18236005,81.65530359,73.53935005,69.76131369,65.17093752,63.78376883,61.97649879,58.15524916,53.47966134,49.44807593,48.68993306,48.18619728,44.65208447,44.98338787,42.90466013,42.1573942,41.82636711,38.79272615,37.65606531,38.83746137,40.28882434,37.06404674,33.2832074,34.77633406,34.14710842,34.06170877,34.69581843,34.37506872,34.58226482,36.69595962,39.78644577,44.53874629,48.07575034,54.46778901,58.05266533,54.94343149,51.47946285,46.30855287,42.54999643,41.57439585,40.85285521,40.95373001,39.34981907,35.76250568,38.77376437,31.83593732,26.22466697,21.57753281,19.85902077,19.17436227,25.44838958,27.56312745,24.72678697,22.29765199,24.75628558,23.90379147,29.049819,35.31956717,77.72713839,58.27016535,49.10430491,46.8409687,50.16254363,49.55145561,46.57035924,44.21038271,45.18613166,47.4671746,44.74852529,33.42377611,27.11115783,22.67738759,21.19364513,22.78531222,25.07599772,25.86541365,24.8150003,23.30102117,22.46353302,23.42277641,27.54005012,29.43768426,32.66882464,35.31378076,33.86410829,38.02416297,32.85692953,20.89758529,18.46592516,25.01516672,30.795004,27.75924698,26.8761868,26.62495811,26.26042831,28.23184121,37.42594395,41.14821269,41.46047889,42.43617251,42.78498798,38.29622377,32.20229628,27.68077538,26.38156187,26.10609969,25.77493135,25.49171224,26.38706538,27.78308612,31.15361789,38.25068004,38.93896598,35.9866185,34.06452825,32.52559615,29.88507336,30.30773119,28.93313458,27.01427374,26.25468299,25.72819131,28.71972591,29.11795777,27.15561615,23.95762859,16.81606443,24.79874024,28.91572815,42.37364658,38.49595081,23.97906774,23.67790742,22.5296059,22.96636291,22.39674668,24.47318048,25.11451893,25.76721306,24.7120486,20.5296206,21.98841408,24.69352629,25.70491657,25.72776276,23.86264305,24.12252549,24.01780235,23.43969392,20.71242129,18.56273555,18.25614924,18.7493233,17.61757117,15.85720348,15.53654961,15.78767418,15.03652505,13.78183366,12.45904707,12.037137,11.03594219,10.22016226,10.121953,9.176461191,8.089914944,8.394236657,10.22336799,12.35232006,16.42267985,19.6436387,21.04843639,21.60203711,23.22579045,21.71416812,19.32848447,18.27435233,18.05695994,19.55121438,22.83522712,29.16539795,31.13746497,21.31365101,18.82219858,17.1243472,14.79266171,14.53899034,15.03331093,18.10047166,17.83514626,17.42314781,22.25000137,24.59417649,28.61521693
2021-11-30 00:00:00-10:00,93.47271413,90.15987531,95.52409673,100.5438891,97.70516332,92.4278406,87.86336142,85.40358075,83.32163114,81.91842969,76.45419172,71.1253111,71.42601302,77.24848349,86.35439363,95.76058754,99.61079742,94.68806882,79.99705338,78.68409122,67.62444058,62.3502247,58.61549301,54.84208322,53.52275247,51.04745199,51.01534731,50.32515029,49.87889578,50.49868506,55.78055594,61.73149467,67.09627137,71.39432678,80.8990089,109.1631358,76.75728346,66.33421785,65.11730886,65.33066268,64.90685435,67.06577431,68.52862823,68.14963949,68.05624089,75.72890737,80.42665009,85.10582245,87.59594984,88.72748642,86.93417294,84.8902669,83.16749755,81.53526364,73.47159176,69.72598408,65.18408811,63.82126,62.00276458,58.33665833,53.62041902,49.53353829,48.77825577,48.21359974,44.62978076,44.95531652,42.86519499,42.13608405,41.80625474,38.81941544,37.73920362,38.95025677,40.42338482,37.21328861,33.45490925,34.9055391,34.25770449,34.15619856,34.80258073,34.50704303,34.6364469,36.64830673,39.74631456,44.32401221,47.79925615,54.27400606,57.77518714,54.74516099,51.31349524,46.23440215,42.43945942,41.47747225,40.75129482,40.86133332,39.29924878,35.73083577,38.78161433,31.85863738,26.26850219,21.62838002,19.91081201,19.19460509,25.47959619,27.60716596,24.76777913,22.32829594,24.76302263,23.94016173,29.1010698,35.35654562,77.82181106,58.36378359,49.19158242,46.93198113,50.23792391,49.61695576,46.62887559,44.23052351,45.19222996,47.52014353,44.8407626,33.51238381,27.23445551,22.79149293,21.25321692,22.84109687,25.09238472,25.8987502,24.83054186,23.33100147,22.5251336,23.47404412,27.55449184,29.43168486,32.63652908,35.24838269,33.74046334,37.87561145,32.73460917,20.84089647,18.4076736,24.96009636,30.71602699,27.71226227,26.85350541,26.65084314,26.29593005,28.26377029,37.42255075,41.1400709,41.44308596,42.44404426,42.78654249,38.3188695,32.21591769,27.65950886,26.35877529,26.09185197,25.75486214,25.4987705,26.40562023,27.79587018,31.15897232,38.27197547,39.00359051,36.01136575,34.08184876,32.52453835,29.90350976,30.30864523,28.93079851,27.00655696,26.25087151,25.74329218,28.72683788,29.15227499,27.19824606,24.00539325,16.84634455,24.82574413,28.89877844,42.35640065,38.497096,24.00912002,23.68756626,22.57078124,22.95430722,22.40537401,24.46584352,25.09134911,25.74660463,24.68394548,20.49537302,21.9342707,24.69277234,25.68888155,25.76744765,23.84039382,24.12175942,24.00654521,23.44518804,20.73735081,18.59684177,18.2820713,18.80127274,17.67069506,15.94861588,15.62618764,15.882704,15.13149749,13.87528645,12.54487476,12.11989556,11.11624642,10.30059226,10.18607093,9.236947459,8.110379301,8.432450792,10.24631648,12.39465144,16.45578676,19.62907536,21.02968197,21.56877992,23.18539393,21.68871726,19.31772503,18.22140134,17.98328366,19.49634428,22.73684787,29.07035773,31.11181771,21.33511565,18.81387695,17.10920202,14.79514314,14.5482207,14.96737245,18.0571288,17.89527266,17.48997263,22.30786806,24.64218868,28.64442811
2021-12-31 00:00:00-10:00,93.40326187,89.84656873,95.16003393,100.2159423,97.36869506,92.10274382,87.53962891,85.1399735,83.08156278,81.73850979,76.29014994,71.00564901,71.34825671,77.20571608,86.34549954,95.7577551,99.61925303,94.68602026,79.95883111,78.61180291,67.56332252,62.28328734,58.52013703,54.70095004,53.34822565,50.89118519,50.91045244,50.20502787,49.75885347,50.37978638,55.67697834,61.70330089,67.09476759,71.36325683,80.91994103,109.1348065,76.7309491,66.29245726,65.10899257,65.30469817,64.8879496,67.13191977,68.60512924,68.22547215,68.06925777,75.85569874,80.57522194,85.30314058,87.74003922,88.7147829,86.95987773,84.9925207,83.15732286,81.42526365,73.40771663,69.70078018,65.23996109,63.89246565,62.05190832,58.53413387,53.77585087,49.6490592,48.90107237,48.27987224,44.65516097,44.97555522,42.86851067,42.14649536,41.82130466,38.89465956,37.86588036,39.10861887,40.60687446,37.42414401,33.68397056,35.07875751,34.40820324,34.2815492,34.93342927,34.64902283,34.69322021,36.60071402,39.69594053,44.10370331,47.55353088,54.09681737,57.51849883,54.55781013,51.16084833,46.17228877,42.34838502,41.40610071,40.68222486,40.80125066,39.2872828,35.74934917,38.83610361,31.93085427,26.35495186,21.7148821,19.99134208,19.24425892,25.54596573,27.68826367,24.84532882,22.38929696,24.79568075,23.99960203,29.17457518,35.4118656,77.93010527,58.46677429,49.28424232,47.02968369,50.32123939,49.68648764,46.68846726,44.2495973,45.19843722,47.57724686,44.94398222,33.61426821,27.36876799,22.91584583,21.3202824,22.89853309,25.11390758,25.93316353,24.84905942,23.37006074,22.59931601,23.54012561,27.58213835,29.44580166,32.62421107,35.20698202,33.63736915,37.7438106,32.63381166,20.79260424,18.35995588,24.91528302,30.64851654,27.67222586,26.83874413,26.6831914,26.33379665,28.29968386,37.42858494,41.14564138,41.44325028,42.46708776,42.79736093,38.35952924,32.24203671,27.64910437,26.34378694,26.08252714,25.74005253,25.5080056,26.4236803,27.81160532,31.16938005,38.2961339,39.067832,36.03757944,34.09895403,32.52078522,29.92110051,30.30552982,28.92278043,26.99246525,26.24010685,25.76048298,28.73993288,29.19115856,27.24497891,24.05791347,16.88511115,24.86261919,28.89022158,42.34183584,38.5004581,24.04429902,23.70324099,22.61903932,22.94382788,22.41749428,24.46650122,25.07828709,25.72881316,24.65897602,20.46847611,21.89007537,24.70035203,25.6811087,25.81154027,23.83011894,24.13117075,24.00302444,23.46175926,20.76815473,18.63406521,18.30956784,18.85154181,17.7281878,16.0437174,15.71863054,15.97698465,15.22495999,13.97031011,12.63093365,12.20424792,11.20292792,10.38782206,10.2551106,9.29988829,8.130546272,8.473348866,10.27332794,12.43805518,16.49291636,19.62016623,21.01546299,21.54029259,23.15114592,21.67151604,19.31150931,18.17334279,17.91832856,19.45210782,22.65588307,28.99446081,31.10343011,21.36587335,18.82330598,17.1025467,14.79796751,14.56116957,14.90405522,18.01206023,17.95559146,17.55466532,22.35906478,24.68875669,28.67124219
2022-01-31 00:00:00-10:00,93.32446337,89.52026908,94.78207978,99.87355827,97.02007925,91.76343273,87.2061603,84.86256592,82.82717702,81.54012521,76.10476492,70.86175969,71.26792083,77.16594325,86.34588226,95.76613736,99.64010699,94.69556987,79.93153489,78.53988448,67.49836666,62.21776837,58.42089064,54.54930807,53.15709461,50.72495729,50.79438414,50.09554022,49.65019765,50.27178302,55.58540465,61.68881302,67.10538329,71.34274093,80.95122182,109.1087264,76.70352187,66.24432514,65.09327286,65.26824867,64.85836958,67.19590532,68.67230988,68.29630373,68.08040143,75.96493187,80.7079068,85.47763372,87.85624775,88.69368384,86.9837195,85.08040016,83.15783777,81.32977487,73.35357825,69.68848038,65.33573441,63.99379993,62.12153554,58.73922916,53.93875909,49.78555578,49.05058159,48.37856383,44.72442269,45.04192814,42.91653656,42.19012119,41.8702181,39.01240129,38.02848915,39.30346196,40.82901096,37.68410223,33.96087852,35.29243927,34.59760271,34.43995823,35.09283275,34.80520144,34.75774239,36.55798417,39.63962919,43.88944755,47.34904916,53.94148491,57.29038598,54.38013874,51.01960132,46.1217838,42.2765581,41.36177941,40.64831069,40.77619628,39.3132433,35.81481123,38.93187588,32.04538023,26.47562763,21.82902632,20.09424419,19.31842423,25.6381393,27.7951484,24.94569261,22.47125589,24.84694812,24.07555224,29.26666024,35.48399766,78.05224184,58.58152749,49.38683932,47.13883759,50.41945206,49.76739234,46.75681578,44.27522677,45.21229846,47.64398766,45.06121521,33.73145345,27.51419268,23.05068738,21.39645343,22.95823948,25.14067758,25.96927242,24.87139345,23.41812203,22.68662906,23.62166401,27.62348459,29.47947505,32.63146527,35.18888961,33.55573685,37.62887388,32.55446626,20.75375953,18.324905,24.87995404,30.59291136,27.63952897,26.83316221,26.72235973,26.37352599,28.33783688,37.44165287,41.16216296,41.45601724,42.50008306,42.81307191,38.41427548,32.27792308,27.64875951,26.33609373,26.07765526,25.73058533,25.51886549,26.44140579,27.83077459,31.18580012,38.32366469,39.13092288,36.06593252,34.1176328,32.51699718,29.93950446,30.30127075,28.91176678,26.97428401,26.2251572,25.78153747,28.76100804,29.23539465,27.29658007,24.11430712,16.93174858,24.90801153,28.89035764,42.33008179,38.50556075,24.08384555,23.72460125,22.67333821,22.9343757,22.43167687,24.47379056,25.07556399,25.71495965,24.6385747,20.45096557,21.85717055,24.71538824,25.68125528,25.85924112,23.83310803,24.15218663,24.00900365,23.49015535,20.80621058,18.67563977,18.34048019,18.90174661,17.79135779,16.14154564,15.8127208,16.0693114,15.3166253,14.06684902,12.71705385,12.2888639,11.29458829,10.47941623,10.32526407,9.360769418,8.147384738,8.513436795,10.30121893,12.48214227,16.53330296,19.61799001,21.00771781,21.51911579,23.12571826,21.66528291,19.31307232,18.13200431,17.86379307,19.41963398,22.59359525,28.93936207,31.11320148,21.40624001,18.85245509,17.10681125,14.80301038,14.57788717,14.84509923,17.96609358,18.01427302,17.61744718,22.40472817,24.73535068,28.69728204
2022-02-28 00:00:00-10:00,93.23953404,89.18915443,94.39814163,99.52574158,96.66885833,91.41946922,86.86803247,84.57586246,82.55962078,81.32323791,75.89680438,70.69928558,71.18608833,77.12987963,86.35373886,95.78525167,99.67344753,94.71520149,79.91140258,78.46550075,67.42601494,62.15136959,58.31739577,54.3865949,52.95072284,50.55071402,50.66684927,49.99448212,49.55053996,50.17234261,55.5011495,61.68408646,67.12402532,71.32717077,80.98688691,109.0759436,76.66748872,66.18826681,65.06863247,65.21794619,64.81581043,67.25330141,68.72891094,68.36320968,68.09421603,76.05671165,80.8258323,85.62971512,87.94831442,88.6644835,87.00308752,85.15804228,83.17314112,81.24750729,73.30993679,69.68927914,65.4680367,64.12332661,62.21204077,58.95073351,54.1091763,49.93738032,49.22049414,48.5034399,44.83254595,45.14941987,43.00625931,42.26530897,41.94710985,39.16138827,38.21429917,39.51996517,41.07372586,37.97425105,34.26904269,35.53492575,34.81678423,34.62618375,35.27913774,34.97433643,34.83025382,36.51964111,39.57808259,43.68466113,47.18298794,53.80249287,57.08622758,54.20505942,50.88103336,46.07745139,42.21772454,41.33976836,40.64575737,40.78264921,39.37011079,35.9178013,39.06205115,32.19450153,26.62301935,21.96393257,20.21389297,19.41215348,25.74609882,27.9162315,25.05636219,22.5683939,24.91215917,24.16436332,29.37560768,35.57197933,78.18733236,58.70835038,49.50172462,47.26180235,50.53643552,49.86393876,46.83878369,44.31259016,45.23890371,47.72354347,45.19203648,33.86312443,27.6678338,23.19340616,21.48092179,23.01889436,25.17080573,26.00597794,24.89746582,23.47369236,22.78727684,23.7192627,27.67777233,29.52953998,32.65576976,35.1899335,33.49349049,37.5279526,32.49298245,20.72327594,18.30247761,24.85008977,30.54575888,27.61092938,26.83461619,26.76625191,26.41270827,28.37472866,37.45647507,41.18320217,41.47222336,42.53377752,42.82642957,38.4766646,32.31919369,27.65655776,26.33413438,26.0757694,25.72518109,25.53013469,26.45807384,27.85266709,31.20795638,38.35394556,39.19085371,36.09530769,34.13814533,32.51493054,29.95984747,30.29883731,28.89998244,26.95349015,26.20794552,25.8064002,28.78938022,29.28452755,27.35334825,24.1728104,16.98359822,24.95856812,28.89845134,42.32089323,38.51187612,24.12696776,23.75054466,22.73211604,22.92531239,22.44633584,24.48581282,25.08299855,25.70608289,24.62386744,20.44344176,21.83405427,24.73402097,25.68602785,25.90731426,23.84852259,24.1845277,24.02451656,23.52936184,20.852334,18.72268744,18.37715137,18.95394652,17.86141835,16.24095353,15.90697584,16.15864218,15.40654907,14.16556036,12.80399027,12.37233752,11.3888254,10.5720415,10.39112045,9.413764357,8.157576792,8.549018004,10.32581069,12.52473342,16.5742633,19.62104903,21.006579,21.50622508,23.10949622,21.66978127,19.32329294,18.09645389,17.81815956,19.39669822,22.54731976,28.90295761,31.13908272,21.45439299,18.90143207,17.12206507,14.81156502,14.59654251,14.79046606,17.91872478,18.06862428,17.6770583,22.44472192,24.78207346,28.7227878
2022-03-31 00:00:00-10:00,93.14779435,88.85783158,94.01277956,99.17816347,96.32338869,91.07946619,86.53106693,84.28563423,82.28389229,81.09271786,75.66997176,70.52588529,71.10526574,77.09652305,86.3672333,95.81355943,99.71733746,94.74099862,79.89237312,78.38477793,67.34320769,62.08178205,58.21133757,54.21472556,52.73402754,50.37287518,50.53077545,49.89983789,49.45773997,50.07889701,55.420008,61.68569533,67.14847866,71.3148669,81.01957451,109.0277898,76.61484199,66.12261746,65.03322727,65.14851694,64.75487351,67.29882195,68.77226976,68.42555679,68.11254601,76.13119029,80.9290901,85.76033323,88.02013575,88.63119408,87.02033989,85.22844643,83.20226005,81.17289068,73.2708964,69.69805678,65.6302002,64.27791752,62.32459704,59.17370914,54.29135122,50.10488632,49.40983275,48.65228876,44.97587165,45.2926005,43.13176071,42.36774108,42.04416611,39.33036064,38.41070003,39.74377193,41.32594216,38.273789,34.58799416,35.78896937,35.0500202,34.82844813,35.48394672,35.15065999,34.90778007,36.48192871,39.50964981,43.48584936,47.04293333,53.66865062,56.89338127,54.02611917,50.73544222,46.03263439,42.16296494,41.33018133,40.66407899,40.81097369,39.44673279,36.04677538,39.21759501,32.37035336,26.79106876,22.11488413,20.34624519,19.52110288,25.86304443,28.04420369,25.17090552,22.67792343,24.98891465,24.2641174,29.49984018,35.67449998,78.3328496,58.8452156,49.6286355,47.39765952,50.67182499,49.97661162,46.93613702,44.36418736,45.28028195,47.81554717,45.33292015,34.0049519,27.8239175,23.33905924,21.57047644,23.07756005,25.20116746,26.04086187,24.92615869,23.53505076,22.89977129,23.83141923,27.7425042,29.59130262,32.69346216,35.20437264,33.44718177,37.43531827,32.44247079,20.69771025,18.28933902,24.81872557,30.50007998,27.58004358,26.83810953,26.8107343,26.4468674,28.4055217,37.46519297,41.19903022,41.48054617,42.55685658,42.82951355,38.54034369,32.36134826,27.66944349,26.33510147,26.07435257,25.72061265,25.53917692,26.47166768,27.8752445,31.23413606,38.38510284,39.24469695,36.12314045,34.15828545,32.51415496,29.98132503,30.29905903,28.88776668,26.9296991,26.18867647,25.83269665,28.82140413,29.33587325,27.41271326,24.2293601,17.03541019,25.00845076,28.91073217,42.31123799,38.51664998,24.17088298,23.77740143,22.79145018,22.91399608,22.45844592,24.49865182,25.09744705,25.69987493,24.61179396,20.44222619,21.81530587,24.74864767,25.68782713,25.94840192,23.87078336,24.22398401,24.04593024,23.57484596,20.90377757,18.77324851,18.41887026,19.00686292,17.93573863,16.33711079,15.9962735,16.24089708,15.49171813,14.26397985,12.88962201,12.45097288,11.48141509,10.66153925,10.44784335,9.453773199,8.158915936,8.577415673,10.3433979,12.56130265,16.61088359,19.62458346,21.00849175,21.49844735,23.09848331,21.6810111,19.33839033,18.06107717,17.77546052,19.37750802,22.51083778,28.88018254,31.17562991,21.50510065,18.96623387,17.1453494,14.82274241,14.61301657,14.7378053,17.86781967,18.11350119,17.73032806,22.4769051,24.82658891,28.74570445
2022-04-30 00:00:00-10:00,93.04753237,88.52918282,93.62982611,98.83455266,95.98924747,90.74855942,86.19951503,83.9952416,82.00403548,80.85303397,75.42944203,70.34921356,71.02742784,77.0653447,86.3849364,95.85055384,99.7706147,94.76988915,79.87017831,78.29595448,67.2502629,62.00799074,58.10431506,54.03715626,52.51281416,50.19491937,50.38910711,49.80802974,49.36833427,49.98833387,55.33666445,61.68912123,67.17691652,71.30633632,81.04043002,108.9572858,76.53849792,66.0443379,64.98403156,65.05546723,64.67048307,67.3275975,68.79898824,68.4786783,68.13123937,76.18603149,81.01409534,85.86838744,88.07395101,88.59853557,87.03992843,85.29643958,83.24184373,81.09872633,73.22937437,69.70918207,65.81411718,64.45370445,62.46164159,59.41406697,54.49025545,50.29146645,49.62182473,48.82656977,45.1526733,45.46850234,43.28909861,42.49591531,42.15878011,39.51564126,38.61500907,39.96980491,41.57839769,38.56387864,34.89750375,36.03568234,35.27883581,35.03137967,35.69431844,35.32510397,34.98431438,36.43930938,39.43171554,43.28682611,46.91279424,53.53294605,56.70109032,53.83880341,50.57448893,45.97920676,42.10318347,41.32325559,40.69171327,40.85084191,39.53206609,36.19133006,39.39003162,32.56584481,26.97533286,22.27925073,20.48823439,19.64191735,25.98548716,28.17636228,25.28887308,22.79961363,25.07700612,24.3742427,29.63762595,35.78982923,78.48587429,58.98912789,49.76533491,47.54259602,50.82086312,50.10197328,47.04658939,44.42899098,45.33516481,47.91661604,45.47822601,34.149836,27.97498511,23.48125685,21.66111659,23.13119738,25.22867613,26.07091031,24.9555481,23.59979349,23.02204369,23.95536121,27.8152832,29.66084526,32.74088696,35.2284317,33.41325326,37.34614599,32.3960587,20.67286833,18.28133439,24.77947698,30.4489796,27.54090293,26.83882562,26.85110024,26.47188969,28.42622556,37.46123173,41.20133151,41.4727919,42.56023291,42.81581441,38.59934505,32.40068914,27.68466439,26.33674334,26.07163562,25.71355004,25.54313518,26.47985431,27.89634973,31.26261416,38.41566417,39.2905844,36.14756409,34.17524883,32.51364221,30.00280604,30.30192198,28.87497271,26.90285484,26.16731849,25.85725393,28.85311762,29.38682725,27.47068343,24.2791233,17.08216314,25.05187261,28.92240802,42.29796036,38.51767709,24.21342443,23.80250069,22.84776966,22.89783893,22.46585107,24.50927142,25.11604115,25.69348733,24.59768942,20.44202362,21.7939977,24.75011858,25.67685443,25.97441448,23.89275691,24.26446454,24.06780873,23.62018948,20.95557921,18.82361569,18.46277131,19.05768282,18.01018854,16.42428537,16.07442496,16.31013766,15.5668161,14.35746278,12.96988095,12.51984143,11.56751651,10.74407099,10.49144614,9.477130771,8.151081709,8.597624661,10.3514732,12.58748132,16.63805512,19.62308186,21.00868405,21.4905919,23.08589589,21.69234945,19.35074586,18.0173256,17.72707297,19.35428767,22.47620322,28.8638704,31.21534726,21.55143081,19.03902445,17.17141977,14.83409309,14.62343762,14.68401991,17.81075373,18.14332408,17.77216283,22.49762288,24.86508302,28.76263986
2022-05-31 00:00:00-10:00,92.93725238,88.20719127,93.25456975,98.4989144,95.66967786,90.42983189,85.8753362,83.70426024,81.72033915,80.60528643,75.17820305,70.17385349,70.95223003,77.03477888,86.40594918,95.89613149,99.8327135,94.79964313,79.84145214,78.19880141,67.1486687,61.92945162,57.99762431,53.85917797,52.29450963,50.02207418,50.24370309,49.71788085,49.28177376,49.90143499,55.24962976,61.69228125,67.20370674,71.29955868,81.04110995,108.8608853,76.43489141,65.9507991,64.91750685,64.93604344,64.55957525,67.33485432,68.80533819,68.5176191,68.14410272,76.21815229,81.07544884,85.95241814,88.10972862,88.56990464,87.06838347,85.36468216,83.28778247,81.01956192,73.18245033,69.72260503,66.01653505,64.65021892,62.62619136,59.67670892,54.71033503,50.50140056,49.86166969,49.03046428,45.36353082,45.67665457,43.47602406,42.65070371,42.29270982,39.71943343,38.83156771,40.20111414,41.83174969,38.83301655,35.18340253,36.26029954,35.48674069,35.2187627,35.89420371,35.48749295,35.05140639,36.38540323,39.34124723,43.07768543,46.77321624,53.38465425,56.49371422,53.63792557,50.39050919,45.91147978,42.03376492,41.30775397,40.7162585,40.89157429,39.61557102,36.34130026,39.57370573,32.7761512,27.17363304,22.45632742,20.63879239,19.77293446,26.11255661,28.31389727,25.41385371,22.93588381,25.17869085,24.49623215,29.78799622,35.91614087,78.6440764,59.13761651,49.9101227,47.69209229,50.97737388,50.23487021,47.16562508,44.50349625,45.40005062,48.02286791,45.62295009,34.29020309,28.11379386,23.61404111,21.75006381,23.17884164,25.25262198,26.09421389,24.98423764,23.66580966,23.15233871,24.08838239,27.89480534,29.73616313,32.79602278,35.26017623,33.39021529,37.25953745,32.35043598,20.64582908,18.27548317,24.72955644,30.38859332,27.49004717,26.8344199,26.88491489,26.48604341,28.43545465,37.44187735,41.1858514,41.44551246,42.53900334,42.78277836,38.64990414,32.43519153,27.70081975,26.33730886,26.0659213,25.70156269,25.53989681,26.48119662,27.91487646,31.29278423,38.4453713,39.32898151,36.1683447,34.18771712,32.51342979,30.02424216,30.30834519,28.86279684,26.87468747,26.14501553,25.87816662,28.88313251,29.43623583,27.52518178,24.31968469,17.12182534,25.08571737,28.93048064,42.28019528,38.51530834,24.25385139,23.82574837,22.90015838,22.87723847,22.469979,24.51801563,25.13814538,25.68537651,24.5771416,20.43745642,21.76350261,24.72968321,25.64325804,25.97793042,23.90755438,24.29896141,24.08352698,23.65834808,21.00214217,18.86952164,18.50480918,19.10307414,18.07999374,16.49692945,16.13618615,16.36124691,15.62677894,14.44096234,13.04043475,12.57412428,11.64234537,10.81601654,10.51775961,9.480685743,8.134423575,8.608815923,10.34834577,12.60001729,16.65186541,19.61188144,21.00282931,21.47798786,23.06612764,21.69820111,19.35321458,17.95790286,17.66559868,19.32080301,22.43678098,28.84743358,31.25155874,21.58758888,19.11251081,17.19534455,14.84294675,14.62543386,14.62661558,17.74551622,18.15361286,17.79756427,22.50377107,24.89437864,28.77150366
2022-06-30 00:00:00-10:00,92.81294743,87.89006764,92.88663312,98.16971236,95.36150106,90.12169588,85.55737974,83.4108238,81.43207241,80.35113037,74.91976993,70.00176444,70.87863551,77.00123341,86.42792865,95.94827476,99.90209801,94.82770972,79.80303526,78.0942688,67.0423775,61.84705811,57.89294476,53.6863188,52.08666316,49.86157753,50.09933858,49.6324225,49.20120339,49.82250802,55.15968266,61.69429197,67.22365225,71.29151165,81.01631866,108.7390842,76.30459077,65.84173842,64.83178866,64.78976517,64.42175613,67.31679255,68.78788934,68.53709403,68.1447425,76.22540224,81.11135405,86.0117816,88.12582916,88.53929734,87.10407475,85.43415293,83.33762797,80.93463387,73.13157614,69.74248201,66.23671031,64.86695439,62.81932895,59.96297682,54.95241233,50.73557309,50.1327548,49.26569254,45.60697567,45.91489523,43.68965866,42.83322755,42.44942784,39.94674684,39.06728388,40.44404159,42.09024751,39.08025803,35.4407893,36.45565827,35.66347477,35.37804665,36.06800512,35.62897886,35.10100974,36.31417417,39.23465849,42.84550025,46.60736657,53.21118904,56.25420415,53.41820042,50.17673622,45.82336249,41.94951685,41.27330582,40.72658876,40.92365328,39.68694818,36.48659138,39.76245034,32.99691396,27.38437,22.64606089,20.79761344,19.91342702,26.24672888,28.46134989,25.55332771,23.09083506,25.29833997,24.63350675,29.95048412,36.05039925,78.8044486,59.28766743,50.05940165,47.84082879,51.13408599,50.36859707,47.2872978,44.58268391,45.47009032,48.12951182,45.76306237,34.42097285,28.23497815,23.73321043,21.83558936,23.22098707,25.27357383,26.11028626,25.01211509,23.73096717,23.28801793,24.22746379,27.97939829,29.81556841,32.85682736,35.29784078,33.37818246,37.17737271,32.30569077,20.61496321,18.27024178,24.66880482,30.31754969,27.42638369,26.82460604,26.9119237,26.48946706,28.43374217,37.40783681,41.15176387,41.40028966,42.49351054,42.73084702,38.69065757,32.46416474,27.71743201,26.3339835,26.05535129,25.68302929,25.52856893,26.47565516,27.93099742,31.32508288,38.47425079,39.36163573,36.18582109,34.1953609,32.51431683,30.04669032,30.31997416,28.85284563,26.84774032,26.12395355,25.89539144,28.91117383,29.48367154,27.57487164,24.34978667,17.15378489,25.10926088,28.93379327,42.25840993,38.51134167,24.29242973,23.84804512,22.9489758,22.85371755,22.47324131,24.52623766,25.1633283,25.67288394,24.54403077,20.42331073,21.71915399,24.68154931,25.58003718,25.95198217,23.90851548,24.32019371,24.08576782,23.68239994,21.0373836,18.90615056,18.5401248,19.13907505,18.14034354,16.55061935,16.17785198,16.39129752,15.66793372,14.51054614,13.09819172,12.61053923,11.7023497,10.87478221,10.52390478,9.462593976,8.109630135,8.610834315,10.33378975,12.59802269,16.65072221,19.58836709,20.98766842,21.45753965,23.03518969,21.69483396,19.34120442,17.87877663,17.58677067,19.2736727,22.38956876,28.82785249,31.28138836,21.61164657,19.18140584,17.21405477,14.84750134,14.61852603,14.56430983,17.67183121,18.14152729,17.80285031,22.49274727,24.91171968,28.77216993
2022-07-31 00:00:00-10:00,92.66913373,87.57164752,92.52062059,97.84125222,95.05734791,89.81927543,85.24296013,83.11353031,81.13912142,80.09254445,74.65790975,69.83482126,70.80502555,76.96217809,86.44737244,96.00349824,99.9754256,94.85079557,79.75344061,77.98520921,66.9360193,61.76271777,57.79143882,53.52182863,51.89374966,49.71690208,49.95877304,49.55210712,49.12695522,49.75335435,55.06309462,61.68994693,67.22923723,71.27712781,80.96153719,108.5929214,76.14837331,65.71814791,64.72655532,64.61820422,64.2589159,67.27111498,68.74513413,68.53343219,68.1293453,76.20829944,81.12261743,86.04685336,88.12210496,88.49957834,87.14326457,85.50469015,83.39010299,80.84659589,73.08155589,69.77408963,66.47235435,65.10206927,63.04073194,60.27152648,55.21546477,50.9929406,50.43524395,49.53148408,45.88026792,46.18046251,43.92747389,43.04488247,42.63336808,40.20417344,39.3301751,40.70568953,42.35873624,39.31268874,35.67354667,36.62367736,35.80772109,35.50487365,36.20666139,35.74495822,35.12782144,36.22117445,39.10816668,42.57719966,46.39864832,52.99808737,55.97115624,53.17969461,49.93168567,45.71174321,41.84704659,41.21143451,40.71440965,40.94018391,39.74023472,36.62114228,39.95113132,33.22485215,27.60684537,22.84858447,20.96481105,20.063234,26.39240507,28.62416078,25.71553519,23.26955629,25.44208589,24.79107139,30.12513387,36.18970162,78.96493459,59.43743227,50.2098952,47.98468407,51.2849775,50.49651872,47.40521946,44.66133206,45.5400837,48.23137096,45.8947378,34.54047159,28.3371368,23.83798419,21.91618535,23.2566128,25.29011287,26.11804996,25.03847677,23.79360335,23.42682031,24.36965881,28.06762992,29.89814943,32.92210737,35.33986936,33.37700557,37.1028727,32.26397587,20.58108039,18.26635969,24.60034136,30.23824697,27.35265617,26.81166799,26.93398159,26.48432973,28.42402966,37.36372303,41.10030045,41.34281564,42.42890459,42.66218073,38.72271697,32.48874262,27.73493579,26.32590015,26.0399767,25.6579664,25.51007779,26.46459603,27.94606687,31.36080018,38.50354814,39.39141541,36.20096032,34.19831561,32.51694876,30.07280015,30.3396276,28.84761407,26.82545875,26.1069207,25.91073877,28.93805251,29.53039827,27.62018481,24.37049738,17.17894761,25.12409014,28.93321393,42.23406718,38.50800391,24.3304432,23.87111579,22.99494219,22.82938203,22.4778492,24.53556082,25.19062454,25.65325647,24.49320726,20.3972033,21.66000578,24.60468223,25.48513106,25.89223561,23.89238318,24.32421199,24.07073781,23.68893809,21.05846804,18.93130069,18.56617533,19.16434863,18.18933022,16.58500959,16.19951262,16.4017528,15.69021096,14.56554144,13.14281177,12.62893167,11.74672768,10.92047344,10.51038769,9.423885794,8.078453059,8.605031174,10.31060707,12.58407247,16.63646377,19.55310014,20.96160647,21.42858909,22.9917801,21.68085681,19.31383971,17.78003253,17.49031119,19.21315068,22.33484645,28.80486956,31.30395111,21.62441355,19.24338838,17.22622829,14.84740399,14.60376227,14.4963851,17.59220108,18.10648828,17.78763282,22.4641314,24.91559079,28.765117
2022-08-31 00:00:00-10:00,92.49958503,87.24524374,92.15024749,97.50698415,94.74909069,89.5173523,84.92986557,82.8124217,80.84220096,79.83139183,74.39613664,69.67152103,70.73054429,76.91565072,86.46075959,96.0588089,100.0501951,94.8676361,79.6936288,77.87642618,66.83587697,61.68003867,57.69476693,53.36818739,51.71901229,49.59061412,49.82393816,49.47593362,49.05635863,49.692117,54.95164824,61.66843431,67.21039481,71.2485495,80.87282984,108.4232468,75.9668425,65.58066277,64.60168464,64.42420951,64.07464186,67.19746943,68.67768616,68.50506543,68.09711467,76.16827128,81.1105551,86.05921027,88.09962376,88.45172332,87.18744591,85.57587179,83.44585083,80.76051152,73.0392318,69.82237884,66.71973914,65.35282685,63.28944908,60.59975111,55.49851734,51.27270268,50.7681784,49.82714338,46.18170814,46.47217983,44.18931276,43.28903175,42.85087568,40.49991377,39.62915899,40.99299595,42.64164341,39.54162912,35.89154081,36.77311116,35.92667821,35.60431545,36.31099627,35.83421161,35.12827375,36.1026726,38.95803626,42.26759626,46.14060544,52.73987042,55.64477944,52.92540177,49.6570908,45.57563585,41.72437733,41.12039141,40.67841764,40.94185398,39.77741015,36.7449336,40.13838729,33.45996104,27.84330978,23.06495266,21.14109049,20.22256331,26.55362406,28.80748104,25.9077777,23.47552932,25.61477005,24.9730436,30.31182331,36.33183992,79.12429392,59.58595638,50.35872229,48.12075981,51.42553264,50.61277006,47.51368156,44.73476775,45.60539488,48.32389131,46.01500463,34.64945815,28.42206615,23.92985567,21.9908626,23.28404232,25.30023151,26.11696904,25.06287252,23.85316917,23.56698219,24.51229832,28.15881348,29.98462888,32.99229637,35.38396801,33.38440073,37.03618366,32.22586744,20.54496527,18.26459829,24.52843329,30.15489388,27.27293272,26.79804381,26.9532413,26.47310028,28.4103992,37.31520149,41.03474918,41.27884081,42.35094457,42.57955716,38.74731305,32.50963392,27.75280498,26.31307744,26.02101028,25.62754374,25.48668944,26.45009944,27.96138029,31.40041198,38.53378094,39.4198138,36.21431822,34.19764915,32.52256107,30.10512924,30.36954531,28.84922856,26.81065901,26.0959034,25.92667414,28.96538708,29.57829649,27.66152161,24.38405955,17.19933142,25.13277326,28.93111762,42.21082062,38.50827583,24.370189,23.89751246,23.0393434,22.8066833,22.48611914,24.54741649,25.21947744,25.62560688,24.42263094,20.35923446,21.58785428,24.50227376,25.36101756,25.7987994,23.85944056,24.31035143,24.03778091,23.67782203,21.06488439,18.94420075,18.58171258,19.17843957,18.22606614,16.60128119,16.20259226,16.39559068,15.69524187,14.60733246,13.17523503,12.63109388,11.77684531,10.9555345,10.48100947,9.368811746,8.044336555,8.594930602,10.28337723,12.56283419,16.61350412,19.50978588,20.92626119,21.39329168,22.93794486,21.657754,19.27406776,17.66628665,17.38039338,19.14249135,22.27535549,28.78076493,31.31994134,21.62952925,19.2998897,17.2322778,14.84447648,14.58319227,14.42342609,17.50988011,18.04940936,17.75265718,22.41750468,24.90361709,28.74982201
2022-09-30 00:00:00-10:00,92.30033346,86.90553015,91.77046323,97.16103425,94.4295984,89.21141578,84.61621637,82.50829223,80.54289608,79.56954395,74.13713445,69.50755946,70.65442758,76.86049541,86.46532475,96.11158429,100.1236221,94.87726043,79.62523394,77.77239673,66.74722787,61.60240204,57.60418399,53.22769726,51.56545995,49.48470353,49.69659602,49.40214249,48.98539862,49.63504439,54.8173757,61.61742929,67.15715987,71.19795508,80.74904483,108.2320043,75.76219421,65.42958176,64.45714527,64.21194999,63.8742895,67.09863314,68.58921043,68.45370727,68.0507504,76.10952738,81.07922588,86.0534751,88.06236536,88.40463566,87.2432701,85.64749489,83.50733958,80.68309117,73.01150585,69.89127417,66.97443122,65.61586576,63.56363631,60.94370263,55.79905648,51.57285849,51.12884333,50.15071218,46.50915463,46.7881757,44.47482158,43.56852374,43.10800488,40.84118995,39.97157238,41.31115613,42.94228514,39.77626449,36.10461858,36.91352402,36.03016135,35.68553091,36.38739905,35.89845472,35.10229468,35.95940931,38.78490386,41.92355109,45.84074885,52.44343282,55.28736502,52.66194098,49.35887316,45.41687091,41.58214449,41.00603322,40.62497785,40.93734878,39.80726619,36.86253849,40.32680326,33.70558692,28.09775048,23.29666123,21.32736081,20.39118891,26.7335078,29.01574934,26.13562092,23.70880617,25.81754389,25.18066207,30.50963978,36.47485687,79.28180099,59.73254966,50.50320398,48.24715535,51.552087,50.71296969,47.60812062,44.79886637,45.66158937,48.40270286,46.12159487,34.74967201,28.49305699,24.01153696,22.05907068,23.30243305,25.30325842,26.10862261,25.0864405,23.91049963,23.70764987,24.65364774,28.25366342,30.07778838,33.06987703,35.42945336,33.39924765,36.97891127,32.19390283,20.50928902,18.26656475,24.45906071,30.07373776,27.19296472,26.78748164,26.97248468,26.45915147,28.39787315,37.26752944,40.96074469,41.21440499,42.26531957,42.48719677,38.76644336,32.52776861,27.77018056,26.29664992,26.00052142,25.59423817,25.46127285,26.43423005,27.97772435,31.44331818,38.56478893,39.44748109,36.22710589,34.19603771,32.53386822,30.1464151,30.41148039,28.8593449,26.80574674,26.09239385,25.94642816,28.99593431,29.63009924,27.70044251,24.3941202,17.21806226,25.13858951,28.93063595,42.19351078,38.51529553,24.41411478,23.93015771,23.08409457,22.78813755,22.50054819,24.56352235,25.25033228,25.59154164,24.3338704,20.31210568,21.50660293,24.38041579,25.21417488,25.67663751,23.8133838,24.28079525,23.98923944,23.65145646,21.05781293,18.94529964,18.5867399,19.18059283,18.24957551,16.60131235,16.18970193,16.37611878,15.68638497,14.63863995,13.19723631,12.61975574,11.79497163,10.98275769,10.4409327,9.302855933,8.010726846,8.584179123,10.25651209,12.53972223,16.58779657,19.4645189,20.88625037,21.35643937,22.87728707,21.62891142,19.22750588,17.5461812,17.26548148,19.0678431,22.21629301,28.75943408,31.33237299,21.63321652,19.35606827,17.23475545,14.84216671,14.56031859,14.34788249,17.4287827,17.97264631,17.70019155,22.35355857,24.87396768,28.7258867
2022-10-31 00:00:00-10:00,92.07375717,86.55287992,91.38185524,96.80326297,94.09790937,88.90154584,84.30346806,82.20411911,80.24409349,79.30900002,73.88254724,69.33879169,70.57617445,76.79594673,86.46026554,96.16064763,100.1932997,94.87918233,79.55012441,77.67615885,66.67279302,61.5316096,57.51995284,53.10199533,51.43494603,49.40037291,49.57899326,49.33041908,48.9124029,49.57994546,54.65646547,61.52803455,67.06371271,71.12086748,80.59350226,108.0245124,75.53997117,65.26696887,64.29550868,63.98913034,63.66632796,66.98200141,68.48817644,68.38621064,67.9977093,76.04098222,81.0363874,86.03824436,88.01893073,88.37171501,87.3191513,85.72030706,83.57865978,80.62244358,73.00441127,69.98304679,67.23105844,65.88646959,63.85865001,61.29644945,56.11047214,51.88712482,51.50926187,50.49557632,46.85583078,47.12194938,44.77821088,43.87931543,43.40369014,41.22767571,40.35816864,41.65981856,43.25945512,40.02045909,36.31886681,37.05204788,36.12693873,35.75783777,36.44467113,35.94094659,35.05464691,35.7985749,38.59663411,41.56363296,45.5194441,52.12546967,54.91840547,52.39972589,49.04750477,45.24097458,41.42512127,40.87916494,40.56580664,40.94076623,39.84311275,36.98240032,40.52090109,33.96637795,28.37407065,23.54466263,21.52399216,20.56803077,26.9330607,29.25072666,26.4006184,23.96583911,26.04747007,25.41190468,30.71637477,36.61802709,79.43727481,59.87654022,50.64131367,48.36319781,51.6617379,50.79408426,47.6849259,44.85004561,45.70525763,48.46436652,46.213692,34.84390361,28.55479793,24.08614294,22.12111078,23.31253614,25.3006661,26.09694526,25.11187243,23.96768546,23.8486751,24.79257439,28.3538081,30.18128247,33.15842165,35.47928013,33.4242745,36.93682219,32.1735362,20.47940809,18.27571662,24.39931326,30.0021527,27.11924598,26.78443022,26.99496155,26.44637935,28.39107121,37.22434209,40.88453742,41.15518133,42.17712989,42.39059854,38.78282623,32.54441778,27.78670135,26.2788868,25.98101995,25.56120948,25.43675455,26.41900719,27.99564703,31.4883517,38.59643202,39.47474745,36.24160356,34.19789304,32.55519648,30.19919285,30.46638401,28.87875347,26.81242763,26.09781452,25.97452143,29.0342706,29.68969487,27.74008207,24.40520142,17.23841853,25.14458579,28.93454779,42.18670513,38.53153426,24.4640209,23.97114665,23.13097001,22.77566907,22.52319165,24.58541395,25.28423601,25.55439632,24.23065941,20.25971706,21.42059607,24.24599917,25.05313109,25.53372457,23.76020013,24.24030826,23.93002675,23.61398107,21.04007764,18.93613581,18.58222761,19.16956488,18.25857253,16.58778016,16.16445159,16.3473765,15.6674738,14.66264765,13.21175477,12.59856696,11.8040069,11.00497215,10.39551112,9.231174858,7.980518931,8.57601966,10.23360746,12.51908751,16.56540235,19.42397938,20.84714409,21.32394855,22.81191305,21.59709726,19.17881788,17.42848698,17.15451668,18.99660584,22.16363212,28.74482637,31.34511257,21.64093211,19.4180393,17.2367478,14.84400394,14.53973218,14.2736346,17.35390566,17.88074371,17.63400778,22.2749093,24.82685643,28.69436458
2022-11-30 00:00:00-10:00,91.83030735,86.1955495,90.99286666,96.44116956,93.76080663,88.59465041,83.99807218,81.9060849,79.95109422,79.05369236,73.63465368,69.16491325,70.49536,76.72229699,86.44578015,96.20616003,100.2583803,94.87402979,79.47110693,77.59062125,66.61365882,61.4687984,57.44236101,52.99211254,51.32772832,49.33829475,49.47419652,49.2621215,48.83787192,49.52577153,54.46900207,61.39611042,66.92873364,71.01652443,80.41332589,107.8090692,75.30900433,65.09757372,64.12328221,63.76738502,63.46282933,66.85986369,68.38702583,68.31440404,67.94959751,75.97555432,80.99250731,86.02403654,87.98149698,88.36311125,87.41846181,85.79547927,83.6640372,80.58654804,73.02263027,70.09788145,67.48376551,66.15781674,64.16611768,61.64739582,56.42093272,52.20371037,51.89500659,50.84894018,47.20920628,47.46111504,45.08735399,44.20889607,43.72753729,41.64944153,40.78139118,42.03136483,43.58601497,40.27380535,36.53658506,37.19299135,36.22271751,35.82912662,36.49188839,35.96643364,34.99496609,35.63367749,38.40789177,41.21241996,45.20233825,51.80686145,54.55853144,52.15154272,48.73642583,45.0566031,41.26179596,40.75217761,40.51445582,40.96711723,39.89952349,37.11552239,40.72682004,34.24776988,28.67550486,23.80906929,21.73044782,20.75070081,27.15018874,29.51024905,26.69851062,24.23977481,26.29760381,25.66141332,30.92866654,36.76132957,79.58991884,60.01683972,50.77131009,48.46880338,51.75234188,50.85463483,47.74201616,44.88607748,45.73460755,48.50770993,46.29261426,34.93577282,28.61248293,24.15677445,22.17827394,23.3167534,25.29551521,26.0869939,25.14255108,24.02765628,23.99046216,24.92887294,28.46107901,30.2988564,33.2616866,35.53871155,33.46486976,36.91781928,32.17159911,20.46223498,18.29648875,24.35657836,29.94758694,27.05820515,26.79338192,27.02391119,26.43857459,28.39344845,37.18697361,40.81054663,41.10408496,42.08941003,42.29389817,38.79795152,32.56029069,27.80223293,26.26219541,25.96456709,25.53107111,25.41542556,26.40579247,28.01506089,31.53374013,38.6279374,39.50114069,36.26081268,34.20906832,32.59184382,30.26549615,30.53413131,28.90749661,26.83175781,26.11349776,26.01649508,29.08668033,29.76243363,27.78486564,24.42232908,17.2636269,25.15323983,28.94466878,42.19386425,38.5583806,24.52099551,24.0213239,23.1815355,22.77081724,22.55536766,24.61485335,25.32233473,25.51828016,24.11757175,20.2063059,21.33357876,24.10497457,24.88549411,25.37906653,23.70704414,24.19503393,23.86598601,23.56996828,21.01510266,18.9189139,18.56980497,19.14461546,18.25218852,16.56379596,16.13087838,16.31344332,15.64225219,14.68290525,13.22244344,12.57092574,11.80662708,11.02417787,10.34888269,9.157289135,7.955127554,8.572419188,10.21685581,12.50373801,16.55127442,19.39418036,20.81489781,21.30213186,22.74382196,21.56428326,19.13164342,17.32109794,17.0557391,18.9360758,22.1238612,28.74112314,31.36197247,21.65658369,19.49108282,17.24162333,14.85388439,14.52662342,14.20580463,17.29061733,17.77945056,17.55886065,22.1854343,24.76457709,28.65828263
2022-12-31 00:00:00-10:00,91.58536869,85.84718209,90.61728467,96.0885505,93.43173654,88.30306712,83.71118576,81.62414273,79.67294532,78.81117689,73.39860173,68.9929969,70.41410455,76.64376016,86.42350986,96.24998693,100.3224514,94.86481112,79.39249756,77.52036306,66.57141327,61.41635533,57.37375835,52.90001786,51.2433866,49.29788007,49.38437304,49.19871387,48.7627523,49.47110443,54.25735149,61.22048188,66.75318987,70.88563978,80.21668141,107.595213,75.0801434,64.92780772,63.9497964,63.55891992,63.27544631,66.74370069,68.29645755,68.25028263,67.91731175,75.92389684,80.95661864,86.01881008,87.95970465,88.38651971,87.53947942,85.87056596,83.76307706,80.57775983,73.06519259,70.23129101,67.72631484,66.42050322,64.47556374,61.9844249,56.7139831,52.50580466,52.26640208,51.19306387,47.55283266,47.78961204,45.3873297,44.54086987,44.0642945,42.09196792,41.22904716,42.41389154,43.91215796,40.53057033,36.75541898,37.33585559,36.31866776,35.90340339,36.53595993,35.98033537,34.93476255,35.48089551,38.23563816,40.89447691,44.91446563,51.50791628,54.22583732,51.92586912,48.43588393,44.87273643,41.10143305,40.63661906,40.48362775,41.02859287,39.98894019,37.27296901,40.95139293,34.55477178,29.00360501,24.08868452,21.94454782,20.9356122,27.37860879,29.78727165,27.01861644,24.52234182,26.55954299,25.9223221,31.14245421,36.9043181,79.73766939,60.15084844,50.89047987,48.5625123,51.82219965,50.89425594,47.77953648,44.90710223,45.75096222,48.53484454,46.36139616,35.02787087,28.66911903,24.22485901,22.23109549,23.31741561,25.29149372,26.08341773,25.181535,24.09315467,24.13375772,25.06330237,28.57661174,30.43270137,33.38140041,35.61356866,33.5264993,36.92838318,32.19320892,20.46403209,18.33226382,24.33650897,29.91573852,27.01512607,26.81798151,27.0617134,26.43847976,28.40645188,37.15505738,40.7406329,41.06128,42.00311622,42.19914057,38.81165779,32.57505904,27.81655301,26.24849586,25.95257537,25.50558929,25.39877452,26.39527686,28.03574218,31.57791963,38.65845093,39.52558056,36.2877723,34.23570671,32.64878433,30.34639121,30.61318997,28.9447424,26.86398123,26.14033379,26.07754133,29.15986312,29.85373672,27.83926756,24.44986223,17.2962434,25.166274,28.96156424,42.21635948,38.59568458,24.58532937,24.08014195,23.23677901,22.77387274,22.59694803,24.65289041,25.36514241,25.48685512,23.99918319,20.15581151,21.24841306,23.96157887,24.71654993,25.22063013,23.66022367,24.15081048,23.80222384,23.52335879,20.98595943,18.89598194,18.55115358,19.10639032,18.23055557,16.5319552,16.09204445,16.27704307,15.61297313,14.70180681,13.23203249,12.53862756,11.80406614,11.040536,10.30226738,9.081584973,7.933320367,8.573375516,10.20622385,12.4943751,16.54825936,19.37944375,20.79465128,21.29628183,22.676524,21.53292104,19.08933718,17.23005841,16.97530477,18.89125612,22.10158176,28.75119967,31.38461438,21.68164337,19.57807852,17.25116211,14.87457648,14.52426051,14.1469822,17.24040487,17.6722597,17.47786354,22.08826679,24.68993953,28.62022691
2023-01-31 00:00:00-10:00,91.35715719,85.52551922,90.27146163,95.76299315,93.12847152,88.04283221,83.45816119,81.37255413,79.42315959,78.59454458,73.18563278,68.83802833,70.33911951,76.56860692,86.39845724,96.29761751,100.3948439,94.85814058,79.32123511,77.47217189,66.54788076,61.37662005,57.31623444,52.82700462,51.1809566,49.27651345,49.30913147,49.14100043,48.68751131,49.41364504,54.02521081,61.00231479,66.54037575,70.73155453,80.01248684,107.3917508,74.86360183,64.76388752,63.78388147,63.3713585,63.10982772,66.63962306,68.22099128,68.20105635,67.90609267,75.89203487,80.93565394,86.02827906,87.95751807,88.4391204,87.67325295,85.9404406,83.86895492,80.59003803,73.12266828,70.37216785,67.9518557,66.66465984,64.77552152,62.29538883,56.96910207,52.77151272,52.59901535,51.50503088,47.86552414,48.08790672,45.66003972,44.85776367,44.3981704,42.53943171,41.68674165,42.79472802,44.22728596,40.77733844,36.96652679,37.47330456,36.41053559,35.97968675,36.58064595,35.98582349,34.88391858,35.35561014,38.09644499,40.62932795,44.67330524,51.24028495,53.92992515,51.72544416,48.15034156,44.69509849,40.94995591,40.53915174,40.48076553,41.13031433,40.117791,37.4617632,41.19845161,34.88865245,29.35536085,24.37846322,22.16149308,21.11815245,27.60895327,30.07081837,27.34719244,24.80522616,26.82469225,26.18702731,31.35317482,37.04575453,79.87830082,60.27570291,50.99613212,48.64246287,51.87027949,50.91293025,47.79822237,44.91385671,45.75622592,48.54930241,46.42389848,35.12213772,28.72636019,24.29113541,22.28030377,23.31577434,25.29123545,26.08920394,25.23082689,24.16609343,24.27861252,25.19702539,28.7010036,30.58310034,33.51767094,35.7088043,33.61372716,36.97236735,32.24055086,20.48847553,18.38366347,24.34145551,29.90961699,26.992702,26.85968971,27.10943669,26.44765034,28.4301208,37.12804953,40.67516953,41.02588426,41.91843014,42.10717202,38.82289275,32.58838008,27.82959031,26.23894129,25.94563366,25.48554391,25.3869391,26.38701835,28.05688232,31.6196365,38.68713623,39.54705632,36.32425212,34.28167977,32.72834191,30.44155559,30.70125186,28.98938963,26.90854013,26.17808878,26.15994041,29.25718639,29.9653868,27.9051889,24.48920468,17.33688432,25.18435675,28.98516096,42.25357977,38.64291312,24.65720027,24.1474841,23.29703801,22.78448538,22.64720615,24.70011811,25.41261157,25.46231062,23.87995077,20.1114166,21.16745738,23.81878796,24.54932813,25.06403179,23.62382223,24.11158708,23.74173629,23.47627277,20.95443141,18.86894822,18.52708874,19.0558005,18.19420422,16.49376693,16.04923427,16.23884347,15.57969309,14.71944546,13.24100866,12.50182409,11.79592197,11.05237485,10.2541542,9.001544415,7.911488756,8.576922754,10.2001272,12.49066522,16.55770761,19.38184096,20.78996455,21.30982764,22.61408133,21.50522816,19.05401876,17.15829962,16.91635725,18.86400473,22.09811402,28.77551428,31.41342138,21.7161488,19.68002712,17.26594251,14.90700933,14.53376339,14.09690824,17.20064086,17.56044314,17.39228788,21.98533699,24.60493544,28.58077125
2023-02-28 00:00:00-10:00,91.16249457,85.2471828,89.96764374,95.48052067,92.86850363,87.83124967,83.25717478,81.17038802,79.21912975,78.42113767,73.01303076,68.71685342,70.27848629,76.50614949,86.37785259,96.35535432,100.4846336,94.86176741,79.26542252,77.45275168,66.54457404,61.35399823,57.27358132,52.77541021,51.13989911,49.2729807,49.24814133,49.09131708,48.61388516,49.35284184,53.77761746,60.74578393,66.2981923,70.56263927,79.81085441,107.203967,74.66343982,64.60904327,63.62942781,63.2048029,62.96551325,66.54945536,68.16099173,68.16777684,67.91505606,75.88151872,80.93501403,86.05521951,87.9735872,88.5075389,87.80626568,85.99621819,83.9699076,80.6089014,73.179739,70.50440715,68.1528157,66.88341897,65.05478485,62.57135561,57.16566229,52.9766984,52.86602606,51.75766789,48.12138038,48.33559406,45.88479572,45.13856326,44.71035342,42.97337968,42.13555633,43.15943841,44.51639264,40.99412675,37.15652854,37.59086972,36.48847838,36.05152396,36.62358476,35.9839653,34.84706267,35.26588596,37.99983409,40.43060015,44.48963157,51.00938035,53.67087371,51.54872334,47.88113181,44.52579376,40.80991239,40.45900483,40.50455558,41.26941765,40.28409332,37.6814268,41.46820776,35.24700647,29.7250562,24.67270753,22.3762576,21.29434681,27.83169625,30.35074084,27.6720663,25.08361966,27.08798687,26.4508364,31.55821186,37.1833975,80.00925099,60.39005146,51.08751494,48.70849532,51.89795962,50.91123278,47.79881667,44.90665497,45.7514175,48.55511803,46.48376124,35.21951948,28.7853126,24.35696873,22.32853883,23.31187659,25.29554817,26.10502084,25.29079038,24.2469959,24.42421451,25.33040438,28.83405376,30.74878681,33.66963329,35.82612231,33.72694285,37.04794071,32.31083021,20.53433438,18.44776997,24.36992293,29.92868168,26.99041148,26.91693242,27.16599215,26.46576506,28.46291864,37.10535158,40.61409947,40.99675818,41.83555651,42.01801139,38.830446,32.59978558,27.8412799,26.23405818,25.94389557,25.47109933,25.37940342,26.37976548,28.0767297,31.65741298,38.71303233,39.5648225,36.37086248,34.34855817,32.83010522,30.54923664,30.79510004,29.03911171,26.96233286,26.2239694,26.26180464,29.3777376,30.09551126,27.98209066,24.53975944,17.38460925,25.20671026,29.01402359,42.30278047,38.69843553,24.73553383,24.22234924,23.36171613,22.80119255,22.70375126,24.75501493,25.46326968,25.44449842,23.7628265,20.0739763,21.09097678,23.67708359,24.38401469,24.91119006,23.5983773,24.07837699,23.68488262,23.42873825,20.92048473,18.83804975,18.49750977,18.99345056,18.1433592,16.44949125,16.00199055,16.19845158,15.54198344,14.73539556,13.24918388,12.46063736,11.78195386,11.05833316,10.20276739,8.915165978,7.886963523,8.582243071,10.1984323,12.49304631,16.5800571,19.40031886,20.80120678,21.34300992,22.55918692,21.48166492,19.02534675,17.10506865,16.87924051,18.85359683,22.11246269,28.81319038,31.44770034,21.75882578,19.79728244,17.28558272,14.94961478,14.55389141,14.05425337,17.16760458,17.44343638,17.30228233,21.87743987,24.51071404,28.53826319
2023-03-31 00:00:00-10:00,91.01458716,85.02263253,89.71613638,95.25396429,92.66589902,87.68232407,83.1238087,81.03473288,79.07666542,78.3064689,72.89711156,68.64447589,70.24043799,76.46646459,86.36842326,96.4272784,100.5967152,94.87924951,79.22776181,77.46488062,66.56500909,61.35584991,57.25242931,52.7495313,51.11894121,49.28792672,49.20198443,49.05293137,48.54482737,49.2891751,53.52011388,60.45960831,66.03835429,70.38866226,79.61998707,107.0365653,74.47736793,64.4602352,63.48336489,63.05291643,62.83789889,66.47080388,68.11159236,68.1479396,67.94183241,75.89242162,80.95976251,86.09985002,88.00375814,88.57917658,87.92886638,86.0291001,84.0530024,80.61898079,73.22099894,70.61144185,68.3196344,67.06693276,65.29883987,62.8010296,57.28596876,53.10216415,53.0477842,51.93137246,48.3020598,48.5196231,46.04592451,45.36340694,44.98003381,43.37326168,42.55319425,43.49058181,44.76129404,41.16001406,37.31357022,37.67025662,36.53866324,36.10774387,36.65819905,35.97322836,34.82367572,35.21324603,37.94817589,40.29896089,44.36135849,50.81455258,53.44385054,51.39200245,47.62865346,44.3640465,40.68202051,40.39321092,40.54888109,41.44020083,40.47995146,37.92485114,41.75721844,35.62542049,30.10716202,24.96701831,22.58552877,21.46199521,28.04212736,30.62334632,27.98844343,25.3566562,27.34821602,26.71260884,31.7579016,37.31636868,80.12909004,60.49264976,51.16424208,48.760069,51.90649128,50.89046194,47.78333578,44.88609725,45.7374901,48.55489752,46.54202095,35.31844722,28.84525323,24.42216669,22.3770271,23.3046121,25.30382942,26.12972624,25.35967301,24.33472296,24.56924334,25.46332968,28.97479415,30.92749343,33.83562344,35.96490231,33.86331314,37.14844262,32.39742755,20.59595969,18.5191256,24.41809018,29.96949988,27.00477258,26.98514007,27.22824044,26.49055155,28.50109416,37.08444792,40.55487825,40.97077476,41.75317245,41.93061916,38.83328946,32.60840169,27.85102845,26.23336114,25.94673316,25.46145625,25.37473176,26.37109608,28.09233762,31.68878761,38.73407574,39.57715819,36.4260404,34.43408478,32.95015901,30.66526525,30.89011632,29.09047862,27.02089353,26.27406081,26.37879502,29.51808876,30.2399614,28.06780469,24.59929528,17.43681102,25.23103622,29.04558351,42.35987381,38.75988344,24.81760911,24.30207295,23.42929632,22.82230767,22.76347569,24.81445835,25.51493389,25.43138894,23.64874548,20.04175648,21.01709455,23.53479133,24.21887671,24.760979,23.58138169,24.04968666,23.62944023,23.37909492,20.88261213,18.80258124,18.46175042,18.91996019,18.07812205,16.39871522,15.94890317,16.15449237,15.49948334,14.74898414,13.25566571,12.41499266,11.76175062,11.05667992,10.14592167,8.820274285,7.857041057,8.58779266,10.19989896,12.50018658,16.61325592,19.43075208,20.82505695,21.3921488,22.51178615,21.46067903,19.00101856,17.06697475,16.86110132,18.85671691,22.14082272,28.86194412,31.48586265,21.80718022,19.9294538,17.30974583,14.99941688,14.58161938,14.01648057,17.13573888,17.31894017,17.20642484,21.76397472,24.40794814,28.48952542
2023-04-30 00:00:00-10:00,90.91619604,84.85247728,89.52036049,95.08894938,92.52722914,87.60308033,83.06731918,80.97622048,79.00661576,78.26029032,72.84986563,68.62950015,70.23240232,76.45745265,86.37520525,96.51528291,100.7337991,94.91237015,79.20628069,77.50648119,66.61133527,61.38820873,57.25943998,52.75417054,51.11744528,49.32223084,49.17093085,49.02772697,48.48177307,49.22305332,53.2560216,60.15209562,65.77346116,70.21636906,79.44077609,106.8886665,74.29967741,64.30925961,63.33770578,62.90696371,62.71923354,66.39546215,68.06382458,68.14050884,67.98475962,75.92253257,81.01078836,86.1619658,88.04819161,88.64878718,88.03882279,86.02992451,84.10456885,80.60706468,73.22906255,70.67431887,68.43665506,67.20233876,65.4952086,62.9751014,57.32330507,53.14095266,53.13833948,52.0211853,48.40323634,48.63886252,46.13946209,45.52276913,45.19310098,43.72636938,42.92422203,43.7771463,44.95047265,41.2585473,37.42622814,37.69592427,36.54820495,36.13669533,36.67647567,35.95133427,34.81053657,35.19438664,37.93750236,40.22944212,44.28129228,50.65118481,53.24221205,51.25389782,47.39436814,44.20672918,40.56616614,40.33738504,40.60504188,41.63360813,40.69497618,38.1826442,42.05759934,36.01741951,30.49734659,25.25896072,22.78784803,21.62096697,28.23932766,30.88874138,28.29641527,25.62758794,27.60796518,26.97460953,31.9557903,37.44596793,80.2388632,60.58405709,51.2271082,48.79806359,51.89748129,50.85260448,47.75363983,44.85325589,45.71611919,48.55047852,46.5995202,35.41736448,28.90463366,24.48578391,22.42579288,23.29268288,25.31548614,26.16245552,25.43531715,24.42775089,24.71266535,25.59613377,29.12213832,31.11736582,34.01405589,36.12379809,34.01887625,37.26544999,32.49335418,20.66569472,18.59099203,24.47972002,30.02600668,27.02958918,27.05736668,27.29152761,26.51787727,28.53929892,37.06115505,40.49383615,40.94384193,41.66864937,41.84325415,38.82991508,32.61248554,27.85767549,26.23514167,25.9521047,25.45433685,25.37025897,26.3575264,28.10006945,31.71112582,38.7488002,39.58235143,36.48699307,34.53407394,33.08343804,30.78552976,30.98275397,29.14087143,27.08079806,26.32460784,26.50553137,29.67330964,30.39277724,28.1585062,24.6640022,17.48961992,25.25369238,29.07620932,42.42028279,38.82399763,24.89961775,24.38261999,23.4968702,22.84476967,22.82222189,24.87345986,25.56416462,25.41894014,23.53703277,20.0113713,20.94260488,23.38910317,24.05051635,24.60999388,23.56757803,24.02141483,23.57108626,23.32443651,20.83817193,18.76112035,18.41920277,18.83641049,17.99928487,16.34103344,15.88835787,16.10554073,15.45214723,14.75851519,13.25855155,12.36436425,11.73502327,11.04586822,10.08208971,8.715469273,7.819075837,8.591293586,10.20226547,12.5098464,16.65417684,19.46777391,20.85542018,21.45050033,22.46909001,21.43855534,18.97669761,17.03797949,16.85552975,18.86688647,22.17606573,28.91762752,31.52513045,21.85779589,20.07513312,17.33760088,15.05191404,14.61242775,13.98023895,17.09810788,17.18444141,17.10289391,21.64384381,24.29729019,28.43033023
2023-05-31 00:00:00-10:00,90.86399949,84.73119411,89.37716085,94.98282176,92.45243228,87.59421976,83.08890814,80.99527073,79.01138191,78.28267503,72.87363508,68.6709947,70.25724203,76.48247179,86.40099954,96.61833859,100.8947625,94.9594042,79.19650635,77.57093953,66.68100151,61.45230927,57.29788736,52.79363229,51.1359739,49.37648495,49.1557204,49.0171363,48.42534742,49.1549546,52.99024858,59.83356886,65.51515147,70.0505053,79.27179852,106.7576905,74.12411071,64.14819666,63.18289773,62.75695136,62.59953486,66.31208571,68.00871626,68.14271761,68.04101397,75.96902689,81.08758508,86.24264457,88.10970732,88.71758883,88.14125682,85.99242823,84.11150224,80.56265944,73.1896637,70.67729689,68.49094775,67.27946934,65.63694752,63.09070533,57.28326203,53.09952391,53.14558598,52.03588886,48.43393081,48.70377287,46.17412399,45.61944115,45.34507876,44.0290894,43.24252634,44.01607339,45.08013665,41.28254943,37.48735005,37.65852036,36.50801977,36.12910238,36.67156852,35.92148292,34.8071185,35.20450311,37.96029534,40.2197012,44.2486713,50.51644269,53.06053542,51.13160951,47.17821826,44.05028944,40.46180485,40.28928479,40.66683394,41.8411156,40.91971105,38.44542949,42.3609159,36.41608244,30.89110184,25.54718648,22.9833728,21.77153134,28.42546111,31.15049109,28.60088412,25.90231232,27.87351358,27.24167664,32.15749854,37.57576408,80.34199461,60.66774214,51.27985491,48.82554943,51.87410783,50.80134003,47.71308205,44.81189891,45.69135142,48.54528667,46.6574811,35.51420671,28.96193556,24.5473608,22.4753414,23.27641604,25.33075264,26.20279711,25.51596011,24.52436784,24.85343128,25.72933133,29.27506921,31.31655551,34.20232711,36.29942023,34.18726822,37.38938641,32.59071853,20.73509137,18.65642684,24.54708519,30.09116662,27.05870501,27.12657634,27.34999245,26.54195431,28.57102898,37.03191763,40.42771517,40.91285927,41.57993352,41.75452858,38.81860754,32.61074157,27.86044407,26.23812469,25.95812907,25.44748123,25.36320752,26.33604409,28.09714902,31.72276078,38.75656907,39.57959599,36.55082985,34.64296833,33.22439877,30.9063111,31.07042246,29.18872291,27.14020028,26.37340929,26.63638546,29.83684646,30.54712758,28.24955355,24.73040983,17.53974997,25.27178634,29.10288028,42.48061873,38.88900324,24.9791149,24.46070848,23.56106761,22.86480967,22.87614691,24.92738597,25.60725818,25.40382618,23.42752466,19.98035805,20.86548961,23.23824335,23.87515346,24.45468315,23.55218218,23.98917438,23.50712196,23.26393572,20.7863295,18.71360775,18.37082219,18.7456059,17.90987651,16.27761254,15.82121519,16.05228352,15.40127213,14.763058,13.25735648,12.30972327,11.70282637,11.02623546,10.01240315,8.601858835,7.773021582,8.591885714,10.20390436,12.52062235,16.70027236,19.50727429,20.88705649,21.5122509,22.42925894,21.41299354,18.94969612,17.01321744,16.85683725,18.87857808,22.21201819,28.97501249,31.56121903,21.90565779,20.23086055,17.36727084,15.10370065,14.64331371,13.94394677,17.05078795,17.04047632,16.99160567,21.51754345,24.17928973,28.3574891
2023-06-30 00:00:00-10:00,90.85104371,84.65103693,89.27965617,94.92754862,92.43864908,87.65279866,83.18538046,81.0849327,79.0863527,78.36707697,72.96449909,68.76301617,70.31520556,76.54144154,86.44877876,96.73677287,101.0789031,95.02117275,79.19840833,77.65446096,66.77173795,61.54727394,57.36761768,52.8686811,51.17357684,49.44989974,49.15636904,49.0226332,48.37545804,49.08563079,52.72902562,59.5133019,65.27137648,69.89412241,79.11314298,106.6457607,73.9507386,63.97600909,63.01533353,62.59830759,62.47240549,66.2133109,67.9413193,68.15254293,68.10612922,76.0316525,81.18501036,86.33926376,88.18738206,88.78662387,88.24091425,85.91493284,84.06413249,80.47824581,73.09478374,70.61281917,68.47826124,67.29649807,65.72559843,63.1527478,57.17985397,52.99314963,53.08563634,51.99172346,48.41084345,48.73064987,46.16539735,45.66383857,45.43943015,44.28333293,43.50779925,44.20942281,45.15263192,41.23569822,37.49878355,37.55853766,36.41931769,36.08477454,36.64460844,35.89066961,34.81583096,35.24090172,38.00951657,40.26225624,44.25807332,50.40507492,52.88950924,51.0281075,46.98493611,43.89744918,40.37325048,40.24715487,40.72904821,42.05431628,41.14516583,38.70554105,42.66284343,36.81710872,31.28607809,25.83302935,23.1745786,21.91611713,28.60322472,31.41276863,28.90900988,26.18736767,28.15250959,27.51938428,32.36875099,37.71016461,80.44355594,60.74912755,51.32789309,48.84626801,51.83933117,50.74032218,47.66448127,44.76593649,45.66713157,48.54097617,46.71467398,35.60576451,29.01538954,24.60700719,22.52762547,23.258581,25.35123649,26.25104846,25.600838,24.62390779,24.99160077,25.86358678,29.43246721,31.5232627,34.39925203,36.4888294,34.36313019,37.5142807,32.68523503,20.79950367,18.7117625,24.61493633,30.16003184,27.08841539,27.18856008,27.40030768,26.55919394,28.59300272,36.99653944,40.35602682,40.87829343,41.48822271,41.66527655,38.80024284,32.60367519,27.86017687,26.2423017,25.9644351,25.44011278,25.35241561,26.3060196,28.08348815,31.72377859,38.75738997,39.56934208,36.61603962,34.75643918,33.36974771,31.02556457,31.15244999,29.23397518,27.19860225,26.42051886,26.76796552,30.00415077,30.69915836,28.33958418,24.7978285,17.58678288,25.28525757,29.12545705,42.5407413,38.95596518,25.05705123,24.53543075,23.62041938,22.880902,22.92390547,24.97403014,25.6423026,25.3841965,23.32076273,19.94836349,20.78604618,23.08307897,23.69163736,24.29331503,23.53260089,23.95083955,23.43771842,23.19947684,20.72883557,18.66238831,18.32021697,18.65238249,17.81523756,16.21116301,15.75020881,15.99696766,15.34899177,14.76328406,13.25288889,12.25315186,11.66706862,11.00009374,9.940754625,8.483253036,7.721523686,8.590913825,10.20606168,12.53377452,16.75147981,19.54825166,20.91797454,21.57457201,22.3935423,21.38509847,18.92056254,16.99035871,16.8612191,18.88826902,22.24524122,29.03156005,31.59273426,21.94864466,20.39433444,17.39935596,15.1543293,14.67340318,13.90761209,16.99344297,16.890578,16.87425588,21.38708674,24.05617411,28.27109937
2023-07-31 00:00:00-10:00,90.86927094,84.60421777,89.21943885,94.91190393,92.47672385,87.76828857,83.34590424,81.23090995,79.21852879,78.50022396,73.11196313,68.89990554,70.40442294,76.63451389,86.52002328,96.87039098,101.2840841,95.09984495,79.2147458,77.75475359,66.88148454,61.67098186,57.46672433,52.97795553,51.22959275,49.54234553,49.17334945,49.04620914,48.33096375,49.01571768,52.48064376,59.20208106,65.04928298,69.75144376,78.96730759,106.5580025,73.78643761,63.7981447,62.83806074,62.43366927,62.33809314,66.09795865,67.86081682,68.16967941,68.17855014,76.11269393,81.29910463,86.44905655,88.28007357,88.85105218,88.3356545,85.80267086,83.96261727,80.35629759,72.94676227,70.48396678,68.40434947,67.26036096,65.76947893,63.17071975,57.03025912,52.84090819,52.97858062,51.90862827,48.35509349,48.73866761,46.13329602,45.67250409,45.48725651,44.49578789,43.72473605,44.36370867,45.17706312,41.13176956,37.47080286,37.40741275,36.29283127,36.01201609,36.60371447,35.8674693,34.8407385,35.30230314,38.07927666,40.34618079,44.30077064,50.31709193,52.72619495,50.94748939,46.82106053,43.75389215,40.3068908,40.21180289,40.78974322,42.26762315,41.36584414,38.95957126,42.96276044,37.21805387,31.68039095,26.1182929,23.36451513,22.05842877,28.77769539,31.68066651,29.22916703,26.48546255,28.44879891,27.80992646,32.59297391,37.85322398,80.54859476,60.83396343,51.37713689,48.86502363,51.79746473,50.6733893,47.61105441,44.71941519,45.64701148,48.53786831,46.77025272,35.6907335,29.0644135,24.66571456,22.58517989,23.2423125,25.3778367,26.30677109,25.689453,24.72640279,25.12811249,26.0001544,29.59417655,31.73640723,34.60563708,36.69148577,34.54446716,37.63907562,32.77777629,20.85889041,18.7575579,24.6806913,30.22955685,27.11752271,27.24252579,27.44304287,26.56912198,28.60457311,36.95703314,40.28048888,40.84221001,41.39621175,41.57767517,38.77839757,32.59339042,27.85879442,26.24861167,25.97184806,25.43301408,25.33829511,26.26898634,28.06132637,31.71623596,38.75259274,39.55325731,36.68253495,34.87167736,33.51856469,31.14251815,31.23005002,29.2779841,27.25672228,26.46731065,26.90009128,30.17423725,30.84855605,28.42993533,24.86693783,17.63058787,25.29547437,29.14640933,42.60265152,39.02703341,25.13628713,24.60798955,23.67491251,22.89275965,22.96446702,25.01205856,25.66871618,25.35848976,23.21599513,19.91647724,20.70644798,22.92585878,23.50220693,24.12794409,23.50904576,23.90756601,23.36516259,23.13455943,20.66991633,18.61193629,18.27324095,18.56362048,17.72277292,16.1466634,15.68022605,15.94355087,15.29897677,14.7619417,13.24767382,12.19801662,11.63112646,10.9716468,9.872720768,8.365611758,7.669473988,8.591638155,10.21229854,12.55236942,16.80906274,19.59180448,20.94868821,21.63731934,22.36509458,21.35880618,18.89284185,16.97017089,16.86840083,18.89598379,22.27653242,29.08876757,31.62251356,21.98810749,20.56587033,17.4371877,15.20586637,14.70403477,13.87392951,16.92891608,16.74042121,16.75366068,21.25531812,23.93219738,28.17576405
2023-08-31 00:00:00-10:00,90.91120043,84.58377709,89.18720258,94.92373723,92.55399711,87.92593182,83.55470609,81.41514974,79.39035838,78.66556788,73.30086603,69.07258587,70.52103628,76.75802693,86.61421907,97.01711424,101.5065447,95.19730373,79.24910589,77.87176952,67.00905101,61.82118954,57.59273303,53.1180417,51.30371037,49.65468781,49.20897837,49.09256482,48.29013328,48.94563647,52.25131604,58.90862066,64.85330394,69.62747843,78.83759919,106.4996638,73.64151198,63.62362032,62.65696886,62.2683065,62.1993101,65.96676025,67.76753534,68.19265978,68.25674568,76.21379031,81.42652193,86.569018,88.38592389,88.90958265,88.42569061,85.66283076,83.81470973,80.20870553,72.75703604,70.30282182,68.28313425,67.18509141,65.78212652,63.15723106,56.85317742,52.66358419,52.84628253,51.80841973,48.29009097,48.7487116,46.10054311,45.66621261,45.50517212,44.6768512,43.90248841,44.48919644,45.16795432,40.99286325,37.42011175,37.22523598,36.14708164,35.92623926,36.56262792,35.86015108,34.88536422,35.38772655,38.16609618,40.46050356,44.36957241,50.25506595,52.57364178,50.89325301,46.69169693,43.62456611,40.26718734,40.18647647,40.85008287,42.4778392,41.57888663,39.20411816,43.26157218,37.61677694,32.07151619,26.40410629,23.55598796,22.20285024,28.95373158,31.95664451,29.56491253,26.79596208,28.7617871,28.1118934,32.83125692,38.00856976,80.66189812,60.92813286,51.43393294,48.88807616,51.75534341,50.60659752,47.55739935,44.6769557,45.6344531,48.53654919,46.82586441,35.771218,29.11067415,24.7252308,22.65129862,23.23103675,25.41169892,26.37019448,25.78195641,24.83213424,25.26486934,26.14064428,29.76034062,31.95595539,34.8230635,36.90795152,34.73157673,37.7647855,32.87109318,20.91554259,18.79785956,24.74481718,30.2994225,27.14658216,27.28970063,27.48132617,26.57401284,28.60721128,36.91654152,40.20488168,40.80799815,41.30795889,41.49491663,38.7573976,32.58267684,27.85882916,26.25819894,25.9812755,25.42760193,25.32238858,26.22717841,28.03401397,31.70313864,38.74399905,39.53385774,36.75064421,34.98590141,33.66956389,31.25749629,31.30658276,29.32406314,27.31685249,26.51689453,27.03530294,30.34873334,30.99795075,28.52400892,24.93985805,17.672262,25.30501828,29.16982206,42.66970251,39.10552767,25.22117311,24.68188986,23.72679677,22.90175071,22.99800628,25.04142677,25.68801503,25.32730609,23.1126922,19.88474103,20.62707158,22.7667023,23.31162849,23.964004,23.48269321,23.86378372,23.29282015,23.07267473,20.61538506,18.5686972,18.23714944,18.48705636,17.64047634,16.09039554,15.61773341,15.8977496,15.25624,14.76307506,13.24561116,12.14892441,11.5999602,10.94663095,9.814595829,8.256082083,7.6230222,8.598870816,10.22716897,12.58081727,16.87536356,19.64154963,20.98270699,21.70331307,22.34871953,21.34016647,18.87228033,16.95599298,16.8812102,18.90457959,22.31005384,29.15104584,31.65634134,22.02644078,20.74620027,17.48526038,15.26183443,14.73806095,13.84798594,16.86361262,16.59686648,16.63338763,21.12522906,23.81251041,28.07870898
2023-09-30 00:00:00-10:00,90.97151959,84.58518666,89.17652836,94.9541332,92.6592943,88.11093983,83.79438319,81.61924586,79.58350793,78.84618428,73.51373992,69.26932926,70.65987739,76.90633483,86.72870389,97.17328794,101.7419675,95.3147506,79.30404538,78.00438894,67.15082725,61.99246194,57.74044102,53.28300743,51.39472939,49.78563198,49.2653732,49.16636488,48.25415821,48.88061046,52.04879963,58.64324204,64.68879879,69.5281434,78.72855269,106.4761073,73.52698304,63.46326571,62.48075077,62.10965162,62.06129497,65.82351817,67.66413865,68.22103385,68.34136706,76.33603552,81.56483186,86.69744018,88.50477848,88.96633306,88.51488887,85.50525172,83.6353636,80.05460069,72.54408735,70.08826715,68.1333006,67.08715005,65.7780556,63.12532351,56.66530545,52.47910735,52.70693405,51.70957077,48.23529157,48.77732716,46.08543437,45.66193638,45.50719321,44.83400978,44.04899392,44.59581898,45.1414509,40.84548519,37.3673981,37.03843913,36.00581899,35.84766936,36.53848487,35.87785747,34.95480501,35.49834456,38.27009149,40.59729376,44.45966992,50.22275975,52.43796381,50.8703978,46.60149828,43.51403299,40.25869005,40.17674495,40.91390492,42.6848531,41.78397817,39.43606195,43.55731864,38.00863895,32.45585141,26.68912937,23.74928357,22.35117762,29.13580693,32.24272005,29.91473347,27.11415771,29.08629461,28.42045005,33.08098373,38.17790346,80.78743196,61.03679423,51.50559213,48.92338964,51.72228587,50.54835625,47.51079225,44.6448779,45.63436814,48.53978359,46.88468486,35.85146844,29.15754271,24.78785038,22.7286909,23.22831993,25.45520741,26.44352731,25.88048582,24.94284997,25.40451322,26.28702176,29.93232902,32.18296065,35.053644,37.13928532,34.92525432,37.8932407,32.9678407,20.97011034,18.83596171,24.80971823,30.3712781,27.17799203,27.33309093,27.51957141,26.57853692,28.60483691,36.87966541,40.13536985,40.78076445,41.22899662,41.42127795,38.74059519,32.57349463,27.86241624,26.27237186,25.99387884,25.42618984,25.30754276,26.18457918,28.00641551,31.68892571,38.73476968,39.51421257,36.82087306,35.09747136,33.8220057,31.37199274,31.38602931,29.37632313,27.3823845,26.57328496,27.17644,30.53057203,31.15145,28.62680434,25.02059472,17.71519699,25.31728831,29.20006238,42.74605787,39.1955662,25.31690828,24.76246287,23.77977852,22.91173259,23.02785115,25.06487222,25.70404515,25.2951123,23.01473495,19.85412776,20.54848184,22.60581907,23.12433847,23.80747503,23.45711348,23.82554449,23.22540936,23.01690655,20.5700499,18.53899926,18.21849967,18.42950341,17.57534337,16.04781275,15.56877725,15.8649122,15.22457959,14.7691048,13.24897907,12.10887399,11.57797946,10.93051173,9.771935885,8.161143882,7.587744149,8.616841568,10.25445632,12.62287184,16.95304553,19.70122503,21.02354163,21.77553972,22.34911849,21.33470854,18.86400036,16.95185721,16.90365041,18.91855583,22.35056696,29.22338025,31.6998616,22.06715644,20.93572028,17.5488398,15.32727871,14.77974113,13.83647298,16.8049875,16.46696529,16.51797788,21.00070905,23.7024427,27.98675894
2023-10-31 00:00:00-10:00,91.04581321,84.60431416,89.18251389,94.99654257,92.78382692,88.31127567,84.05004348,81.82837054,79.78237524,79.02780091,73.73494032,69.47832843,70.81529667,77.07469753,86.86073365,97.33485595,101.9847093,95.45045111,79.37873736,78.14909689,67.30143714,62.17816714,57.90373745,53.46604724,51.50101944,49.93295231,49.34355805,49.27140625,48.22729418,48.82905599,51.88100715,58.4155476,64.56034273,69.45816104,78.6433083,106.4896487,73.45089423,63.32598894,62.31771349,61.965265,61.93019406,65.67395028,67.55564522,68.25609752,68.43412842,76.47876378,81.71157837,86.8337891,88.63786516,89.03215782,88.61238691,85.34263818,83.44466132,79.91608343,72.32982879,69.86219805,67.97428052,66.98253058,65.76944581,63.08562523,56.47977012,52.30185158,52.57429231,51.62582052,48.20439275,48.83484326,46.1001996,45.67106767,45.50285163,44.97090793,44.16945379,44.69091251,45.11163185,40.71517612,37.33250835,36.87523916,35.89457698,35.79907394,36.54967316,35.92880677,35.05453782,35.63776283,38.39388382,40.75244591,44.57167159,50.22693666,52.33008973,50.88446509,46.55434313,43.42832822,40.28546047,40.19115572,40.98846074,42.89190839,41.98258008,39.65281221,43.84610255,38.38691319,32.82725284,26.96948281,23.94241849,22.50265324,29.32486626,32.53667135,30.27116726,27.43244738,29.41351189,28.72792822,33.33656454,38.36031439,80.92712973,61.16332224,51.59912641,48.98004111,51.70976755,50.50920703,47.48037124,44.63111271,45.65296704,48.5521857,46.95057745,35.93583735,29.20853639,24.85605065,22.81951186,23.23695847,25.51041955,26.5292956,25.9877743,25.06074246,25.54909511,26.44100229,30.11101713,32.41718107,35.29739429,37.38446365,35.12515958,38.02409693,33.06652092,21.02112103,18.87460939,24.87662093,30.44529916,27.21325199,27.37609252,27.56171869,26.58685571,28.60091053,36.84847054,40.07509178,40.76198483,41.16085209,41.35757837,38.72814359,32.56620753,27.87083495,26.29197113,26.01030873,25.43042038,25.29644595,26.14532087,27.98314031,31.67810237,38.72809293,39.4967381,36.8927899,35.20517441,33.97497282,31.48702383,31.4711336,29.43759885,27.45570352,26.6400726,27.32560389,30.72254602,31.31297355,28.74310081,25.1129934,17.7631189,25.33545072,29.24097694,42.83488483,39.30015454,25.42702477,24.85414592,23.83697787,22.92645082,23.05819269,25.08617913,25.72186167,25.2684625,22.92843776,19.82773188,20.47335946,22.44571239,22.94584924,23.66485495,23.43713642,23.7983906,23.16795079,22.97082621,20.53838854,18.5280165,18.22196098,18.39577022,17.53234487,16.02286997,15.53844705,15.84957115,15.207761,14.78328428,13.26073693,12.08128919,11.56933788,10.92819096,9.748643738,8.08584007,7.568749302,8.649205534,10.29748072,12.68141411,17.04445542,19.77379171,21.07463521,21.85733771,22.3707959,21.34804984,18.87319255,16.96248601,16.93999613,18.94283376,22.40236959,29.30959228,31.75763044,22.11518263,21.13479197,17.63217679,15.40736664,14.83315609,13.84547908,16.75984045,16.35688143,16.41313498,20.88708639,23.6073333,27.90586686
2023-11-30 00:00:00-10:00,91.12920436,84.63675315,89.20061301,95.04467227,92.91907132,88.51734457,84.31078384,82.03286838,79.97598341,79.20135503,73.95407524,69.68659631,70.9825761,77.25707623,87.00688678,97.4970254,102.2269233,95.59850376,79.46825568,78.30011622,67.45471177,62.37059826,58.07602007,53.66000991,51.62014087,50.0937909,49.44142628,49.40619298,48.21176407,48.79751307,51.75216649,58.23120566,64.46999637,69.42029832,78.58300663,106.5397773,73.41744005,63.21781483,62.17501476,61.84203007,61.8128732,65.52572654,67.44940007,68.30088335,68.53768424,76.64014339,81.86581853,86.97898435,88.78691792,89.12259066,88.73020281,85.18870979,83.26365117,79.81227136,72.13458085,69.64475291,67.82227158,66.88369238,65.76460393,63.04576777,56.30671624,52.14321139,52.45840897,51.56655669,48.20579698,48.92636078,46.15146196,45.700438,45.49802021,45.0889507,44.26732808,44.77886112,45.08799797,40.62226606,37.33137704,36.76025271,35.83630531,35.80017729,36.6108982,36.01909369,35.18990805,35.81068423,38.54206769,40.92667305,44.71016064,50.27547695,52.2623799,50.93760859,46.54982589,43.37244061,40.34855249,40.2377096,41.08130753,43.10328576,42.17767975,39.85400469,44.12300251,38.74344647,33.17711591,27.23840042,24.13092466,22.65424533,29.51756238,32.83090352,30.62163004,27.74051832,29.73126765,29.02425213,33.58980866,38.55239503,81.08077835,61.30860259,51.71913344,49.06612799,51.72972877,50.50064422,47.47668701,44.64521888,45.6982086,48.58079925,47.02922885,36.03028665,29.26799483,24.93254685,22.92471989,23.25848809,25.57858552,26.62902255,26.1054419,25.18711671,25.69919963,26.60228981,30.29524818,32.65618931,35.55148639,37.63916015,35.32822193,38.15423905,33.16259195,21.06540039,18.91396487,24.94443644,30.52020596,27.25254623,27.42097998,27.60992871,26.60161147,28.59695424,36.82172061,40.02370356,40.74964534,41.10160118,41.30193824,38.71843854,32.56069848,27.88559981,26.31782231,26.03142876,25.44149599,25.29166103,26.11291808,27.96742912,31.67419433,38.72685348,39.48395339,36.96586553,35.30806663,34.12758143,31.60282097,31.5634173,29.50922693,27.53824777,26.72072763,27.48551756,30.92650757,31.48505721,28.87668799,25.21906695,17.81795664,25.36120759,29.29384035,42.93587223,39.41904301,25.55151406,24.95781482,23.89893557,22.94751202,23.09086052,25.10710189,25.7454082,25.25373076,22.85983925,19.80973179,20.40596205,22.29021519,22.78123782,23.54128224,23.42635269,23.78551807,23.12408723,22.93687263,20.52330001,18.5384243,18.24950373,18.38820226,17.51440685,16.01841791,15.53084723,15.85506439,15.20875669,14.80804752,13.28271507,12.06845608,11.57597541,10.94168796,9.744517299,8.032265136,7.568840125,8.697195464,10.3577787,12.75738124,17.15040728,19.86095609,21.13846402,21.95124189,22.41638993,21.38415292,18.90355858,16.99102794,16.99233478,18.9800741,22.46726675,29.41062478,31.83117474,22.17493351,21.34349349,17.73744292,15.50587814,14.9007506,13.8781737,16.73258896,16.27050572,16.32462506,20.79008476,23.53175912,27.84056809
2023-12-31 00:00:00-10:00,91.26902161,84.76225815,89.28692019,95.12045015,93.08111967,88.74100147,84.59911717,82.23519092,80.16468435,79.3452385,74.17563637,69.88077761,71.16420259,77.48943711,87.19188771,97.67079283,102.4771009,95.81346956,79.64319223,78.51362577,67.64135349,62.58119543,58.25993212,53.86658375,51.75556133,50.2922654,49.59096913,49.59798422,48.18348155,48.80271902,51.72698814,58.17749828,64.52541507,69.52400084,78.6636246,106.7741782,73.58369284,63.24544044,62.13763751,61.84767811,61.81005066,65.43213472,67.41555703,68.45711427,68.73927991,76.96934389,82.18806841,87.2952948,89.12533262,89.4325454,89.01984885,85.10842237,83.1654093,79.89938774,72.07042406,69.51817305,67.72229175,66.84394303,65.80849035,63.02772014,56.19276823,52.06381913,52.40272533,51.59936528,48.31326315,49.14200114,46.32361122,45.80772501,45.50324248,45.17372129,44.32969938,44.90054155,45.13834006,40.66121848,37.49275376,36.85840804,36.03139298,36.03967635,36.90131402,36.32366476,35.51349016,36.1493628,38.80028547,41.20346906,44.98025959,50.50291276,52.38158525,51.17255933,46.7259553,43.44995623,40.54338354,40.39956743,41.23744088,43.32121738,42.33841022,39.96097548,44.26132531,38.9056325,33.33612163,27.37461247,24.23575385,22.74470327,29.6477009,33.04391551,30.85648491,27.93684068,29.93061879,29.22102473,33.79795626,38.7593188,81.29969743,61.56984432,51.99469489,49.35261791,51.9716118,50.71195248,47.66605921,44.84262399,45.91451505,48.73778697,47.20719128,36.21435669,29.41394548,25.07828705,23.11362121,23.36167733,25.72222525,26.81148823,26.28325787,25.36465935,25.87334731,26.78925202,30.50086917,32.89444979,35.83191162,37.91923089,35.52775147,38.24631024,33.2378395,21.09255045,18.9472554,25.02414921,30.6159781,27.33153233,27.49994687,27.69733035,26.65794644,28.5950949,36.80814196,39.99822701,40.72344544,41.04576373,41.25712368,38.70787416,32.55781718,27.92673561,26.37637538,26.08248065,25.48146823,25.31960619,26.12495749,27.99604529,31.7162785,38.77372721,39.51916395,37.05985962,35.41345299,34.295742,31.72154429,31.67754395,29.6254815,27.6851954,26.89541376,27.71957525,31.19699406,31.71629152,29.09657149,25.39615054,17.90165997,25.41722781,29.37233667,43.04964707,39.56685227,25.70879077,25.09186911,23.97238794,22.98252218,23.11858519,25.11510406,25.78733862,25.30286253,22.87362739,19.85005685,20.4006967,22.18179737,22.71133634,23.53754872,23.45449304,23.83440742,23.14298758,22.95236029,20.57742128,18.64263178,18.37702681,18.49355261,17.6138117,16.12688528,15.65309532,15.98417033,15.31592536,14.89305271,13.36206631,12.14452477,11.65759595,11.02359557,9.824729976,8.088475121,7.670884665,8.831504457,10.51430164,12.92381408,17.33245933,20.01764442,21.27297514,22.11504721,22.57184989,21.52353368,19.04587591,17.12847036,17.12286797,19.06669257,22.57149535,29.55926575,31.95411684,22.3091794,21.62199121,17.9483253,15.69679908,15.04873808,14.00344703,16.79956319,16.32149728,16.3370024,20.80098715,23.56254921,27.8598303
2024-01-31 00:00:00-10:00,91.43718928,84.91960097,89.40118799,95.2120643,93.23653561,88.93940402,84.84572648,82.39094796,80.30244277,79.44707717,74.35256461,70.03486862,71.33827921,77.70156059,87.36740345,97.82802586,102.7035028,96.02759136,79.82760491,78.71463341,67.80871596,62.7637047,58.41274532,54.03672201,51.86890272,50.46416474,49.72369056,49.77706789,48.16141605,48.83373334,51.73774855,58.16981732,64.60718179,69.65945849,78.78284145,107.0512493,73.8269551,63.35787696,62.19242882,61.94138038,61.88531085,65.41824072,67.44943568,68.65142012,68.98431478,77.32220082,82.53847878,87.64828709,89.49108831,89.78123364,89.32827064,85.08471638,83.14803104,80.05231203,72.07688034,69.45230224,67.67007157,66.82221706,65.84890289,63.00359722,56.09110744,51.990868,52.33827317,51.60423388,48.38768461,49.30291169,46.45087042,45.87658314,45.46890327,45.20361806,44.34786328,44.97813837,45.1716852,40.71639791,37.65153023,37.0189205,36.30148204,36.34635777,37.23744585,36.66810389,35.88482002,36.54778094,39.12452802,41.5357221,45.30910775,50.80347166,52.58912733,51.45007844,46.94285821,43.5850409,40.78665009,40.62425877,41.44859988,43.57169267,42.5361656,40.10551934,44.41553007,39.05460886,33.46553982,27.48285372,24.31945988,22.82292331,29.75629949,33.21259606,31.01647952,28.06425113,30.05149828,29.34337022,33.94489095,38.93464642,81.50083819,61.81370031,52.2677877,49.65067315,52.2416375,50.95687637,47.88560369,45.07107871,46.15670185,48.92571645,47.42129691,36.43943019,29.59952527,25.24932704,23.31354073,23.48406994,25.88621395,27.01360588,26.48241869,25.5607698,26.06567553,26.9887597,30.70818864,33.12646235,36.10470045,38.18332085,35.71005782,38.32202371,33.28737949,21.09245776,18.97082445,25.09511501,30.70293205,27.4093616,27.58129748,27.78799495,26.71806606,28.58949865,36.78451089,39.95934443,40.68455462,40.97835769,41.20093527,38.6947933,32.56349633,27.97629074,26.43326394,26.12675283,25.51381326,25.34373143,26.13912126,28.02820719,31.76281544,38.82183381,39.55257863,37.14082454,35.49842718,34.44389599,31.83092012,31.78832596,29.73990148,27.83216813,27.08039783,27.97121865,31.47732504,31.95752966,29.33219959,25.58029738,17.99551367,25.49133718,29.46630875,43.16780374,39.71830158,25.87670098,25.23670409,24.05615639,23.02743757,23.15043302,25.12924124,25.84013834,25.36813216,22.91007954,19.90484896,20.40903803,22.09320765,22.67444936,23.5720225,23.5050896,23.90520719,23.17993898,22.97681951,20.64209566,18.75906278,18.51252509,18.61091361,17.72868517,16.24706937,15.79058643,16.13066928,15.43455944,14.98331788,13.44590037,12.23212554,11.7520233,11.11961283,9.917169064,8.160147785,7.790871175,8.977704677,10.67864729,13.09418037,17.51934816,20.17866492,21.41597583,22.28637336,22.74434321,21.67845227,19.19998956,17.27016529,17.25229706,19.14989377,22.67188244,29.70466523,32.08174941,22.45527652,21.8997655,18.17134356,15.90218984,15.20915404,14.13925487,16.87526458,16.3926382,16.3687615,20.83634537,23.61704665,27.90172955
2024-02-29 00:00:00-10:00,91.61852176,85.09516823,89.53278546,95.3155704,93.39069227,89.12747265,85.07372716,82.52735866,80.41821275,79.5338247,74.51077148,70.16998996,71.50669555,77.89720094,87.53428092,97.97292395,102.9125326,96.23307325,80.00938633,78.90435803,67.96452267,62.92942631,58.54955208,54.1891692,51.97382421,50.62436103,49.84706113,49.94757807,48.14999985,48.88092517,51.76258344,58.17730164,64.69463531,69.80393374,78.91505036,107.3460096,74.10640615,63.51405361,62.29685238,62.08049626,62.0018109,65.45146344,67.52114703,68.86429028,69.25010667,77.67404315,82.8899458,88.00446436,89.85712675,90.13632598,89.63332265,85.09384813,83.17239516,80.22659539,72.11472089,69.41622316,67.64127803,66.80615045,65.8823195,62.96986413,55.98755019,51.91243123,52.25961124,51.58233132,48.43161236,49.4213719,46.54288256,45.91567481,45.40601462,45.19666085,44.33565732,45.02250432,45.1834841,40.75891157,37.78544359,37.18899369,36.58834377,36.66438296,37.57111989,37.01769581,36.27127282,36.97329843,39.48525679,41.90239494,45.66701893,51.13104921,52.83386097,51.74277753,47.17302816,43.74658918,41.04926662,40.87650905,41.68667171,43.84213179,42.75945806,40.27852614,44.58367253,39.20223698,33.58351554,27.57784239,24.39180835,22.894387,29.85019466,33.35201995,31.13129644,28.15517276,30.13342971,29.42715201,34.05751548,39.08888497,81.68668126,62.04172666,52.53377023,49.94833878,52.52134911,51.21631651,48.11923105,45.31477972,46.41106231,49.12928148,47.65322399,36.68627929,29.80582998,25.43277031,23.51545103,23.61453158,26.05966428,27.22568055,26.69482221,25.76775216,26.26889004,27.19508304,30.91645192,33.35442952,36.37053518,38.435048,35.88261183,38.39170251,33.32326552,21.07700766,18.98932535,25.16155702,30.78618938,27.48688505,27.6649612,27.87979447,26.77954179,28.58147992,36.7522629,39.90988688,40.63591088,40.90133958,41.13535612,38.67746523,32.57183164,28.03012819,26.48842469,26.16704203,25.54169242,25.36597471,26.15378924,28.06066989,31.81011496,38.86869844,39.58398834,37.21394626,35.57339125,34.58226956,31.9360969,31.89782563,29.85374528,27.97910137,27.27064787,28.23253266,31.76141747,32.20173094,29.5719136,25.76287188,18.09288248,25.57280173,29.56631523,43.28705245,39.86831798,26.04584809,25.38359976,24.14366662,23.07747006,23.18484925,25.14700812,25.89990508,25.44235036,22.9579816,19.96806852,20.42544505,22.01602636,22.65300598,23.62197638,23.56723576,23.98551959,23.22401089,23.00370323,20.7093013,18.8780091,18.64776866,18.72847984,17.84516306,16.36816674,15.9298765,16.28063366,15.55422057,15.07213432,13.52760642,12.32081198,11.84827964,11.21886726,10.01130246,8.235282655,7.916715368,9.126822039,10.84350752,13.26285312,17.70552397,20.33969147,21.56078222,22.45906195,22.91988706,21.8379553,19.35637091,17.41075097,17.37843453,19.22893901,22.76817745,29.84560307,32.20931774,22.60585133,22.1732887,18.39753041,16.11304419,15.37205623,14.27524108,16.95104167,16.46469709,16.40562562,20.88169743,23.67984395,27.95252106
2024-03-31 00:00:00-10:00,91.80553604,85.28169802,89.67537423,95.42758897,93.54563865,89.31231245,85.29510874,82.65768152,80.5265008,79.61769034,74.66320414,70.29763495,71.67096301,78.08186222,87.69468039,98.1097771,103.110517,96.429847,80.18586464,79.08660093,68.11455653,63.08580336,58.67871975,54.33406111,52.07682096,50.78118128,49.96624741,50.11323213,48.14785539,48.9370422,51.79089082,58.18614431,64.77977758,69.94789687,79.04959624,107.6479762,74.40187508,63.69112027,62.42589504,62.24117882,62.13868116,65.51081816,67.61278966,69.08567776,69.5246214,78.01827766,83.23419262,88.35291826,90.21559458,90.48733423,89.93039615,85.12176675,83.21635201,80.40346034,72.16449313,69.39389752,67.62351945,66.79128053,65.90986729,62.92771143,55.87808447,51.82610244,52.16846505,51.54051599,48.45328772,49.51186933,46.61172309,45.93586395,45.32633793,45.1685602,44.30594234,45.04680409,45.17957822,40.78611257,37.89731232,37.35178398,36.87090465,36.97449401,37.88951127,37.36145466,36.65982085,37.4096962,39.86445899,42.28682225,46.03629375,51.46292468,53.09000027,52.03993174,47.40588472,43.91869582,41.31801281,41.1383385,41.93603508,44.12351193,42.99766944,40.46849254,44.76088425,39.35136478,33.69725299,27.66630133,24.45782033,22.96191546,29.93549734,33.47495319,31.22270664,28.22806217,30.19834831,29.49314764,34.15280694,39.23063611,81.86224814,62.25923928,52.79421517,50.24357281,52.80425963,51.48242068,48.35987463,45.56638772,46.67156519,49.34089032,47.89377375,36.94490706,30.02306782,25.62251349,23.71689343,23.74854985,26.23761873,27.44307794,26.91557121,25.98120493,26.47840137,27.40489244,31.12569444,33.58058487,36.63191266,38.67923877,36.05087336,38.46102839,33.35383742,21.05486148,19.0064344,25.22694436,30.8693804,27.56564508,27.7515643,27.97288424,26.84247005,28.57303552,36.71493542,39.85413722,40.58120985,40.81805884,41.06356403,38.65670744,32.58053681,28.08637693,26.54264578,26.20561582,25.56768745,25.38798359,26.16906585,28.09302687,31.85757689,38.91454339,39.61449218,37.28315958,35.64479955,34.71719025,32.04035694,32.00768765,29.96832728,28.12704151,27.46461568,28.49995299,32.04783448,32.44737487,29.8123221,25.94251849,18.19158458,25.65702103,29.66841012,43.40662302,40.01611097,26.21346605,25.52981756,24.23242313,23.13055991,23.22136367,25.16730265,25.96438448,25.52176446,23.01111648,20.03608404,20.4468799,21.94531555,22.63839952,23.67723937,23.635249,24.0698281,23.27051818,23.03063398,20.77622128,18.99636469,18.78074153,18.84302166,17.95911492,16.48736032,16.06722502,16.42971153,15.67198676,15.15799149,13.60574775,12.40737172,11.94279273,11.31760534,10.10411752,8.310248077,8.044334038,9.276307064,11.00751132,13.42954933,17.89048224,20.50053067,21.70585787,22.63184031,23.09419207,21.9984869,19.51263124,17.55023345,17.502547,19.3054847,22.86205104,29.98348272,32.3361751,22.75866962,22.44358879,18.62447845,16.32618646,15.53474309,14.4089965,17.02540751,16.53222212,16.44213005,20.93044161,23.74467172,28.00669421
2024-04-30 00:00:00-10:00,91.99501781,85.47565253,89.82546216,95.54579396,93.7019142,89.49694605,85.51542656,82.78780856,80.63386416,79.7034711,74.81549693,70.42266219,71.83195115,78.25947846,87.85039176,98.24148491,103.3017239,96.61983576,80.35769173,79.26481426,68.26243432,63.23722825,58.80441687,54.47616806,52.18041966,50.93854462,50.08415284,50.27631572,48.15247997,48.99765568,51.81841437,58.19132205,64.8602071,70.08805675,79.18347888,107.9538046,74.70531154,63.87855072,62.56742303,62.41258092,62.28635333,65.58538659,67.7158873,69.3118962,69.80323325,78.35566066,83.57126764,88.69276051,90.56642025,90.83286551,90.22025426,85.16068087,83.26930246,80.57782872,72.21865012,69.3783633,67.61120314,66.77622082,65.93276294,62.878207,55.76156372,51.73159763,52.06663617,51.48380896,48.45868842,49.58377072,46.66518489,45.94401099,45.23689534,45.12834919,44.26611388,45.05955832,45.16559423,40.80167414,37.99420308,37.50534533,37.14534471,37.27423194,38.19379692,37.69831099,37.04715355,37.85091906,40.25339686,42.6809334,46.41016026,51.79157157,53.34794819,52.33832709,47.63869509,44.09462649,41.5879024,41.40284448,42.19010047,44.41129026,43.24454963,40.66770833,44.9429638,39.50145104,33.80858828,27.75045714,24.51949345,23.02637176,30.01497745,33.58787725,31.30143126,28.29135688,30.25587579,29.55100393,34.23926496,39.36498187,82.03149214,62.4707913,53.05164054,50.53748438,53.08896994,51.75274193,48.60510987,45.82313468,46.93612848,49.55735448,48.139062,37.21095342,30.24710111,25.81627984,23.9178829,23.88470751,26.41827332,27.66409124,27.14219085,26.19905655,26.6917685,27.61653656,31.33606582,33.80626304,36.89073707,38.91907381,36.21751686,38.53211531,33.38352665,21.03091419,19.02417971,25.29344324,30.95459143,27.64675163,27.84149653,28.06767961,26.90717374,28.56521834,36.67492044,39.79486565,40.52258003,40.73058109,40.98762995,38.63341155,32.58872629,28.14405618,26.59645135,26.24371793,25.59325795,25.41067812,26.18530616,28.12551684,31.90534191,38.96001739,39.64498547,37.35074371,35.7160183,34.85187024,32.14529364,32.11870657,30.08445349,28.27684662,27.66201757,28.77223299,32.33668182,32.6945276,30.05301542,26.12005789,18.29107865,25.74238076,29.77111852,43.52631301,40.16197594,26.3790388,25.67473288,24.32157474,23.18574935,23.25964284,25.18946477,26.03222702,25.60453078,23.0665406,20.10711142,20.47189007,21.87869224,22.62718148,23.73422005,23.70646418,24.15597852,23.3177509,23.05701019,20.842236,19.11357732,18.91155624,18.95433514,18.06997646,16.60462745,16.20249106,16.57737311,15.78787681,15.24120359,13.68070553,12.49152644,12.03500325,11.4150149,10.19552661,8.384819586,8.172967849,9.426098244,11.17123989,13.59537347,18.07504967,20.661881,21.8512745,22.80495667,23.26672937,22.15935793,19.66893758,17.69004411,17.62633881,19.38117011,22.95500905,30.11979861,32.46274598,22.91344063,22.71238116,18.85201065,16.54067446,15.69698684,14.54056523,17.09887197,16.59503301,16.47700265,20.98023291,23.80959094,28.06251399
2024-05-31 00:00:00-10:00,92.1858156,85.67518257,89.98096012,95.66858371,93.85957442,89.68269625,85.73739627,82.92063603,80.74353917,79.79308627,74.97022065,70.54711039,71.99035838,78.43273194,88.00278045,98.36997702,103.4889194,96.80512849,80.52640957,79.4416668,68.41040385,63.38642627,58.92882253,54.61753039,52.28526768,51.09787468,50.202376,50.43798107,48.16140057,49.0598269,51.84322969,58.19090592,64.93562863,70.22378293,79.31660339,108.2628839,75.01389231,64.07176733,62.71584826,62.59018572,62.44086924,65.66986783,67.82687087,69.54222027,70.0848456,78.68904769,83.90392953,89.02635936,90.91197858,91.17457717,90.50496337,85.20643308,83.32657643,80.7497844,72.27469418,69.36629049,67.60109625,66.76006948,65.9514999,62.8218048,55.63747651,51.6287741,51.95495119,51.41495145,48.45110795,49.6422115,46.70751271,45.94369339,45.14112254,45.08056467,44.21982688,45.06536744,45.14500265,40.80892093,38.08160416,37.65143036,37.41286413,37.56585408,38.48825271,38.03014828,37.43351888,38.29531724,40.64820202,43.08155605,46.78695431,52.11582016,53.6050634,52.63766255,47.87154472,44.27173658,41.85718508,41.66770301,42.44624568,44.70329603,43.49681704,40.87169759,45.12676651,39.65102858,33.91735072,27.83069283,24.57738437,23.08771202,30.08947146,33.69362325,31.3721389,28.34854177,30.30969966,29.60476658,34.32081833,39.49465235,82.19694878,62.67949682,53.30796342,50.83167534,53.37569983,52.0268114,48.85432247,46.08406654,47.20413708,49.77729174,48.38742502,37.48259585,30.47633253,26.01338745,24.11899087,24.0225752,26.60093414,27.88818353,27.37342053,26.42035308,26.90770768,27.82918685,31.54758867,34.03208817,37.14816639,39.15637586,36.38360489,38.60525854,33.41439737,21.00781748,19.04361316,25.36219986,31.04286929,27.73081248,27.934797,28.16435798,26.97376169,28.5583421,36.6334177,39.73350038,40.46098032,40.63990392,40.90862914,38.60812591,32.5959985,28.20249098,26.6501296,26.281979,25.61914902,25.43450177,26.2027763,28.15841244,31.953587,39.00562746,39.67597082,37.41792354,35.78874441,34.98793647,32.25163199,32.23117603,30.20249986,28.4289822,27.86280769,29.04891612,32.62817778,32.94342518,30.29419703,26.29643588,18.39114875,25.82831451,29.87384678,43.64594963,40.3062438,26.54259866,25.81827979,24.41076133,23.24240286,23.29920333,25.21286778,26.10242552,25.689626,23.12294848,20.18037007,20.49979568,21.81510867,22.61820401,23.79198978,23.77962925,24.24320872,23.36523133,23.08292598,20.90751963,19.22990872,19.04090119,19.06302044,18.1782344,16.7206806,16.33646455,16.72420183,15.90271191,15.32258251,13.75334607,12.57395815,12.12537773,11.51127459,10.28627835,8.459740257,8.302893452,9.576844515,11.33563901,13.76147062,18.260144,20.82439526,21.99741566,22.97886896,23.4378441,22.32057459,19.8259497,17.83152517,17.75112393,19.45711512,23.04805959,30.25564283,32.58953872,23.0703831,22.98104696,19.08048862,16.75630567,15.8591469,14.67050627,17.17222204,16.65437171,16.51052925,21.03052823,23.87426692,28.11949053
2024-06-30 00:00:00-10:00,92.37777404,85.87938452,90.14072708,95.79504917,94.01875393,89.8703034,85.96250609,83.0577141,80.85722531,79.88709044,75.12844418,70.67179365,72.14672077,78.60348639,88.15294102,98.49654056,103.6737763,96.98726556,80.69344185,79.61897073,68.55962929,63.53515716,59.05320638,54.75916822,52.39144219,51.25946008,50.32158761,50.59859797,48.17253884,49.12164821,51.86451445,58.18417755,65.00625757,70.35532269,79.44960249,108.5751379,75.32651179,64.26856076,62.86839518,62.77208422,62.60055781,65.7615121,67.94421863,69.77690114,70.36961693,79.02140596,84.23525915,89.35662718,91.25487034,91.51446976,90.7864754,85.25649647,83.38582657,80.92043739,72.33162919,69.35559823,67.5908388,66.74204488,65.96621996,62.75878029,55.5056542,51.51765481,51.83369003,51.33545004,48.43236492,49.69008868,46.74099996,45.93665541,45.04045234,45.02729223,44.1686932,45.06650999,45.11959661,40.8098783,38.1629518,37.79184148,37.67527959,37.85197298,38.77672436,38.35922766,37.82013501,38.74288183,41.0473263,43.48777194,47.16699429,52.43669496,53.8611485,52.93842554,48.1052529,44.44913908,42.12548665,41.93238879,42.7034855,44.99840647,43.75259281,41.07779251,45.31007517,39.79865078,34.02284108,27.90680028,24.63148928,23.14557388,30.15907751,33.79340712,31.43682295,28.40102738,30.36109138,29.65612355,34.39942523,39.62130625,82.36030195,62.88748274,53.56458339,51.12753792,53.66505581,52.3047955,49.10750615,46.34888399,47.47547782,50.00011742,48.63805614,37.7588482,30.71003709,26.21361132,24.32070737,24.16191735,26.78521111,28.11513595,27.60838984,26.64461007,27.1255434,28.04243259,31.76026325,34.2583618,37.40494825,39.39226891,36.54941326,38.6799549,33.44721862,20.98689785,19.06507894,25.43362376,31.13449423,27.81789805,28.03114785,28.2627711,27.04204473,28.55227147,36.59084505,39.670622,40.39665925,40.54634236,40.82709428,38.58109167,32.60209921,28.26108262,26.70394206,26.32075035,25.64570572,25.4595476,26.22147806,28.19174959,32.0022499,39.05165714,39.70766392,37.48539827,35.86384728,35.12624553,32.35963085,32.3450924,30.32254585,28.58359481,28.06685005,29.32964516,32.92238006,33.1941644,30.53610787,26.47236369,18.49154866,25.91446508,29.9762066,43.76524738,40.44902394,26.70412825,25.96041018,24.49966893,23.29990095,23.3393851,25.23679405,26.17410469,25.77647229,23.17986559,20.25542149,20.53012326,21.75395484,22.61107202,23.85055758,23.85411963,24.33129151,23.41294987,23.1087,20.97247999,19.34582864,19.1694992,19.16981057,18.28455103,16.83626332,16.46999706,16.87092032,16.0173213,15.4028642,13.82445531,12.65544427,12.21452395,11.60672472,10.37710028,8.53576519,8.434486612,9.729113369,11.5014333,13.92858785,18.44635771,20.98837439,22.14453337,23.15386454,23.60788768,22.48214988,19.98407593,17.97545059,17.87763909,19.53391064,23.14168074,30.39152668,32.71672037,23.22954568,23.25046951,19.31021984,16.97298112,16.02149763,14.79925514,17.24593104,16.71157114,16.54337651,21.08141144,23.93882987,28.17732752
2024-07-31 00:00:00-10:00,92.57103384,86.0877685,90.30410074,95.92464157,94.17963218,90.06024417,86.1916011,83.19983428,80.97576887,79.98548539,75.2906077,70.79715528,72.30154514,78.77310534,88.30174067,98.62211007,103.8574868,97.16748675,80.85997211,79.79802669,68.71080988,63.68463552,59.17845064,54.90179629,52.49901352,51.42341613,50.44227618,50.75854128,48.18462649,49.18223412,51.88233566,58.17137353,65.07282851,70.48345172,79.58334531,108.8906605,75.64271258,64.46770008,63.02345692,62.95731072,62.76450573,65.85849701,68.06687277,70.01602082,70.65764487,79.3548617,84.56754739,89.68581083,91.59696514,91.85387657,91.06608546,85.3089521,83.44545234,81.09063969,72.38880579,69.34477512,67.57863767,66.72144395,65.9769394,62.6894414,55.36622244,51.39852878,51.70322418,51.24646221,48.40373267,49.72929598,46.76703094,45.92379151,44.9353522,44.96939049,44.11327355,45.06402553,45.09017714,40.80563241,38.24027691,37.92777503,37.93392775,38.13442254,39.06180175,38.687292,38.208145,39.19398774,41.45017662,43.89944603,47.55089179,52.75559661,54.11646622,53.24072958,48.34036494,44.626424,42.39280317,42.19685481,42.96130309,45.29568294,44.01040751,41.28418145,45.49132896,39.94315899,34.12437865,27.97852941,24.68170907,23.19960592,30.22372823,33.88780292,31.49634029,28.44937802,30.41030941,29.70568079,34.47613198,39.74603931,82.52260578,63.09605259,53.82231892,51.42592987,53.95741182,52.58682344,49.3646896,46.61741478,47.75012223,50.22553348,48.89043826,38.03872785,30.94748076,26.41660908,24.52338858,24.30265976,26.97096437,28.34484187,27.84641226,26.87142787,27.34476706,28.25601484,31.97395564,34.48510262,37.66146355,39.62747565,36.7149991,38.75545686,33.48201233,20.96856636,19.08838407,25.50760183,31.22923592,27.90767352,28.12996161,28.36254067,27.11161987,28.54665147,36.54715011,39.60643837,40.32950766,40.44986967,40.74333381,38.55228984,32.60676516,28.31927787,26.75793626,26.36009153,25.67297061,25.4856528,26.24121437,28.22538326,32.05109561,39.09812966,39.74000231,37.55351256,35.94172748,35.26720835,32.46917297,32.46017606,30.44440866,28.74055324,28.27386159,29.61396386,33.21915633,33.44658827,30.77879567,26.64822585,18.59194943,26.00047828,30.07780176,43.88380061,40.59022917,26.86349884,26.10096742,24.58792233,23.35758417,23.37944919,25.26047926,26.24644416,25.86460745,23.23711343,20.33180295,20.56232245,21.69462365,22.60546589,23.91012741,23.92936018,24.41994791,23.46083971,23.13445752,21.03734793,19.46164598,19.29781932,19.27520366,18.38934974,16.95181155,16.6036277,17.01799608,16.1322245,15.48248213,13.89452601,12.73654043,12.30287763,11.70158937,10.46843798,8.613360134,8.567905267,9.883182551,11.66898342,14.09704999,18.63391119,21.15373375,22.29272229,23.33003217,23.77703749,22.64394718,20.14338923,18.1221024,18.0061535,19.61170809,23.23592809,30.52750884,32.84414475,23.39072241,23.52101689,19.54125966,17.19052979,16.18414103,14.92713323,17.32010343,16.76774355,16.57608856,21.13307266,24.00347092,28.23577088
2024-08-31 00:00:00-10:00,92.76580679,86.30000093,90.47062819,96.05696353,94.34234097,90.25278409,86.42507731,83.34726612,81.09945634,80.08798031,75.45680924,70.92348284,72.45531325,78.94262403,88.44987254,98.74738735,104.0409824,97.34683668,81.02695849,79.97977361,68.86438977,63.8357029,59.30518303,55.04594312,52.60804268,51.58980642,50.56484863,50.91823821,48.19695344,49.24135321,51.89729474,58.15333933,65.1364258,70.60921308,79.718741,109.209596,75.96229549,64.66843341,63.18000192,63.14527772,62.93205237,65.95936418,68.19381488,70.25932444,70.9487322,79.6907576,84.90235537,90.01552713,91.93953169,92.19361209,91.34463604,85.3622569,83.50419267,81.26087556,72.44568612,69.33268078,67.56315349,66.69771575,65.9837278,62.61423995,55.2195959,51.27197547,51.56419608,51.14912977,48.36636403,49.76134303,46.78665197,45.90568184,44.82591986,44.90718311,44.0536709,45.05838187,45.05707877,40.79679451,38.31484271,38.06000517,38.18973316,38.41437731,39.34513146,39.01559905,38.59842223,39.64897738,41.85648821,44.31654464,47.93903295,53.07376536,54.37126333,53.54431099,48.577088,44.80334658,42.65924331,42.46116077,43.21930459,45.59421673,44.26897632,41.48951809,45.66937576,40.08361986,34.22136864,28.04568096,24.72796082,23.24956963,30.2833855,33.97714214,31.55107396,28.49386949,30.45726926,29.75359851,34.55156048,39.86961621,82.68452234,63.30597737,54.08159657,51.72730317,54.25292653,52.87291012,49.62583234,46.88949357,48.02802746,50.45336405,49.14417911,38.32118463,31.18782947,26.62190254,24.72727149,24.44480391,27.15817952,28.57720735,28.08690684,27.10041076,27.56493269,28.4697522,32.18842668,34.71213007,37.91782531,39.86248002,36.88034711,38.83108075,33.51841242,20.95265275,19.11302621,25.58369633,31.3265478,27.99960257,28.23054782,28.4631889,27.18199406,28.54099103,36.50207479,39.54090304,40.25929643,40.35039768,40.6574986,38.52156374,32.60977486,28.37663568,26.81200544,26.3998661,25.70077881,25.51250332,26.26168286,28.25910342,32.09985935,39.14496361,39.77282303,37.62241371,36.02247598,35.41088755,32.57992687,32.57600026,30.5677676,28.89959135,28.483513,29.90137705,33.51826611,33.70044178,31.022228,26.82423591,18.69203254,26.08603159,30.17827058,44.00114455,40.72970685,27.02057632,26.23977815,24.67516103,23.41483337,23.41870169,25.28323812,26.31870793,25.95359156,23.29457071,20.40909776,20.59582671,21.63648052,22.60102142,23.9707804,24.00478817,24.50885629,23.50879338,23.16018306,21.10222438,19.57757178,19.42621468,19.3795906,18.49294196,17.0676309,16.73775037,17.16575716,16.24774866,15.5616955,13.96391608,12.8176813,12.39077695,11.79601292,10.56051644,8.692726542,8.703101813,10.03908392,11.83837362,14.26690061,18.82276974,21.32014698,22.44185436,23.5072305,23.94531709,22.80570451,20.30370617,18.27137313,18.13656197,19.69030227,23.33051079,30.66330959,32.97143077,23.55349158,23.79265642,19.77348853,17.40869681,16.3470415,15.0542973,17.39468651,16.82373182,16.6091276,21.18582052,24.06850918,28.29468912
2024-09-30 00:00:00-10:00,92.96231148,86.51578942,90.63993403,96.1916639,94.50690467,90.44797582,86.66295487,83.49986178,81.22814836,80.1940577,75.62688432,71.05092627,72.60844922,79.1128366,88.59789815,98.87289088,104.2250021,97.52619221,81.19515649,80.16484729,69.02061189,63.98889928,59.43379327,55.19193091,52.71847765,51.75856658,50.6895474,51.07803226,48.20904274,49.2990742,51.91021728,58.13122241,65.19828408,70.73373764,79.85664474,109.5320734,76.2851521,64.87027939,63.33733245,63.33557251,63.10261564,66.06281137,68.32397606,70.50627515,71.24241451,80.02987337,85.24076156,90.34701142,92.28351662,92.5342547,91.62277282,85.41519673,83.56103244,81.43138189,72.50182933,69.31848942,67.54345624,66.67054262,65.98682443,62.53382874,55.06648003,51.13887274,51.4175504,51.04471122,48.3214947,49.787675,46.8008797,45.88288271,44.71222257,44.84085405,43.98989312,45.04988331,45.02053214,40.78385466,38.38758924,38.18917609,38.44348511,38.69269916,39.62785098,39.34511015,38.99159178,40.10803744,42.2660386,44.7388497,48.3314661,53.39215606,54.62570677,53.84873756,48.81541647,44.97979526,42.92499916,42.7253992,43.47713823,45.89315076,44.52717442,41.69274476,45.84330744,40.21922794,34.3132668,28.10809035,24.77019072,23.29536346,30.33810285,34.06168094,31.60122858,28.53475315,30.50187274,29.79991972,34.62615005,39.99259724,82.84650487,63.51774436,54.34265036,52.03188215,54.55167381,53.1630111,49.89083705,47.1649522,48.30912712,50.68350848,49.39896741,38.60519266,31.43024085,26.82897029,24.93249439,24.58835554,27.34686765,28.81210083,28.32935608,27.33116601,27.78564761,28.68352553,32.40338737,34.93913791,38.17396604,40.09757513,37.045341,38.90611093,33.55574774,20.93860356,19.13831828,25.66127993,31.42571344,28.09306889,28.33219318,28.56420146,27.25264863,28.53476129,36.45535408,39.4738634,40.18581946,40.24789152,40.56968128,38.48874682,32.61100041,28.43284218,26.86598012,26.43984348,25.72886337,25.53972846,26.28255725,28.29271043,32.14833211,39.19207564,39.80596874,37.69211933,36.10593312,35.55706813,32.69145605,32.69209343,30.692252,29.06038766,28.6954696,30.19136366,33.81937365,33.95540753,31.26632464,27.00051311,18.7915186,26.17086984,30.27733798,44.11684122,40.86733063,27.17529171,26.37671671,24.76108665,23.47111375,23.45654247,25.30450213,26.39026388,26.04302443,23.35217306,20.48697466,20.63013176,21.57894427,22.59740234,24.0325228,24.07990113,24.59771194,23.55671209,23.1858078,21.16715782,19.69378169,19.55498461,19.48341307,18.59571876,17.18399185,16.87271332,17.31448423,16.36413226,15.6406803,14.03291993,12.89925809,12.47853553,11.89013512,10.6534548,8.773924762,8.839920603,10.19671054,12.00953935,14.43805207,19.01277752,21.48719142,22.59168047,23.68519309,24.11283883,22.9671954,20.46476809,18.42293188,18.26853468,19.76926915,23.4249258,30.79844996,33.09808972,23.71732497,24.065118,20.00671677,17.62719481,16.51008999,15.18079338,17.46955258,16.88018513,16.64289925,21.24001703,24.13433352,28.35402633
2024-10-31 00:00:00-10:00,93.16074507,86.73481879,90.81164396,96.32837311,94.67319864,90.6456487,86.90491339,83.65711275,81.36135011,80.30299729,75.80043843,71.17948621,72.76129516,79.28434477,88.74627451,98.99898494,104.410132,97.70628611,81.36514321,80.35361864,69.17954787,64.14450151,59.56442927,55.33984152,52.83007548,51.92943813,50.81638344,51.23807762,48.2204245,49.35551471,51.92192531,58.1062397,65.25964608,70.85814819,79.99782261,109.8581852,76.61119402,65.07292477,63.49496324,63.52786491,63.27561531,66.1675906,68.4562079,70.75610497,71.53799683,80.37258279,85.58354315,90.68130646,92.62974592,92.87634549,91.9011121,85.4668665,83.61518373,81.60227992,72.55692577,69.30168236,67.51901092,66.63989253,65.98669689,62.4490827,54.90786549,51.000394,51.26453774,50.93465029,48.27054918,49.80984022,46.81086513,45.85608649,44.59449046,44.77067823,43.92207442,45.03891819,44.98089923,40.7674156,38.45941694,38.31603485,38.69607014,38.97023004,39.91091315,39.6766396,39.38807399,40.57116049,42.67850946,45.16586346,48.72788945,53.71141397,54.87988892,54.15356893,49.0552325,45.15579939,43.1903499,42.98968137,43.73446897,46.19170578,44.78403716,41.89299304,46.01235424,40.34923481,34.39954171,28.16560491,24.80837296,23.33702776,30.38804639,34.14167798,31.64697308,28.57237897,30.54415985,29.84473199,34.70027816,40.11540765,83.00891244,63.73171935,54.60565461,52.33978733,54.8537383,53.45706917,50.15956752,47.44362316,48.5933344,50.91592093,49.65455674,38.88983662,31.67395473,27.03732618,25.13911776,24.73328955,27.53701284,29.04933309,28.57328509,27.56330852,28.00657064,28.89727234,32.61853522,35.16573611,38.42969013,40.33279209,37.20965762,38.97970422,33.59313254,20.92560669,19.16345064,25.73961987,31.5259476,28.18744788,28.43419997,28.66505943,27.32307416,28.52747885,36.40685217,39.4051902,40.10898373,40.1424223,40.4800001,38.45375876,32.61043812,28.48770927,26.91968567,26.47976768,25.75693652,25.56696943,26.30354825,28.32606447,32.19641213,39.23943737,39.83934196,37.76254605,36.19172,35.70531215,32.80328049,32.80800276,30.81749292,29.22260571,28.90940664,30.48337476,34.12204478,34.21110198,31.51095801,27.1771175,18.89017507,26.25483461,30.37485234,44.23055207,41.00305956,27.3276861,26.51174547,24.8454915,23.52599963,23.49248772,25.32382984,26.46059322,26.13256861,23.40994938,20.56519871,20.6648499,21.5215732,22.59439054,24.09538767,24.15428898,24.68625919,23.60452908,23.21126266,21.23219097,19.81044712,19.68439307,19.58721093,18.69822723,17.30116787,17.00886354,17.46445987,16.48158761,15.71958009,14.10179549,12.98166216,12.56648773,11.98414966,10.747364,8.856996365,8.978212239,10.35592849,12.18238315,14.61040699,19.20376909,21.65445991,22.74194591,23.86363796,24.27995446,23.12837871,20.62642254,18.57638953,18.4016631,19.84809082,23.51859022,30.9324192,33.22364944,23.88172755,24.33804639,20.24075882,17.84575031,16.67315708,15.30662244,17.54453042,16.93763881,16.67776083,21.29600905,24.20133218,28.41375005
2024-11-30 00:00:00-10:00,93.36126765,86.95670872,90.985334,96.46665853,94.84092018,90.84539925,87.15031472,83.81819025,81.49825481,80.41388527,75.97686116,71.3089973,72.91409252,79.45758756,88.89537263,99.12589563,104.5967902,97.88773226,81.5373468,80.54620003,69.34111865,64.30255382,59.69700382,55.48950722,52.94237893,52.10194893,50.94512457,51.39830911,48.23053335,49.41071193,51.9331164,58.07954912,65.3216984,70.98353636,80.14296503,110.1879997,76.94033761,65.27618092,63.65256771,63.72188524,63.45047768,66.27250588,68.58933495,71.00791849,71.83465187,80.71902063,85.93134581,91.01942954,92.97908919,93.22054211,92.18036918,85.51668038,83.66612454,81.77371074,72.61084952,69.28205777,67.48967172,66.60604977,65.98403383,62.36107578,54.74501779,50.85799092,51.10669578,50.82060646,48.21518934,49.8295681,46.81796986,45.8262003,44.473219,44.69715681,43.85060692,45.02610221,44.93880489,40.74832067,38.53135163,38.44157433,38.94860902,39.24796745,40.19526695,40.01095325,39.78814633,41.03817876,43.09348551,45.59690166,49.12779765,54.03200463,55.13394148,54.45851882,49.29643106,45.33154049,43.45566988,43.25414665,43.99098922,46.48922705,45.03878164,42.08953941,46.17583381,40.47292505,34.47965746,28.21806847,24.84251579,23.37474313,30.43350964,34.21745455,31.68851957,28.60719859,30.58430622,29.88819439,34.77430294,40.2383922,83.17209476,63.94825319,54.87082142,52.65114266,55.15928518,53.75505722,50.43187392,47.7253426,48.88051227,51.15057122,49.9107709,39.17440841,31.91839635,27.24660219,25.34717171,24.87955052,27.72855182,29.2886615,28.81825156,27.79646749,28.22740881,29.11098325,32.83360392,35.39151655,38.68474952,40.56801986,37.37289058,39.05101599,33.62962242,20.91269111,19.1875442,25.81794629,31.62646809,28.28214528,28.53590864,28.76527407,27.39281349,28.518771,36.35662301,39.33486454,40.02886544,40.03419941,40.38865274,38.41666798,32.60822513,28.54117329,26.97298179,26.51940566,25.78474928,25.59392824,26.32444679,28.35911924,32.24413607,39.28711212,39.87293963,37.83352724,36.27926436,35.85500109,32.91491697,32.92333852,30.94315803,29.38592038,29.12501968,30.77683326,34.42574582,34.46707329,31.75595543,27.35407622,18.98782403,26.33788867,30.47081217,44.34209095,41.13697876,27.47794163,26.64494484,24.92828183,23.5791945,23.52618683,25.34091546,26.5292982,26.22196627,23.46805019,20.6436417,20.69975107,21.46413487,22.59195726,24.15951181,24.22765861,24.77431565,23.65222781,23.23651766,21.29739548,19.92775823,19.81468322,19.69156694,18.80111446,17.4194632,17.14657947,17.61600455,16.60034658,15.79854396,14.17078591,13.06531765,12.65502102,12.07834372,10.84241892,8.942057338,9.117927461,10.51666838,12.35686412,14.78394537,19.39565314,21.82164482,22.89247416,24.04234761,24.44718719,23.28943065,20.78870002,18.73141317,18.5355719,19.92626723,23.61095467,31.06481039,33.3477766,24.04637199,24.61114811,20.47550501,18.06415745,16.83616042,15.43182275,17.61947017,16.99660261,16.71405833,21.35411105,24.26987328,28.47385298
2024-12-31 00:00:00-10:00,93.56399046,87.18098003,91.16049123,96.6059897,95.00956707,91.04658446,87.39822273,83.98198142,81.63777461,80.52561754,76.15533159,71.43911205,73.06696667,79.63286006,89.04549069,99.25371214,104.7850796,98.07107323,81.71210987,80.74239177,69.50511832,64.46291624,59.83124148,55.64056441,53.05477516,52.27548717,51.07541057,51.5585861,48.23880832,49.46470348,51.94445578,58.05235953,65.38568538,71.11107598,80.29280676,110.5216622,77.27258056,65.48002084,63.81001497,63.91752542,63.62682246,66.37663964,68.72244977,71.26102999,72.13176353,81.06942385,86.28495481,91.36259614,93.33264691,93.56778228,92.46150191,85.56445712,83.71375512,81.94603127,72.66374488,69.25975242,67.4556772,66.56962882,65.97960854,62.27095639,54.57946452,50.7133476,50.94579545,50.70444666,48.15731717,49.84878142,46.82378039,45.79436441,44.34920118,44.62108626,43.77620057,45.01233843,44.89517253,40.72768275,38.60460653,38.5670848,39.20249026,39.52710648,40.48189075,40.34884562,40.19207289,41.50889193,43.51060821,46.03138887,49.5309044,54.3546315,55.38841304,54.7636908,49.53919206,45.50740104,43.72147934,43.51906543,44.24656025,46.78533478,45.29091365,42.28189335,46.33324282,40.58972948,34.5531562,28.26536483,24.87270659,23.40882472,30.47494609,34.28947331,31.72616125,28.63960561,30.62241753,29.93038931,34.8485088,40.36186695,83.33645784,64.16774515,55.13848265,52.96621314,55.46863047,54.05706499,50.70768336,48.00999634,49.1704379,51.38740972,50.16758647,39.45855424,32.16332827,27.45667039,25.5567863,25.02713561,27.9214213,29.52985828,29.06386603,28.03031137,28.44791713,29.32467924,33.04844201,35.61620792,38.93901463,40.8031918,37.53472514,39.11937139,33.66438759,20.89884705,19.20975666,25.89555031,31.72655718,28.3766085,28.63672133,28.86445248,27.46153681,28.50841253,36.3048564,39.2630159,39.94572029,39.92357156,40.29593105,38.37771008,32.60463566,28.59329028,27.02579062,26.55858277,25.81212991,25.62040907,26.34515484,28.39193608,32.29167287,39.33526058,39.90686261,37.90485827,36.36788361,36.00542574,33.0259214,33.03780401,31.06897222,29.55003312,29.3420382,31.07117273,34.72990377,34.72286242,32.00115562,27.53143902,19.0843717,26.42012826,30.56537183,44.45144416,41.26931326,27.62638259,26.77652257,25.00949391,23.63054535,23.55743037,25.35558649,26.59610639,26.31105275,23.52674292,20.72227517,20.73475865,21.40661293,22.59028464,24.22517725,24.29985379,24.86179841,23.69986927,23.26162267,21.36290356,20.04594417,19.94609938,19.79703086,18.90502136,17.53924001,17.28630236,17.76951095,16.72070334,15.87776826,14.24015009,13.15069893,12.74459283,12.17311249,10.93889936,9.029349321,9.259162658,10.67897627,12.53304758,14.95876556,19.58845885,21.9885835,23.0432088,24.22121685,24.61510025,23.45062323,20.95172177,18.88775582,18.6699857,20.00344482,23.70161457,31.1953676,33.47039637,24.21118438,24.88433846,20.71102044,18.28237116,16.99919198,15.55662726,17.69441781,17.05770344,16.75222674,21.41467656,24.3403732,28.5344604
2025-01-31 00:00:00-10:00,93.76898121,87.40704929,91.33659411,96.74578062,95.17848496,91.24836634,87.64747588,84.14712681,81.77857037,80.63690121,76.33481619,71.56927147,73.21997948,79.81029303,89.19683198,99.38238516,104.9747688,98.25675932,81.88967867,80.94168323,69.6712202,64.62528085,59.96670522,55.79248086,53.16653238,52.44933926,51.20681211,51.71876528,48.24474914,49.51758273,51.95666075,58.02601272,65.45292191,71.24201368,80.44816756,110.8595189,77.60813905,65.68468389,63.96747826,64.11499011,63.8046668,66.47959738,68.85519537,71.51525214,72.42921597,81.42433728,86.64542368,91.71230207,93.69179697,93.91929887,92.74570473,85.61046,83.75843386,82.11992115,72.71609987,69.23527198,67.41764348,66.53143769,65.97410989,62.17977645,54.41292538,50.56831765,50.78378519,50.58821253,48.09903963,49.86947335,46.83001715,45.76189929,44.22339901,44.54342503,43.69976889,44.99868765,44.85121101,40.70689129,38.68046934,38.69416788,39.45938453,39.80909651,40.77193945,40.69129762,40.60020741,41.98305894,43.92949652,46.46878093,49.93705278,54.680147,55.64434366,55.06962762,49.78413489,45.68416193,43.98861896,43.78506883,44.50146298,47.07998472,45.54034356,42.46999862,46.48446933,40.69939976,34.61984021,28.30755196,24.89914639,23.43967803,30.51291436,34.35823323,31.76017046,28.66986914,30.65849522,29.97129493,34.92304831,40.48606349,83.50242416,64.39057451,55.40904264,53.2853946,55.78225958,54.36340328,50.98714285,48.29768229,49.46309336,51.62658278,50.42524658,39.7422889,32.40884684,27.66762682,25.76816099,25.17617288,28.11566686,29.77280778,29.30986798,28.26461304,28.66795812,29.53838269,33.26294614,35.83966432,39.19247886,41.03832602,37.69498207,39.1843421,33.69683829,20.88321967,19.229415,25.97189081,31.82563812,28.47040792,28.73617769,28.9623276,27.5290272,28.49626061,36.25178275,39.18985588,39.85989371,39.81094352,40.20215649,38.33724137,32.60004853,28.64422054,27.07810932,26.59719777,25.83898444,25.64634614,26.36569718,28.424667,32.33925107,39.3840826,39.94126395,37.97640656,36.45699799,36.15599398,33.13594847,33.15120158,31.19472651,29.71469917,29.56027803,31.36600441,35.03414544,34.97823883,32.24661175,27.70940828,19.17989006,26.50177847,30.65881937,44.5587465,41.40040884,27.77343588,26.90679377,25.08930442,23.68006071,23.58615786,25.36779899,26.66088602,26.39978262,23.58634427,20.80113833,20.7698655,21.34911652,22.58971961,24.29281711,24.37089398,24.94878473,23.74766024,23.28677351,21.42895321,20.16530478,20.07894266,19.90416609,19.01061825,17.66096238,17.42858442,17.92549213,16.84307158,15.95756782,14.31023372,13.23833255,12.83573062,12.2689455,11.03719476,9.119234178,9.402140729,10.8429963,12.71108314,15.13503938,19.78231031,22.15525329,23.19420081,24.40026461,24.78427424,23.61230734,21.11571456,19.04532538,18.8047774,20.07948403,23.79040611,31.32405069,33.59162723,24.37625504,25.15772266,20.94752777,18.50051025,17.16251757,15.68145839,17.76964713,17.1216912,16.79280764,21.47814228,24.41333566,28.59586199
2025-02-28 00:00:00-10:00,93.97625396,87.63433882,91.51337565,96.88555225,95.34703159,91.44984114,87.89685335,84.31207211,81.91908825,80.74625685,76.51405939,71.698655,73.37328496,79.98974569,89.34940539,99.51175573,105.1654865,98.44504058,82.07009724,81.14339092,69.83895031,64.78911979,60.10276723,55.94450449,53.27681329,52.62261741,51.33869926,51.87850155,48.24775676,49.56936621,51.97041978,58.0018264,65.52452571,71.37733547,80.60973177,111.2021683,77.9477136,65.89090844,64.1256795,64.31498335,63.98453045,66.58161349,68.98784648,71.77096277,72.7274372,81.78450729,87.01385504,92.07013221,94.0579731,94.27632227,93.03410269,85.65532296,83.80076411,82.29626172,72.76875227,69.20948629,67.37650342,66.49206852,65.96805009,62.08836271,54.24711869,50.42476702,50.62262517,50.47390037,48.04241244,49.89318222,46.8381325,45.73005708,44.09664667,44.46495858,43.62220262,44.98607191,44.80838556,40.68759511,38.76002606,38.82470401,39.72121177,40.09559545,41.06667969,41.0394478,41.01314654,42.46074562,44.35011855,46.9089066,50.34651027,55.00969621,55.90320544,55.37734031,50.03227188,45.86295927,44.25818971,44.05307178,44.75635464,47.37317692,45.78722509,42.65417119,46.62974429,40.80191632,34.67965807,28.34474747,24.92205344,23.46766247,30.54782111,34.42397216,31.79048728,28.6978646,30.69216713,30.01054987,34.9977405,40.61109619,83.67039521,64.61690467,55.68281107,53.60906161,56.10063999,54.67452186,51.27055861,48.58867847,49.75867471,51.8683606,50.68418815,40.0259371,32.65530016,27.87966973,25.98139523,25.32695021,28.31150828,30.01754461,29.55619248,28.49933788,28.88758747,29.75224031,33.47712558,36.06186563,39.44525955,41.27356382,37.85368117,39.24579023,33.72669732,20.86526485,19.24616034,26.04667545,31.92334116,28.56329766,28.83402414,29.05882646,27.59524297,28.4822613,36.19763102,39.11560049,39.77172983,39.69669295,40.1076329,38.29567819,32.59491975,28.69422173,27.12999378,26.63519628,25.86526545,25.67174545,26.38619374,28.45755527,32.38715289,39.43378823,39.97628448,38.04805202,36.54610598,36.30622303,33.24474555,33.26343408,31.32031958,29.87982312,29.77971909,31.66120559,35.33837221,35.2332322,32.49260712,27.88830646,19.27461278,26.58321373,30.75160415,44.66430754,41.53074882,27.91968886,27.03622419,25.1680491,23.72794636,23.61251324,25.37771915,26.72370595,26.48827569,23.64726592,20.88042716,20.80521834,21.29197724,22.59083985,24.36309254,24.44105864,25.03558717,23.79599275,23.31233538,21.49591688,20.28624038,20.21359827,20.01356628,19.11863066,17.78520903,17.57409928,18.08458844,16.96798863,16.03838259,14.38149528,13.3288151,12.92903993,12.36643138,11.13780058,9.212150006,9.547165782,11.00893025,12.8911395,15.31294573,19.97737125,22.32181834,23.34567196,24.57968292,24.95536579,23.77496994,21.2810675,19.20422416,18.93993651,20.15441821,23.87735188,31.45099708,33.71178153,24.54182058,25.43155312,21.18537519,18.71887285,17.3265743,15.80689545,17.84563009,17.18941057,16.83643637,21.54503186,24.48935859,28.65852028
2025-03-31 00:00:00-10:00,94.18565662,87.86247453,91.69045081,97.02470456,95.51444441,91.64995539,88.14498978,84.47517756,82.05762699,80.8520811,76.69162464,71.82631853,73.52687647,80.17085748,89.50308359,99.64163338,105.3569384,98.63623333,82.25358543,81.34703904,70.0077243,64.95372388,60.23860491,56.09567798,53.38486533,52.79437338,51.47037343,52.03732516,48.24724968,49.61999956,51.98626775,57.98078903,65.60124501,71.51770021,80.77798442,111.5501139,78.29244995,66.09989632,64.28586229,64.51858291,64.16724613,66.68342317,69.12122046,72.02889615,73.02722717,82.15076401,87.39118398,92.43751372,94.43237224,94.63974909,93.32739776,85.69997354,83.84166957,82.4759759,72.82277246,69.1834605,67.33336602,66.45221768,65.9620316,61.99765717,54.08374368,50.28438513,50.46391971,50.36296138,47.9888923,49.92070678,46.84898645,45.69977776,43.96972055,44.38643933,43.5443954,44.97539861,44.7682033,40.67155422,38.84447429,38.96076554,39.99008981,40.38846277,41.3675453,41.39463519,41.43178518,42.94240157,44.77288646,47.35195789,50.7598646,55.34471818,56.16676842,55.68814427,50.28483085,46.04516243,44.53144922,44.32419612,45.01219928,47.66522984,46.03201447,42.83503963,46.76959305,40.89738865,34.73258144,28.37703743,24.94160379,23.49306171,30.57993955,34.48672628,31.81677462,28.72306892,30.72268158,30.0474373,35.07206385,40.7368454,83.84059914,64.84677738,55.96004445,53.93765175,56.4242982,54.99091457,51.55822042,48.88333598,50.0574997,52.11320128,50.9451255,40.31018717,32.90334701,28.09320498,26.19669302,25.47989667,28.50931016,30.26420088,29.80296907,28.73463669,29.10704101,29.96651704,33.69110657,36.28291922,39.69759287,41.50910242,38.01093205,39.30375803,33.75393337,20.84472328,19.25991876,26.11975506,32.01943455,28.65519665,28.9302271,29.15408475,27.66033894,28.4665166,36.14273855,39.04055102,39.68161166,39.58119827,40.01262703,38.25341436,32.58972495,28.74362828,27.18154634,26.67254905,25.89094599,25.69664105,26.40682776,28.49089574,32.43569157,39.4845918,40.01204977,38.11968177,36.63483321,36.45576205,33.35217639,33.37452532,31.44574131,30.04543012,30.00046252,31.95689198,35.64273821,35.48809973,32.73962677,28.06857009,19.36893178,26.66495458,30.84429584,44.76855449,41.66083987,28.06587424,27.16542278,25.2461788,23.77453182,23.63677838,25.38564567,26.78477902,26.57677999,23.71001085,20.96050469,20.84113708,21.23572308,22.59442269,24.43685997,24.5108493,25.12271819,23.84540901,23.33879427,21.56426138,20.40921233,20.35048648,20.12578636,19.22977082,17.91258727,17.72355082,18.2475067,17.09603907,16.12069364,14.45440602,13.42272881,13.02514504,12.46622421,11.24129477,9.308614362,9.694646908,11.17708069,13.07347632,15.49276283,20.17391825,22.48860155,23.49798648,24.75979419,25.12905301,23.93915959,21.44823665,19.36464598,19.07554677,20.2283901,23.9626287,31.57648806,33.8313066,24.70825005,25.7062185,21.42503559,18.93788981,17.4919322,15.93363332,17.922969,17.26177682,16.88382883,21.61593768,24.56910197,28.72303175
2025-04-30 00:00:00-10:00,94.39728511,88.09145734,91.86760395,97.16274914,95.68010922,91.84777521,88.39057925,84.6348929,82.19257797,80.95292187,76.86609169,71.95153948,73.68066566,80.3532533,89.6577387,99.77178704,105.5487816,98.83056449,82.4406028,81.55242559,70.17698056,65.11831416,60.37328038,56.24491713,53.48995833,52.96377659,51.60132815,52.19496849,48.24293001,49.66964318,52.00485341,57.96382733,65.68358067,71.66371922,80.95357571,111.9040441,78.64373253,66.31329665,64.44974175,64.7273186,64.35407104,66.7862703,69.25654564,72.28965762,73.32932398,82.52390363,87.77820701,92.81559498,94.81583628,95.01013229,93.62586748,85.7455747,83.88249015,82.66002209,72.87951993,69.15857731,67.28963932,66.41269273,65.95661612,61.90845158,53.9241236,50.14838335,50.30867663,50.25603902,47.93910251,49.95204665,46.86273823,45.67141886,43.84306176,44.30812868,43.46677921,44.96706397,44.73163184,40.66013514,38.93481159,39.10425009,40.26806715,40.68959705,41.67604134,41.75831586,41.85723916,43.42881699,45.19860596,47.7981644,51.17751842,55.68673479,56.43689335,56.00338006,50.54299386,46.23239219,44.80980186,44.59967509,45.2701125,47.95675253,46.27543305,43.01354235,46.90477636,40.9860126,34.77846884,28.40434188,24.9578186,23.51602054,30.60939288,34.54628306,31.83838497,28.74461397,30.74902088,30.08096853,35.14521565,40.86297421,84.01300812,65.08005977,56.24089869,54.27153669,56.75377266,55.31310952,51.8505215,49.18213776,50.36000333,52.36170142,51.20895601,40.59599576,33.15388403,28.30880116,26.41436543,25.6354828,28.70946372,30.51298998,30.05047405,28.97077936,29.32666023,30.18149373,33.90504609,36.50295086,39.94972114,41.74509346,38.16678628,39.35828573,33.77850402,20.82148894,19.27081224,26.19112284,32.11380261,28.74616227,29.02492087,29.24839594,27.72463069,28.44922869,36.08746929,38.96498587,39.58990947,39.4648105,39.91736633,38.2108395,32.58494066,28.79279722,27.23289864,26.70924409,25.91600199,25.72105686,26.42779238,28.52496846,32.48513752,39.53664014,40.04863301,38.19115556,36.72283421,36.60431664,33.45813635,33.48449523,31.57096218,30.21154899,30.22267548,32.25332145,35.94753616,35.74326648,32.98830549,28.25070827,19.46334134,26.74761912,30.9374961,44.87192671,41.79118763,28.21277429,27.29505668,25.32420896,23.82024606,23.65932298,25.39195309,26.84442759,26.66562302,23.77504846,21.04174208,20.87798724,21.1809441,22.60132784,24.51504329,24.58086962,25.21081883,23.89651677,23.3666714,21.63449978,20.53470449,20.49001518,20.24131268,19.34466594,18.04363644,17.87757062,18.4148955,17.22776672,16.20500435,14.52942324,13.52059323,13.1246075,12.56895484,11.34826037,9.409193247,9.845077771,11.34782862,13.25841695,15.6748164,20.37229396,22.65598695,23.65156377,24.94098081,25.30599247,24.10543694,21.61769206,19.52686106,19.21180487,20.30165867,24.04655405,31.70091603,33.95071766,24.87596404,25.98213071,21.66703696,19.15806068,17.65922914,16.06239244,18.00230511,17.33967887,16.93566851,21.69142896,24.65321587,28.79007062
2025-05-31 00:00:00-10:00,94.61163013,88.32175368,92.04504623,97.2995941,95.84365786,92.04247979,88.63243785,84.78985581,82.32246307,81.04755745,77.03623121,72.07374103,73.83458496,80.53661001,89.81329973,99.90208846,105.7408092,99.02836809,82.63174919,81.75956165,70.34634913,65.28226273,60.50601537,56.3912098,53.5914169,53.1300205,51.73104882,52.35113965,48.23453253,49.71845221,52.02674507,57.95167624,65.77187713,71.81604362,81.13738162,112.2649619,79.0032834,66.53304863,64.61938827,64.94310249,64.54662935,66.89182675,69.39517977,72.5539,73.63449238,82.90467842,88.17549181,93.20518523,95.20888281,95.38772948,93.92952141,85.79350898,83.92498021,82.8494985,72.94057277,69.13646933,67.24689864,66.37439444,65.95225875,61.8211816,53.76900661,50.01730612,50.15720711,50.15299013,47.89288475,49.986484,46.87888642,45.64478638,43.71674881,44.22976717,43.3892473,44.96088779,44.69911933,40.65416574,39.0314483,39.25648551,40.55653485,41.00031719,41.99314535,42.13160573,42.29056067,43.92102286,45.6283975,48.24809481,51.60021551,56.0373757,56.7155626,56.32454182,50.80807091,46.42640506,45.09474569,44.88087737,45.53136569,48.24861382,46.51844932,43.1908248,47.03623112,41.06811683,34.81717565,28.42646711,24.9706012,23.53668015,30.63626643,34.60228367,31.85441911,28.76131207,30.76986993,30.10987891,35.21615224,40.98895468,84.1873465,65.31641507,56.52534128,54.61089965,57.08946126,55.64151094,52.14781262,49.48548536,50.66654685,52.61440499,51.47657847,40.88443022,33.40788237,28.52707562,26.63474645,25.79416275,28.91238178,30.76420875,30.29910036,29.20814182,29.546873,30.39745572,34.1190632,36.72206356,40.20186141,41.98164087,38.32127903,39.4094892,33.8003832,20.7955286,19.27911302,26.26095241,32.20648433,28.83639869,29.11837737,29.34217192,27.78855649,28.43069575,36.03214988,38.88915639,39.49697076,39.34785332,39.82206472,38.16834655,32.58102275,28.8420595,27.28415069,26.74525161,25.94041399,25.74501399,26.44925333,28.56001001,32.53569048,39.59001948,40.08604212,38.26229952,36.80978441,36.75163318,33.56252159,33.59334256,31.69593067,30.37815265,30.44650478,32.55086858,36.25319186,35.99924896,33.23932489,28.43521477,19.55834318,26.83182241,31.03180879,44.97485438,41.92222107,28.36108223,27.42574368,25.40265139,23.86555668,23.68050162,25.3970249,26.90301714,26.75513454,23.84274259,21.12443644,20.91607546,21.12816287,22.61244503,24.59857995,24.65174022,25.3005847,23.94988211,23.3963774,21.7070641,20.66312216,20.63251526,20.36052847,19.46380784,18.17876786,18.03664641,18.58726481,17.36358855,16.29172207,14.60693063,13.62283718,13.22793124,12.67518624,11.45924475,9.514454448,9.998968976,11.52158409,13.44629039,15.85941588,20.57285598,22.82434581,23.80681591,25.1236222,25.48675388,24.27433355,21.78988037,19.69117048,19.34895929,20.37453284,24.1295193,31.82471517,34.07053655,25.04542408,26.25961128,21.91186312,19.37987112,17.82903232,16.19377607,18.08413334,17.42379808,16.99245408,21.77194523,24.7422517,28.86028215
2025-06-30 00:00:00-10:00,94.82946587,88.5542029,92.22337202,97.43555227,96.00478076,92.23323656,88.86933377,84.93883881,82.44590777,81.13484875,77.20079874,72.19219289,73.98840771,80.72047596,89.96955513,100.0322699,105.932724,99.22980981,82.82741629,81.96839381,70.51548825,65.4450906,60.63630011,56.53386214,53.68885629,53.29256178,51.85921385,52.50574372,48.22214086,49.76681058,52.05259173,57.94515935,65.8665886,71.97546115,81.33038053,112.6338564,79.3728064,66.76100643,64.79680077,65.16780175,64.74657696,67.00183281,69.53838347,72.82224694,73.94361403,83.2935888,88.58365324,93.60700671,95.61200643,95.77289835,94.23846522,85.84531316,83.9711123,83.04569391,73.0074641,69.11857896,67.20647536,66.33799832,65.94910488,61.73584517,53.61858294,49.89110785,50.00922055,50.05305739,47.84945588,50.02277426,46.89642077,45.61916874,43.59035396,44.15057737,43.31118415,44.95613627,44.67052238,40.65381252,39.13415281,39.41807704,40.85615366,41.3212515,42.3192144,42.51515599,42.73258622,44.42007996,46.06359067,48.7026651,52.02902862,56.39775718,57.00422381,56.65271023,51.08108938,46.62854423,45.38747073,45.1689753,45.79709878,48.54169229,46.76201277,43.36790243,47.16474882,41.14391228,34.84843703,28.4430796,24.97973458,23.55506544,30.66048721,34.65420915,31.86375791,28.77175816,30.78370255,30.13272825,35.28371001,41.11416491,84.36314341,65.55533948,56.81314824,54.95579119,57.43172694,55.97648092,52.45043062,49.79370645,50.97741082,52.87180561,51.74888999,41.17655953,33.66628152,28.74859436,26.85807892,25.95624903,29.11836646,31.01811315,30.5492279,29.44708122,29.76809757,30.61468073,34.33323582,36.94030848,40.45409696,42.21874472,38.47437217,39.45739733,33.81944727,20.76668153,19.28507538,26.32940341,32.29753391,28.92608691,29.21085421,29.43576843,27.85247288,28.41108082,35.97686526,38.81311301,39.4029018,39.23041559,39.72678049,38.12619057,32.57830962,28.89165156,27.33532134,26.78047176,25.96409202,25.76844895,26.47123639,28.5960895,32.58742312,39.64472786,40.12419594,38.3328897,36.8953438,36.89742079,33.66521885,33.70106007,31.82058306,30.54519424,30.67206435,32.8499731,36.56014746,36.25649305,33.49316009,28.62235864,19.65428144,26.91799864,31.12771399,45.07761847,42.05416245,28.51123415,27.55795048,25.48190671,23.91084065,23.70055766,25.40115725,26.96089856,26.84562888,23.91337074,21.20877679,20.95562696,21.07775017,22.62855937,24.68833826,24.72405026,25.3926573,24.00593226,23.42812991,21.78222082,20.7947279,20.77816234,20.48367787,19.58749262,18.31822691,18.20106138,18.76492832,17.50374032,16.38107349,14.68715487,13.72972821,13.33548339,12.78532432,11.57459754,9.624771456,10.15669207,11.69862927,13.63728008,16.04670305,20.77581315,22.99390771,23.96401943,25.3079818,25.6716712,24.44621002,21.96509642,19.85778714,19.48721445,20.44725762,24.21184717,31.94821595,34.19113975,25.21694573,26.53884685,22.15986125,19.60369934,18.00174671,16.32821012,18.16873772,17.51452185,17.05443083,21.85775562,24.83661123,28.93421345
2025-07-31 00:00:00-10:00,95.05144997,88.78957767,92.40320218,97.57109933,96.16339539,92.41952854,89.1004107,85.08102327,82.56197327,81.21407128,77.35887314,72.30627121,74.14187892,80.90440525,90.1262603,100.1620106,106.1242027,99.4348547,83.0277836,82.17887918,70.68415573,65.60647443,60.76385249,56.6724818,53.78216457,53.45113481,51.98574091,52.65892048,48.20625857,49.8153571,52.08293583,57.94491152,65.96803478,72.14250347,81.53325395,113.0114152,79.75346781,66.99856721,64.98348624,65.40278124,64.95510741,67.11770701,69.68720782,73.09519506,74.2573607,83.69074692,89.0029265,94.02134404,96.02531402,96.16569262,94.5525386,85.90213486,84.02237892,83.24946858,73.08124333,69.10585534,67.16920893,66.30375545,65.94695815,61.65208392,53.47260743,49.76931909,49.86399823,49.95508462,47.80762368,50.05936904,46.91400424,45.59343087,43.4629474,44.06934747,43.23156571,44.95165859,44.6451538,40.65861542,39.24215527,39.58898311,41.16694625,41.65239231,42.65407991,42.90916651,43.18387358,44.92694609,46.50555156,49.16291538,52.46482761,56.76851566,57.30365959,56.98843319,51.3625738,46.83957537,45.68867643,45.46470215,46.06809011,48.83665842,47.00689133,43.54558354,47.29093921,41.21354003,34.87198748,28.45382672,24.98492987,23.57105998,30.68182521,34.70151586,31.86532914,28.7747233,30.78920494,30.14825999,35.34685347,41.23799361,84.53986283,65.79626115,57.10397314,55.30610464,57.78080554,56.31833979,52.75867603,50.10707167,51.29280697,53.134284,52.02654092,41.47321311,33.92983922,28.97381621,27.08450175,26.12194488,29.32765678,31.27493848,30.80117937,29.68788181,29.99068337,30.83335232,34.54755824,37.1576865,40.70630605,42.45618237,38.62583706,39.5018111,33.83534638,20.73455979,19.28876269,26.39653073,32.38696529,29.01528721,29.30250315,29.5293263,27.91650742,28.39039584,35.92141829,38.7366427,39.30755203,39.11233746,39.63136292,38.08439156,32.5769749,28.94171377,27.3863611,26.81475007,25.98686643,25.7912442,26.49365843,28.63313908,32.64029028,39.70066404,40.16293474,38.40264273,36.97915372,37.04128152,33.76613162,33.80763517,31.94485118,30.71261049,30.89942909,33.15093086,36.86861417,36.51524587,33.75000675,28.81216328,19.75138902,27.00640101,31.22546961,45.18031271,42.18705761,28.66338129,27.69189941,25.56224899,23.9563707,23.7196936,25.40460749,27.01840779,26.93741169,23.98720304,21.29482555,20.99671841,21.02988074,22.65017093,24.78494194,24.79825398,25.48749486,24.06492031,23.46195592,21.86005873,20.92962584,20.92693113,20.61080798,19.71579265,18.46203304,18.37085466,18.94796868,17.648228,16.47304231,14.77008112,13.8412934,13.44740763,12.89955158,11.69442459,9.740263247,10.31842312,11.87906973,13.83141057,16.23666295,20.98122717,23.16474516,24.12327959,25.49416136,25.8608751,24.62123233,22.14344278,20.0267417,19.62660773,20.51989466,24.29366045,32.07150565,34.31268026,25.39064286,26.81975171,22.41116368,19.82976251,18.17751321,16.46584675,18.25616911,17.61192859,17.12162288,21.94895229,24.93646544,29.01217077
2025-08-31 00:00:00-10:00,95.27800624,89.02836496,92.58509151,97.70674688,96.31962985,92.60116999,89.32525319,85.21603743,82.67021616,81.28498695,77.50998375,72.41567092,74.29484161,81.08806234,90.28322347,100.2910485,106.314891,99.64327068,83.23275164,82.39076419,70.85203255,65.7660518,60.88841953,56.80681558,53.87131181,53.60558675,52.11055543,52.81063567,48.1876395,49.86489619,52.11835418,57.9515125,66.07645657,72.31725371,81.7462026,113.3979083,80.14577579,67.2465866,65.18052004,65.64900114,65.17309008,67.24068121,69.84261173,73.37323715,74.57632008,84.09602123,89.43309939,94.44799888,96.44848883,96.56579828,94.87134685,85.96467253,84.07967187,83.461132,73.16244633,69.09876306,67.13543894,66.27148783,65.94529279,61.56923178,53.33047899,49.65116047,49.72052599,49.85766716,47.76592098,50.0945315,46.93006473,45.56615042,43.33327077,43.98461301,43.14911745,44.94605694,44.62192602,40.66761856,39.35425948,39.7685664,41.48832856,41.99313656,42.99711897,43.31348809,43.6447626,45.44244173,46.95545373,49.62977614,52.9083165,57.14989189,57.61414333,57.33186578,51.65260755,47.05982674,45.99864654,45.76841244,46.34481344,49.13399022,47.25366375,43.72453761,47.41529569,41.27717816,34.88769374,28.45842619,24.98586991,23.58442742,30.69990324,34.74355221,31.85824813,28.76926905,30.78543501,30.15553985,35.40473514,41.35985449,84.7169326,66.03854789,57.39735484,55.66149771,58.13664122,56.66714437,53.07267798,50.42571483,51.6128397,53.40207627,52.30976691,41.7747678,34.19891632,29.20301408,27.31397206,26.29128819,29.54038576,31.53485551,31.05523222,29.93076967,30.21490008,31.05361392,34.76197962,37.37409606,40.95821462,42.69356203,38.77528497,39.54241791,33.84767449,20.69866631,19.2900127,26.46218466,32.47467487,29.10396768,29.39338717,29.62281135,27.98057887,28.36854383,35.8654256,38.65930541,39.21055335,38.99323898,39.53546402,38.04271544,32.57700431,28.99230082,27.43718864,26.8479376,26.00857518,25.81330307,26.51645223,28.67109387,32.6942403,39.75772615,40.20209452,38.47131394,37.06096276,37.18289804,33.86518772,33.913006,32.06865845,30.88027416,31.12853112,33.45385209,37.17859069,36.77548817,34.00979624,29.00442957,19.84973827,27.0971322,31.3251478,45.2829021,42.32078263,28.81740516,27.82754469,25.64375332,24.00230708,23.73804984,25.40757352,27.07584754,27.03077267,24.06457678,21.38278187,21.03955954,20.98486073,22.67750158,24.88867702,24.87474573,25.58529059,24.12700218,23.49782037,21.9404868,21.06772904,21.07861066,20.74178201,19.8485716,18.6099654,18.5458045,19.13621029,17.79682448,16.56739886,14.85547966,13.95733286,13.56361731,13.01782164,11.81860156,9.860803455,10.48413948,12.06282183,14.02853136,16.42909802,21.18897289,23.33672767,24.28448477,25.68205346,26.05426696,24.79934062,22.32478576,20.19783286,19.76695182,20.59231217,24.37481955,32.19437667,34.4350598,25.56650984,27.10196823,22.66561679,20.05804146,18.35620579,16.60654776,18.34622048,17.71580087,17.19385239,22.04547198,25.04173864,29.09418577
2025-09-30 00:00:00-10:00,95.50915447,89.27062497,92.76927158,97.84279021,96.47361863,92.77822203,89.54384001,85.34392123,82.77065076,81.3478061,77.65410777,72.52037629,74.44712391,81.27115544,90.44021426,100.4190798,106.5043124,99.8545903,83.44193292,82.60362152,71.01882511,65.92355418,61.00982054,56.93671328,53.95630587,53.75583706,52.23348073,52.96065524,48.16686309,49.91588976,52.15907009,57.96516254,66.19178063,72.49938726,81.96896167,113.7931708,80.54975041,67.5054672,65.3885645,65.9070466,65.40104414,67.37164806,70.00529687,73.6566556,74.90069394,84.50893172,89.87349027,94.88626389,96.88073123,96.97243465,95.19414141,86.03313597,84.14332131,83.68050073,73.25109924,69.09729436,67.10509899,66.24082023,65.94346438,61.48659195,53.19158174,49.53593182,49.57793184,49.75964473,47.72314169,50.12686535,46.94338056,45.53621402,43.20031852,43.89522616,43.06278324,44.93811156,44.59971894,40.67969453,39.46913781,39.95575122,41.81926365,42.34245162,43.34733898,43.72761169,44.11525445,45.96704954,47.41399505,50.10381507,53.35970269,57.54156178,57.93528708,57.6825781,51.95076047,47.28916876,46.31715227,46.07996637,46.62730994,49.43389223,47.50272609,43.90531639,47.53827335,41.33511793,34.89562795,28.45676381,24.98235693,23.59497968,30.71438637,34.77973811,31.8418909,28.75479859,30.77183369,30.15399367,35.45676071,41.47922464,84.89374921,66.28151411,57.69270574,56.02139618,58.49886114,57.02267715,53.39229891,50.74958172,51.93742751,53.67514638,52.59847167,42.08119627,34.47349024,29.43617689,27.54623207,26.46414437,29.7565454,31.79789335,31.31153008,30.17584138,30.44085416,31.27550026,34.97638406,37.58931296,41.20938363,42.93037359,38.92228937,39.57883095,33.85584593,20.65849771,19.28858385,26.52603641,32.56036783,29.1918795,29.48336013,29.71596979,28.04439399,28.34524494,35.8083201,38.58045596,39.1113337,38.87253695,39.43856283,38.00075055,32.57821905,29.04333142,27.48762034,26.87983847,26.02899796,25.83447749,26.53946137,28.7097643,32.74908772,39.81568564,40.24144818,38.53865379,37.1405489,37.32198129,33.96225823,34.01702438,32.19185733,31.04797521,31.3592006,33.75865642,37.48984873,37.03694233,34.27220631,29.19874035,19.94918745,27.1901494,31.42666797,45.38522377,42.4550444,28.97296819,27.96459903,25.72626895,24.04858565,23.75557672,25.41006305,27.13332109,27.12579994,24.14559731,21.47278658,21.08429658,20.9429372,22.7105905,24.99949777,24.9536575,25.68596556,24.19212662,23.53564413,22.02331219,21.20877027,21.23285768,20.87631668,19.98552403,18.76163595,18.72547741,19.32924371,17.94914341,16.66384207,14.94304185,14.07749544,13.68381115,13.1398666,11.94680341,9.986040614,10.65362077,12.24961898,14.22832614,16.62364054,21.39875088,23.50956036,24.44736358,25.8713809,26.25156353,24.98028315,22.50880044,20.37068183,19.90788217,20.66415667,24.454956,32.31633877,34.55790014,25.74429727,27.38496437,22.9228275,20.28830897,18.53748949,16.74993543,18.43845824,17.82566229,17.27076117,22.1470731,25.15215589,29.18006939
2025-10-31 00:00:00-10:00,95.74463043,89.51614798,92.95570556,97.97928161,96.62539367,92.95082054,89.7563554,85.46495143,82.86357168,81.40301934,77.7915539,72.62064188,74.59866986,81.45342247,90.59694244,100.5457888,106.6919996,100.0682808,83.65485428,82.81702844,71.18432571,66.07878576,61.12793021,57.06207689,54.03710666,53.90176274,52.35421019,53.108567,48.14415293,49.96844051,52.20496436,57.98575092,66.31370879,72.68840814,82.20098009,114.1967758,80.965138,67.77530071,65.60791863,66.17712697,65.63915616,67.51114096,70.17567672,73.94556032,75.23046827,84.92887632,90.32323982,95.33518738,97.32102345,97.38464642,95.52007487,86.10740649,84.21331029,83.90715268,73.34694758,69.1012016,67.07796398,66.2113559,65.94094184,61.40362634,53.05544197,49.42313233,49.43563724,49.66027026,47.67852851,50.15551429,46.95321581,45.5029793,43.06351923,43.80053932,42.97193632,44.92701266,44.57762614,40.69377412,39.58554019,40.14936023,42.15860992,42.69922066,43.70369912,44.15080987,44.59502293,46.50079148,47.88138283,50.58510395,53.81863689,57.94269363,58.26618813,58.03971107,52.25620437,47.52705596,46.643612,46.39887238,46.91531019,49.73637483,47.75431096,44.0883373,47.66030254,41.38778344,34.89609143,28.4489321,24.97435291,23.60265816,30.72512986,34.80976574,31.8160291,28.73112876,30.74826622,30.14344225,35.5026452,41.59574914,85.0698291,66.52454131,57.98937536,56.38507349,58.86685953,57.38452573,53.71726613,51.07850107,52.26639437,53.95334492,52.89246332,42.39239798,34.75344971,29.67315533,27.78091572,26.64026527,29.97602215,32.06396373,31.57010427,30.42309638,30.6685873,31.49897723,35.19066271,37.80313955,41.45942221,43.16616802,39.0664629,39.61072278,33.85938788,20.61362365,19.28417126,26.58779315,32.64381173,29.27873633,29.5721878,29.80847965,28.10761671,28.32017594,35.74959816,38.49955696,39.0094528,38.74978738,39.3402615,37.95816532,32.58042473,29.0946998,27.53748652,26.91031237,26.04798533,25.85466347,26.56252603,28.74891949,32.80459453,39.87428935,40.28080722,38.60449681,37.21776439,37.45831505,34.05722261,34.1195467,32.31430618,31.21551849,31.59125473,34.06520481,37.80206992,37.29921495,34.5368015,29.3946092,20.04945919,27.28528996,31.5298292,45.48705219,42.58949318,29.12966236,28.10266913,25.80952885,24.09501677,23.7721031,25.41192376,27.19073448,27.22238161,24.23013568,21.56482325,21.13087466,20.90408916,22.74922005,25.11709823,25.03489976,25.78929213,24.26007349,23.57522337,22.1082594,21.35240739,21.38931868,21.0140956,20.12630875,18.91664219,18.90938312,19.52657635,18.1047087,16.76196087,15.03232841,14.20128519,13.80752961,13.26524897,12.07854306,10.11546494,10.82649872,12.43909327,14.4303957,16.81985588,21.61016101,23.68288161,24.6115564,26.06177228,26.4523537,25.1636823,22.69503371,20.54478247,20.04893252,20.73496619,24.53361515,32.43686037,34.68073674,25.9235846,27.66816007,23.18236241,20.52026245,18.72094558,16.89553266,18.53237639,17.94091691,17.35189765,22.25340881,25.26736402,29.26955098
