,id,site_id,scoord,geometry,baseline_std,baseline_average,transect,tmin_month,tmax_month,tmin_median,tmax_median,t_maxmin_difference,t_test_results,monthly_medians,min_max_diff_standardized,cluster_label,mean_max_month,cluster_label_ranked,mean_max_month_shifted_for_ARCGIS
0,oahu0012_0001,usa_HI_Oahu0012,0,"LINESTRING (597147.9870145721 2394917.137388604, 596972.6157188364 2395182.489660069)",13.430931274915494,93.46243165755361,oahu0012_0001,1,8,-13.393798475519347,15.276550900014136,28.670349375533483,1,"[-1.35337101 -0.98195882 -0.55575478 -0.81637844 -0.16920389  0.23426034
  1.42223232  1.78058526  1.38866733  0.37119481 -0.57549885 -0.74477426]",-4.824094543840764,5,8.4,9,11.4
1,oahu0012_0002,usa_HI_Oahu0012,0,"LINESTRING (597173.7277230273 2394938.7248771926, 596984.0350496088 2395189.150572818)",14.773556066917036,87.58621007107024,oahu0012_0002,2,8,-16.791874319892116,18.51125070099576,35.303125020887876,1,"[-1.14162534 -1.50635862 -1.05965792 -0.74819699 -0.30562599  0.34409185
  1.18639137  1.50675424  1.4217958   0.83028949 -0.21362264 -0.31423525]",-3.5389641338459996,5,8.4,9,11.4
2,oahu0012_0003,usa_HI_Oahu0012,0,"LINESTRING (597202.3490082823 2394956.2762401206, 596993.6552073162 2395199.115553135)",15.1293937464969,93.988762416871,oahu0012_0003,2,9,-14.479334530344019,17.376678573564732,31.85601310390875,1,"[-0.7999082  -1.44529751 -1.11293513 -0.90061514 -0.30951957  0.06331908
  0.82711997  1.49263522  1.59932663  1.20655147 -0.35156205 -0.26911477]",-4.1067573727036235,5,8.4,9,11.4
3,oahu0012_0004,usa_HI_Oahu0012,0,"LINESTRING (597229.0906012848 2394974.488744103, 597003.1640299559 2395212.3010251843)",14.676278655363488,98.33085754234948,oahu0012_0004,2,9,-14.303948925816556,15.35266967316744,29.656618598983997,1,"[-0.62256662 -1.43545335 -1.10056219 -0.88411215 -0.59454276 -0.2400428
  0.87127017  1.45742773  1.56725857  1.31553395 -0.06244678 -0.27176377]",-4.679267855020474,5,8.4,9,11.4
4,oahu0012_0005,usa_HI_Oahu0012,0,"LINESTRING (597248.0199296386 2394998.6958082337, 597014.3061373702 2395227.933107997)",13.314852213555755,95.16240727531381,oahu0012_0005,2,9,-13.15833967517085,13.328585597068596,26.486925272239446,1,"[-0.48966708 -1.5660603  -1.10789955 -0.84867903 -0.73485895 -0.2326787
  0.64013551  1.39632579  1.49234612  1.43693096  0.24617658 -0.23207136]",-5.157810308488167,0,9.85,10,12.85
5,oahu0012_0006,usa_HI_Oahu0012,0,"LINESTRING (597264.4902853983 2395023.0005468894, 597027.3828276461 2395244.831886331)",13.02440395538826,89.79318692383198,oahu0012_0006,2,10,-12.576462930758971,12.96119699136618,25.53765992212515,1,"[-0.39941595 -1.69065248 -0.81564383 -0.97575116 -0.7730156  -0.39963805
  0.50642181  1.06926013  1.45512302  1.73272865  0.29662085 -0.00603738]",-4.93347159853131,0,9.85,10,12.85
6,oahu0012_0007,usa_HI_Oahu0012,0,"LINESTRING (597280.7504863286 2395046.0768213575, 597041.7888001091 2395262.545902509)",12.965761723771182,84.99801835912403,oahu0012_0007,2,10,-9.533893346184982,13.660962731474811,23.194856077659793,1,"[-0.42229824 -1.3554253  -1.02732554 -0.86851598 -0.97701004 -0.47923038
  0.25750362  0.70647855  1.38697635  1.98491371  0.74795626  0.04597699]",-4.766643379552124,0,9.85,10,12.85
7,oahu0012_0008,usa_HI_Oahu0012,0,"LINESTRING (597296.7304220023 2395068.652374433, 597057.1068603634 2395280.5549731683)",12.599463086678675,81.57766775081522,oahu0012_0008,2,10,-7.4098199296103715,12.837922902059177,20.247742831669548,1,"[-0.217342   -1.25129767 -0.81441798 -0.79345105 -1.23908763 -0.68446709
  0.04700986  0.39047601  1.45490043  1.97757542  0.93217199  0.19792972]",-4.867661780285652,0,9.85,10,12.85
8,oahu0012_0009,usa_HI_Oahu0012,0,"LINESTRING (597312.5617688783 2395091.0257104672, 597072.7554100557 2395298.716491684)",12.768657462440878,79.87565766724029,oahu0012_0009,5,10,-7.853864000766741,12.604286904244915,20.458150905011657,1,"[ 0.21536882 -1.07276482 -0.77110499 -0.79942883 -1.22287651 -1.13279823
 -0.07126268  0.30551842  1.28485488  1.93197191  1.12498145  0.20754057]",-4.6533871659574055,0,9.85,10,12.85
9,oahu0012_0010,usa_HI_Oahu0012,0,"LINESTRING (597328.7524955532 2395113.027811447, 597088.5066027701 2395316.848667997)",12.597727722209514,78.96096719897162,oahu0012_0010,6,10,-7.2862101376370845,12.225842956671386,19.51205309430847,1,"[ 0.3439695  -0.87858692 -0.91865406 -0.87508633 -1.04380608 -1.16677389
 -0.15143784  0.2015767   1.22267287  2.07718604  1.07881989  0.1101201 ]",-4.719018811611242,0,9.85,10,12.85
10,oahu0012_0011,usa_HI_Oahu0012,0,"LINESTRING (597341.5092680291 2395137.995690718, 597104.1390560975 2395334.8059804994)",12.572990005767732,73.40804444267323,oahu0012_0011,6,10,-6.702425095552506,13.15782907771996,19.860254173272466,1,"[ 0.41043288 -0.74835443 -0.98425936 -0.9507007  -0.80940609 -1.04556706
 -0.45327436 -0.08788527  1.37247429  2.13008263  0.99318776  0.17326971]",-4.25895433344306,0,9.85,10,12.85
11,oahu0012_0012,usa_HI_Oahu0012,0,"LINESTRING (597353.3938293603 2395163.5967283295, 597119.2113647517 2395352.8537943168)",11.29479545742284,68.89237711869616,oahu0012_0012,4,10,-7.551576083501949,11.471687892882237,19.023263976384186,1,"[ 0.31170539 -1.22537371 -0.71873392 -1.30503293 -0.62784782 -0.3627516
 -0.57598981  0.24438481  1.33813652  2.29628873  0.36428912  0.26092524]",-4.415229415202773,0,9.85,10,12.85
12,oahu0012_0013,usa_HI_Oahu0012,0,"LINESTRING (597368.4550416898 2395186.327443596, 597133.5270950142 2395371.613184131)",10.297049932184526,70.57576251497194,oahu0012_0013,2,10,-5.772631052786149,9.231322971609245,15.003954024395394,1,"[ 0.20330234 -1.44497015 -0.90143871 -0.73446149 -0.76471287 -0.13884179
  0.50356562  0.60064995  0.83792369  2.46233014  0.10113172 -0.72447845]",-5.396866952823151,0,9.85,10,12.85
13,oahu0012_0014,usa_HI_Oahu0012,0,"LINESTRING (597386.1777859563 2395206.457348563, 597147.4489449458 2395391.64579883)",9.192907767952317,76.50269143849157,oahu0012_0014,2,9,-3.880950573461746,5.651323000063847,9.532273573525593,1,"[-0.10767362 -1.24770056 -1.24492626 -0.88746904 -0.06309245 -0.51192984
  0.27681441  0.81373246  1.85257777  1.8421569  -0.39856313 -0.32392664]",-7.2850092218300775,0,9.85,10,12.85
14,oahu0012_0015,usa_HI_Oahu0012,0,"LINESTRING (597405.9585169753 2395224.2240104694, 597161.7221846755 2395413.0210992754)",8.669392521132306,85.11861132491292,oahu0012_0015,12,9,-5.78519975073543,3.8223619857897546,9.607561736525184,1,"[-0.16923144 -1.31043823 -1.11601635 -0.45006817  0.24272832 -0.13113487
  1.12533032  1.30617317  1.44144516  1.06781496 -0.49033555 -1.51626732]",-8.7100739070614,5,8.4,9,11.4
15,oahu0012_0016,usa_HI_Oahu0012,0,"LINESTRING (597425.9073333654 2395240.866712056, 597176.9805101991 2395435.356321485)",9.611501067101072,94.2188123307381,oahu0012_0016,12,7,-7.7608393219141405,4.8657660019762545,12.626605323890395,1,"[-0.78146431 -1.0434624  -0.86811367 -0.65155429  0.03710323  0.17381972
  1.34597922  1.16303091  1.21654699  1.15461315  0.0178786  -1.76437715]",-8.48901814994614,5,8.4,9,11.4
16,oahu0012_0017,usa_HI_Oahu0012,0,"LINESTRING (597442.4986559721 2395259.2162722303, 597193.4904937695 2395458.1369873923)",10.53440728404187,98.8753678253456,oahu0012_0017,12,10,-7.327759224729135,5.915144149769354,13.24290337449849,1,"[-1.29143294 -0.74705187 -1.34643024 -0.10036281 -0.1210012   0.34960635
  1.23881832  1.06937745  0.88436078  1.45281253  0.10535973 -1.4940561 ]",-8.128835552102503,5,8.4,9,11.4
17,oahu0012_0018,usa_HI_Oahu0012,0,"LINESTRING (597452.8052732501 2395282.08894893, 597211.0501616622 2395481.172527251)",11.298769173668788,93.80435790085316,oahu0012_0018,3,10,-8.203788371231425,7.5412990900969135,15.745087461328339,1,"[-1.02326841 -1.09128369 -1.63047585  0.08075515  0.23099004  0.531566
  0.83416964  0.7992231   1.04390263  1.5305815   0.10226552 -1.40842562]",-6.908652547875571,5,8.4,9,11.4
18,oahu0012_0019,usa_HI_Oahu0012,0,"LINESTRING (597457.585478129 2395309.4693093793, 597229.4971026013 2395504.3403478577)",11.142525676487612,79.4203759657365,oahu0012_0019,3,10,-8.21956457300206,7.6317597965598765,15.851324369561937,1,"[-1.15284027 -1.20056066 -1.53761725 -0.41246851  0.21196483  0.41303668
  1.43914032  0.58478719  0.74165149  1.5429934   0.3695024  -0.99958963]",-5.705084595884282,5,8.4,9,11.4
19,oahu0012_0020,usa_HI_Oahu0012,0,"LINESTRING (597474.595076203 2395326.264233613, 597248.8977847699 2395527.2626625993)",9.815751547139607,77.61244057740949,oahu0012_0020,3,10,-7.984740234896449,8.113640405462014,16.098380640358464,1,"[-0.33790249 -1.0350898  -1.7485794  -0.85531737  0.27226337  0.36099067
  0.59049167  0.07197611  0.87141709  1.91651471  0.95382053 -1.06058509]",-6.266872143374161,0,9.85,10,12.85
20,oahu0012_0021,usa_HI_Oahu0012,0,"LINESTRING (597485.0718710945 2395348.909971576, 597269.2203709632 2395549.624052306)",9.193131341707122,66.1111638662764,oahu0012_0021,3,10,-6.3419578762560285,8.182174630940203,14.524132507196232,1,"[ 0.60543112 -0.81598925 -1.72108203 -0.6018593  -0.40266346 -0.07779514
  0.28971434 -0.01435845  0.48937289  2.21819006  1.07159527 -1.04055604]",-5.611475507267222,0,9.85,10,12.85
21,oahu0012_0022,usa_HI_Oahu0012,0,"LINESTRING (597498.7591562165 2395369.064045768, 597290.2138095762 2395571.271266456)",8.694505369113191,60.48348822037538,oahu0012_0022,3,10,-4.823522525335282,7.754873094848481,12.578395620183763,1,"[ 1.20081459e+00 -8.78288645e-01 -1.35823213e+00 -5.51646706e-01
 -9.93272540e-01 -1.72571730e-01  2.98663642e-02 -8.15655512e-04
  3.80808367e-01  1.99016500e+00  1.28386776e+00 -9.30694677e-01]",-5.509812297128729,0,9.85,10,12.85
22,oahu0012_0023,usa_HI_Oahu0012,0,"LINESTRING (597512.963518223 2395389.1289972556, 597311.5115538375 2395592.1316757533)",9.254671688243572,56.434354215333364,oahu0012_0023,5,1,-4.081145507718823,7.670947308051275,11.752092815770098,1,"[ 1.91893532 -0.5602696  -0.76553508  0.11384113 -1.20945418 -0.52963775
 -0.72109697 -0.01114256  0.10915323  1.71544292  1.01508697 -1.07532344]",-4.828076338604664,7,1.0,1,4.0
23,oahu0012_0024,usa_HI_Oahu0012,0,"LINESTRING (597527.4398139924 2395409.3957135323, 597332.9631534504 2395612.105253134)",9.694925744548028,51.753437301875174,oahu0012_0024,5,1,-5.375526262280978,6.557463300167981,11.93298956244896,1,"[ 1.88434725 -0.08723855  0.09582069  0.02898454 -1.69272707 -1.14838649
 -0.72639162  0.15990654  0.23852279  1.44819113  0.77124075 -0.97226996]",-4.10734943089372,7,1.0,1,4.0
24,oahu0012_0025,usa_HI_Oahu0012,0,"LINESTRING (597544.2354013397 2395427.828651776, 597354.4201680253 2395631.158652059)",9.526752841855798,50.5685054566954,oahu0012_0025,5,1,-4.703050405266783,4.616879856271424,9.319930261538207,1,"[ 1.49668686  0.17725414  0.72039709  0.0965452  -1.68366161 -1.28138276
 -0.82693006  0.0269457   0.42103952  1.03153161  1.09014489 -1.26857056]",-4.329762289405844,7,1.0,1,4.0
25,oahu0012_0026,usa_HI_Oahu0012,0,"LINESTRING (597560.9820011564 2395446.8677984625, 597375.5766302401 2395649.4692488885)",9.905361526948155,49.4625659827834,oahu0012_0026,12,1,-4.953008561213448,5.507644663545165,10.460653224758612,1,"[ 2.00724428 -0.09211882  0.48973689  0.411269   -1.56882245 -0.65847025
 -0.9617733   0.27500227  0.60470302  0.75649871  0.34872195 -1.61199131]",-3.9374547462924645,7,1.0,1,4.0
26,oahu0012_0027,usa_HI_Oahu0012,0,"LINESTRING (597578.7234354332 2395465.2895744997, 597396.296649655 2395667.2017511376)",9.752522096368459,49.57761703231327,oahu0012_0027,5,1,-4.112442360379362,9.196719928564754,13.309162288944115,1,"[ 2.67225919  0.27133282 -0.84610736  0.27224526 -1.21216222 -0.37373592
 -0.91314245  0.58355289  0.51941966  0.26070174 -0.38008861 -0.85427499]",-3.7188795252127056,7,1.0,1,4.0
27,oahu0012_0028,usa_HI_Oahu0012,0,"LINESTRING (597597.4257185976 2395483.0602129553, 597416.632670807 2395684.3087953925)",10.34308745027064,49.343841171719646,oahu0012_0028,12,8,-6.9200746372492965,6.4660976111961865,13.386172248445483,1,"[ 1.3865007  -0.02382453 -0.19409648 -0.25394989 -0.71902562 -0.11900134
 -0.71417531  1.84706369  1.00835015  0.54804318 -0.9471359  -1.81874865]",-3.476492787686262,6,8.0,8,11.0
28,oahu0012_0029,usa_HI_Oahu0012,0,"LINESTRING (597616.4514581576 2395500.8848186373, 597436.4641481966 2395700.8526903926)",10.888795655819798,49.024717635777215,oahu0012_0029,12,8,-6.062064501291644,8.261845679282533,14.323910180574178,1,"[ 1.12803752 -0.21861783 -0.35252572 -0.11935345 -1.01331249 -0.30705465
 -0.54166136  1.97746429  1.35548064  0.50878993 -0.89347669 -1.5237702 ]",-3.1868361343209055,6,8.0,8,11.0
29,oahu0012_0030,usa_HI_Oahu0012,0,"LINESTRING (597636.0802840951 2395518.378781257, 597455.5623254587 2395717.207519214)",11.198483394892346,49.13217937868531,oahu0012_0030,5,8,-5.633168485925456,10.652464439934803,16.28563292586026,1,"[ 0.55417671  0.15727516 -0.20558723 -0.53504763 -1.54689502 -0.55361622
 -0.03053297  2.39413439  1.21581463  0.14957463 -0.54669431 -1.05260214]",-2.9331245396860113,6,8.0,8,11.0
30,oahu0012_0031,usa_HI_Oahu0012,0,"LINESTRING (597656.0805339571 2395535.65330917, 597473.9584924021 2395733.8209622004)",11.144434392356237,54.11046592692823,oahu0012_0031,5,8,-4.466577247289443,12.987049201330407,17.45362644861985,1,"[ 0.03802404 -0.79254285 -0.08475506 -0.86468092 -1.04843807 -0.28745574
  0.4943533   2.59569127  1.22109954  0.09743568 -0.76931162 -0.59941955]",-3.289250776463867,6,8.0,8,11.0
31,oahu0012_0032,usa_HI_Oahu0012,0,"LINESTRING (597677.3159911206 2395551.613461462, 597491.9808515876 2395750.9342919975)",11.154435660883149,59.54582399568019,oahu0012_0032,12,8,-7.421559047225969,11.857306066753623,19.27886511397959,1,"[ 0.06489172 -0.56336756  0.25396533 -0.70921885 -0.54941429  0.17531721
  0.6511602   2.38049156  0.99041248 -0.02243456 -1.07428353 -1.59751969]",-3.6099503467405785,6,8.0,8,11.0
32,oahu0012_0033,usa_HI_Oahu0012,0,"LINESTRING (597700.3253644503 2395565.58407992, 597510.021343073 2395768.50230226)",9.945613747397275,64.74016553794188,oahu0012_0033,12,8,-9.489977046514682,7.795772024338177,17.28574907085286,1,"[ 0.03094413  0.60217166 -0.56123755 -0.86398969 -0.46468932  0.74130986
  1.08321658  1.63005441  1.08352526 -0.26677231 -1.19892023 -1.81561279]",-4.771391456812571,6,8.0,8,11.0
33,oahu0012_0034,usa_HI_Oahu0012,0,"LINESTRING (597723.396373689 2395579.344094386, 597528.321809445 2395786.3093694523)",10.682612046907048,69.1709645843448,oahu0012_0034,12,8,-8.84953960253069,7.9091137075331375,16.758653310063828,1,"[-0.37289833 -0.55455435 -0.6312171  -0.653049   -0.45333746  0.94062307
  1.40544656  1.47719924  1.29775604  0.24671262 -1.14695965 -1.55572163]",-4.906319825538922,3,7.79,7,10.79
34,oahu0012_0035,usa_HI_Oahu0012,0,"LINESTRING (597749.9672011903 2395589.3215547055, 597546.9637634171 2395803.9884657906)",11.827871733805685,77.71278777846427,oahu0012_0035,12,8,-10.53545561149464,10.215125550417305,20.750581161911946,1,"[-0.56898342 -1.04153485 -1.26084645 -0.32590583 -0.20677948  1.1843928
  1.27061324  1.41728529  1.15737542  0.40364626 -0.65034268 -1.37892031]",-4.815930363342249,5,8.4,9,11.4
35,oahu0012_0036,usa_HI_Oahu0012,0,"LINESTRING (597790.7968759133 2395584.506270833, 597565.8091301438 2395821.160938661)",14.08655556627843,105.32127080240161,oahu0012_0036,12,9,-15.278126221614436,11.277228248472959,26.555354470087394,1,"[-0.94074347 -0.87532991 -1.43092177 -0.45684541  0.01081657  1.09218158
  1.09140594  1.10778579  1.18037563  0.93784829 -0.25204301 -1.46453024]",-5.591566793011532,5,8.4,9,11.4
36,oahu0012_0037,usa_HI_Oahu0012,0,"LINESTRING (597789.3381586355 2395624.578411207, 597584.4583047304 2395837.709584889)",14.597602823898585,72.798400888913,oahu0012_0037,12,8,-15.71657259971051,10.916393901234429,26.63296650094494,1,"[-1.22814129 -1.07581017 -1.20755058 -0.59682236  0.16694938  0.9417313
  1.03852934  1.13068667  1.10974268  1.11694798 -0.0679236  -1.32833935]",-3.1625353110983356,5,8.4,9,11.4
37,oahu0012_0038,usa_HI_Oahu0012,0,"LINESTRING (597801.8883887681 2395650.1609958936, 597602.4770756373 2395853.8175875004)",14.83908461156468,62.31749581814597,oahu0012_0038,3,9,-15.604006626531685,14.150696893202937,29.754703519734623,1,"[-0.9630352  -1.31683311 -1.37159468 -0.60009969  0.31026345  0.80983717
  0.80596875  1.1013136   1.36919629  1.15216902 -0.18008022 -1.11710537]",-2.1943935997934734,5,8.4,9,11.4
38,oahu0012_0039,usa_HI_Oahu0012,0,"LINESTRING (597821.9319253915 2395668.4922838747, 597619.7105883801 2395869.708692677)",14.505457008970787,60.82561543661594,oahu0012_0039,2,9,-15.430264432955834,15.028997225938078,30.45926165889391,1,"[-1.03589882 -1.32553307 -1.31010024 -0.38712424  0.41770738  0.57995426
  0.62476531  1.18864163  1.4262757   1.22107827 -0.20761605 -1.19215012]",-2.0934434371107504,5,8.4,9,11.4
39,oahu0012_0040,usa_HI_Oahu0012,0,"LINESTRING (597842.3189885402 2395686.9946320243, 597636.259928811 2395885.382550813)",14.620416848147451,60.977387345055085,oahu0012_0040,12,9,-15.412035657057224,14.144086798454076,29.5561224555113,1,"[-1.02652257 -1.2479937  -1.19834584 -0.3788421   0.38311574  0.55274774
  0.71784371  1.3811323   1.41043781  1.0636673  -0.35950959 -1.29773079]",-2.1491360483011923,5,8.4,9,11.4
40,oahu0012_0041,usa_HI_Oahu0012,0,"LINESTRING (597861.9109399151 2395706.697826419, 597652.0333378019 2395900.8774469267)",14.56214659034634,61.61170470458619,oahu0012_0041,3,9,-15.18206594931793,13.879018382306711,29.06108433162464,1,"[-1.12032172 -1.20000241 -1.32557728 -0.49125823  0.41961471  0.59129307
  0.83507338  1.37304153  1.43189652  0.95022976 -0.43772232 -1.02626702]",-2.2352899808425413,5,8.4,9,11.4
41,oahu0012_0042,usa_HI_Oahu0012,0,"LINESTRING (597883.4491862968 2395724.981332127, 597666.8529839482 2395916.4891618737)",14.237879359278285,63.731888334649966,oahu0012_0042,3,9,-15.379893457894028,13.632605644925789,29.012499102819817,1,"[-1.08002677 -1.15526028 -1.33509988 -0.68601578  0.49952583  0.6962426
  0.85817277  1.28765     1.40643047  0.91495014 -0.30792085 -1.09864826]",-2.4385225043506806,5,8.4,9,11.4
42,oahu0012_0043,usa_HI_Oahu0012,0,"LINESTRING (597902.987212162 2395745.4896184425, 597680.9841295518 2395932.409387987)",14.176955452398017,64.22490064043102,oahu0012_0043,3,9,-14.130535080620621,14.50126412679947,28.63179920742009,1,"[-1.21773204 -1.14555556 -1.27437086 -0.77807477  0.48971119  0.66779787
  0.84057352  1.30747722  1.46635922  0.86949928 -0.28406614 -0.94161892]",-2.5106308299071642,5,8.4,9,11.4
43,oahu0012_0044,usa_HI_Oahu0012,0,"LINESTRING (597921.4896106778 2395767.0880040075, 597694.4807275976 2395948.7702389434)",14.308118815397773,64.40777633679741,oahu0012_0044,3,8,-16.461469827992147,14.485846986644361,30.94731681463651,1,"[-1.13557302 -1.04267836 -1.3606988  -0.93429655  0.56074458  0.67136491
  0.90270474  1.42596675  1.39843934  0.67375116 -0.26095159 -0.89877316]",-2.338564555820729,5,8.4,9,11.4
44,oahu0012_0045,usa_HI_Oahu0012,0,"LINESTRING (597939.0808903109 2395789.027037203, 597706.9715912862 2395966.0361631215)",14.80312359515666,64.94842302360085,oahu0012_0045,2,8,-17.260839635807194,14.009126693276869,31.269966329084063,1,"[-0.99282652 -1.30210261 -1.11801929 -0.81904456  0.57505445  0.73452381
  0.99111959  1.3365561   1.3358379   0.6848128  -0.21845275 -1.20745891]",-2.275091231794878,5,8.4,9,11.4
45,oahu0012_0046,usa_HI_Oahu0012,0,"LINESTRING (597959.9189808293 2395807.6505545457, 597718.3905371303 2395985.5415232386)",14.94567158788913,73.49297228821436,oahu0012_0046,12,8,-17.329765204788515,14.9293786850767,32.259143889865214,1,"[-0.57248306 -1.20213889 -1.06479718 -0.97927835  0.63401499  0.84066399
  1.10213546  1.41132304  1.09431546  0.57989682 -0.38063006 -1.4630222 ]",-2.75891438908386,5,8.4,9,11.4
46,oahu0012_0047,usa_HI_Oahu0012,0,"LINESTRING (597977.3378539997 2395827.3047895445, 597729.8849572019 2396008.326437239)",15.472302993575884,79.45566660601664,oahu0012_0047,2,7,-17.357799079318454,16.575512148913646,33.9333112282321,1,"[-0.48077174 -1.31784891 -1.30612519 -0.72634614  0.54808673  0.90343105
  1.46349832  1.24172113  0.93074141  0.55009794 -0.58881822 -1.21766638]",-2.942183551904682,5,8.4,9,11.4
47,oahu0012_0048,usa_HI_Oahu0012,0,"LINESTRING (597993.4683596982 2395845.510602625, 597743.4761296904 2396033.5711698486)",16.059821487623392,84.54902080499495,oahu0012_0048,3,7,-18.148796393939143,17.060779998221115,35.20957639216026,1,"[-0.71098485 -0.82998858 -1.34790286 -0.82081898  0.36445924  0.91972804
  1.49390426  1.44791301  0.97780543  0.42697691 -0.85011003 -1.07098158]",-3.0722286951233215,5,8.4,9,11.4
48,oahu0012_0049,usa_HI_Oahu0012,0,"LINESTRING (598008.1118222881 2395862.669760316, 597760.4073748436 2396059.509411467)",16.041193802988683,87.66832063617495,oahu0012_0049,3,7,-18.11742289465255,16.680720158341074,34.79814305299362,1,"[-0.57918307 -0.93272269 -1.35008776 -1.02351603  0.48903109  0.92397468
  1.49692781  1.34432864  0.8235529   0.63612724 -0.79405025 -1.03438257]",-3.2959004318825027,5,8.4,9,11.4
49,oahu0012_0050,usa_HI_Oahu0012,0,"LINESTRING (598021.6716106939 2395879.9002119773, 597780.2926416483 2396085.223393649)",15.511210157090645,86.73564479123328,oahu0012_0050,3,7,-17.491245178897714,15.222654376232072,32.713899555129785,1,"[-0.67210034 -0.51779379 -1.5001361  -0.88552494  0.61082768  0.78324894
  1.43998586  1.29850216  0.77158393  0.69702588 -0.58467534 -1.44094392]",-3.482755032585805,5,8.4,9,11.4
50,oahu0012_0051,usa_HI_Oahu0012,0,"LINESTRING (598034.0540190556 2395898.279337033, 597802.0929812678 2396110.402770473)",14.962503771116317,85.19426797658917,oahu0012_0051,3,7,-22.15631526353497,14.138811437913219,36.29512670144819,1,"[-0.56242574  0.8443988  -1.99348759 -0.61553691  0.44053448  0.70307261
  1.3766268   1.13449301  0.42889051  0.40342894 -0.895958   -1.26403691]",-3.2681122105737477,5,8.4,9,11.4
51,oahu0012_0052,usa_HI_Oahu0012,0,"LINESTRING (598047.124084483 2395916.2238323065, 597825.1184259309 2396134.559224052)",14.120943350928144,81.8700776265398,oahu0012_0052,3,7,-16.287740934304328,13.989099202737115,30.276840137041443,1,"[-0.72257447 -0.4860345  -1.6953285  -0.13483804  0.64184426  1.22233134
  1.70054701  1.07083367  0.53564516 -0.18491423 -0.66779528 -1.27971644]",-3.653667903575806,3,7.79,7,10.79
52,oahu0012_0053,usa_HI_Oahu0012,0,"LINESTRING (598062.1047926834 2395932.2743275305, 597848.8799514304 2396157.285681262)",13.789504820689537,81.82112609757357,oahu0012_0053,3,5,-15.077676168178158,10.526697239614244,25.6043734077924,1,"[-0.48718844 -1.12975829 -1.51866183  0.50873352  1.37578605  1.04071449
  1.31274442  0.92829243  0.4027392  -0.45066433 -1.11246946 -0.87026775]",-4.076778203480847,10,6.0,6,9.0
53,oahu0012_0054,usa_HI_Oahu0012,0,"LINESTRING (598077.8059269884 2395948.094946173, 597873.3398461579 2396178.150756834)",14.094279249353471,78.63431306063995,oahu0012_0054,2,7,-29.262485446596898,10.660970073832722,39.92345552042962,1,"[-0.36010928 -2.39457922 -0.94907194  0.54379559  1.1532728   1.00135608
  1.20680341  0.66967198  0.28143031 -0.11316546 -0.33250809 -0.7068962 ]",-2.7465652450433793,10,6.0,6,9.0
54,oahu0012_0055,usa_HI_Oahu0012,0,"LINESTRING (598090.8524225298 2395968.561738642, 597898.0406844586 2396197.1409486816)",13.531445459209971,70.87367645234639,oahu0012_0055,2,5,-12.96829997446207,9.982742190580915,22.951042165042985,1,"[-0.72302095 -1.6022099  -1.56357316  0.85123598  1.37337286  1.13234014
  1.17004213  0.59223279  0.12328727 -0.55863421 -0.72108905 -0.0739839 ]",-3.541575394274349,10,6.0,6,9.0
55,oahu0012_0056,usa_HI_Oahu0012,0,"LINESTRING (598107.0833832275 2395986.882653391, 597921.9986338929 2396214.90873806)",12.409525243445565,67.48191198911283,oahu0012_0056,1,5,-7.475608695897485,7.26037479704582,14.735983492943305,1,"[-1.47935827 -1.09620662  0.35314089  1.08140595  1.34075221  1.3351353
  1.14956276  0.06119325 -0.38723543 -1.01427452 -1.07715874 -0.26695679]",-4.250438873479769,1,5.52,4,8.52
56,oahu0012_0057,usa_HI_Oahu0012,0,"LINESTRING (598124.0872484867 2396005.2362833065, 597945.0420982577 2396231.9482209166)",12.70893317677397,65.51368124759153,oahu0012_0057,2,3,-14.850310855922121,9.423993387614836,24.274304243536957,1,"[-0.73324165 -2.02213729  1.27479125  0.99374946  1.06748285  1.11524359
  0.76813445 -0.05131016 -0.35766577 -0.98244777 -0.77751815 -0.29508081]",-3.24491256901256,9,4.25,3,7.25
57,oahu0012_0058,usa_HI_Oahu0012,0,"LINESTRING (598141.5212919139 2396023.7923813025, 597967.4790404108 2396248.385122149)",13.76809863204108,63.917882040783766,oahu0012_0058,1,3,-8.352781215814161,13.803803582729167,22.156584798543328,1,"[-1.16270473 -0.79646544  1.83076725  1.25258575  1.03187816  0.87133853
  0.54882    -0.61035571 -0.73506748 -0.8193867  -1.14592209 -0.26548754]",-3.0331927710812345,9,4.25,3,7.25
58,oahu0012_0059,usa_HI_Oahu0012,0,"LINESTRING (598159.6777465078 2396042.020335662, 597989.4216092811 2396264.351403559)",13.291964346703692,62.6619892963714,oahu0012_0059,11,3,-8.662147795690245,11.100670017825081,19.762817813515326,1,"[ 0.04048583 -0.10464858  1.5178286   1.34876339  1.16024751  0.7174541
 -0.04828936 -0.84742214 -1.34312442 -1.11228496 -1.48875544  0.15974548]",-3.227451591343965,2,3.08,2,6.08
59,oahu0012_0060,usa_HI_Oahu0012,0,"LINESTRING (598177.9929653824 2396060.5365234944, 598010.9321690077 2396279.8707567886)",14.891313196286953,57.43706598401959,oahu0012_0060,11,3,-9.100216888241242,18.850970850423273,27.951187738664515,1,"[-0.17276941  0.27997781  1.98915287  1.27620799  0.7770664   0.69624243
 -0.29287426 -1.00168865 -1.15775666 -1.12162264 -1.23648343 -0.03545246]",-1.9800723990351083,2,3.08,2,6.08
60,oahu0012_0061,usa_HI_Oahu0012,0,"LINESTRING (598195.4960929408 2396080.5295270532, 598031.9840332643 2396294.9674173538)",14.93226302940242,52.9296647590257,oahu0012_0061,11,3,-13.076217166541454,19.09949366787021,32.17571083441166,1,"[ 0.35187473  0.69561594  1.74798883  1.13973638  0.8033587   0.70542385
 -0.37355648 -1.107313   -1.2011483  -1.08953834 -1.33660176 -0.33584055]",-1.3898733155013676,2,3.08,2,6.08
61,oahu0012_0062,usa_HI_Oahu0012,0,"LINESTRING (598214.6960088412 2396098.6437004497, 598052.4765663613 2396309.7809701613)",15.607230328007354,49.801709243627414,oahu0012_0062,11,3,-15.331709131798515,20.41992341503629,35.751632546834806,1,"[ 0.56420251  1.08727832  1.57350682  0.99046159  0.72227935  0.70666992
 -0.3770552  -0.91628035 -1.20224881 -1.20156511 -1.33048796 -0.61676109]",-0.9002287017946794,2,3.08,2,6.08
62,oahu0012_0063,usa_HI_Oahu0012,0,"LINESTRING (598236.324071962 2396113.8836802635, 598072.3703504889 2396324.492975797)",15.726175928011108,50.71931228085582,oahu0012_0063,11,2,-16.442402756337103,20.161171173406913,36.603573929744016,1,"[ 0.58209755  1.38510484  1.37249282  1.07394357  0.54085432  0.58298333
 -0.35864202 -0.77045098 -1.21765992 -1.27049568 -1.41313241 -0.50709542]",-0.8975950934116901,2,3.08,2,6.08
63,oahu0012_0064,usa_HI_Oahu0012,0,"LINESTRING (598257.4245402408 2396129.9948458592, 598091.7005142418 2396339.3245704086)",16.533670828121206,50.12337034094291,oahu0012_0064,11,2,-17.19801666422181,18.98504509740791,36.183061761629716,1,"[ 0.85061854  1.30816143  1.30309684  1.10971643  0.66310453  0.42149313
 -0.38154256 -0.96876392 -1.18559374 -1.15397829 -1.3462656  -0.6200468 ]",-0.8431466142172672,2,3.08,2,6.08
64,oahu0012_0065,usa_HI_Oahu0012,0,"LINESTRING (598277.3006360568 2396147.7335606944, 598110.6183766464 2396354.4461944993)",16.513149760097914,47.239718151525,oahu0012_0065,11,3,-14.986716450384495,19.564893951496074,34.551610401880566,1,"[ 0.73278552  1.25992007  1.29989312  1.23626065  0.82653205  0.27197968
 -0.26626191 -0.98441367 -1.13599249 -1.06871066 -1.27183698 -0.90015538]",-0.7683638756976426,2,3.08,2,6.08
65,oahu0012_0066,usa_HI_Oahu0012,0,"LINESTRING (598298.3132125511 2396164.0687437397, 598129.328615223 2396369.896734224)",16.32438017034382,47.4472638804004,oahu0012_0066,9,2,-14.410534343773868,18.895507572034997,33.30604191580886,1,"[ 0.66337405  1.5033599   1.22310372  0.90960436  0.95634549  0.43172921
 -0.40261788 -1.11795262 -1.23004909 -1.05851153 -1.12077116 -0.75761445]",-0.8662639449111592,2,3.08,2,6.08
66,oahu0012_0067,usa_HI_Oahu0012,0,"LINESTRING (598317.5291142053 2396182.54068192, 598147.9755245626 2396385.621420527)",15.540629867416301,43.97429062168482,oahu0012_0067,9,2,-14.472010342147122,17.90303268415034,32.37504302629746,1,"[ 0.26985658  1.39072018  1.34518337  1.0581075   1.05185184  0.4742316
 -0.35390653 -1.20149276 -1.27014543 -0.96724121 -0.90620581 -0.89095933]",-0.7463820768106221,2,3.08,2,6.08
67,oahu0012_0068,usa_HI_Oahu0012,0,"LINESTRING (598337.9444461872 2396199.516650026, 598166.6271094927 2396401.504950983)",15.478573896161759,43.18815413360742,oahu0012_0068,9,2,-14.306693163702555,17.68433082720903,31.991023990911586,1,"[ 0.05223016  1.41684436  1.35460311  1.08473127  1.03161678  0.53972193
 -0.33214207 -1.17536141 -1.30792218 -1.07785784 -0.79739478 -0.78906933]",-0.723395463807709,2,3.08,2,6.08
68,oahu0012_0069,usa_HI_Oahu0012,0,"LINESTRING (598358.9695240901 2396215.794116035, 598185.2805719262 2396417.3656604136)",14.979483879535739,42.449035303282386,oahu0012_0069,8,3,-12.227337257113437,19.108624001305422,31.33596125841886,1,"[-0.00713512  1.10704422  1.51809708  1.1168089   1.16495448  0.65572094
 -0.50574686 -1.21431418 -1.0442352  -1.02069819 -0.83274321 -0.93775284]",-0.7418863115868554,2,3.08,2,6.08
69,oahu0012_0070,usa_HI_Oahu0012,0,"LINESTRING (598380.2525666663 2396232.0004869485, 598203.9359048629 2396432.855262714)",14.89182201027644,40.56246993225668,oahu0012_0070,8,3,-12.970129532672726,18.784866495593867,31.754996028266593,1,"[-0.05220258  0.93251963  1.48480901  1.09496174  1.08958511  0.92601242
 -0.19143216 -1.2378677  -1.09178132 -0.94162143 -1.06005653 -0.9529262 ]",-0.5914302425796045,2,3.08,2,6.08
70,oahu0012_0071,usa_HI_Oahu0012,0,"LINESTRING (598402.209222226 2396247.9695072393, 598222.3494786477 2396447.6494268402)",14.65373571081827,39.421164125629694,oahu0012_0071,12,4,-11.903861539922357,16.701001487093052,28.60486302701541,1,"[-0.28180527  1.10725828  1.28654282  1.35073862  1.07324902  0.86156251
 -0.29677368 -1.05815338 -0.98897376 -0.91150483 -1.00154226 -1.14059807]",-0.7381258480476784,2,3.08,2,6.08
71,oahu0012_0072,usa_HI_Oahu0012,0,"LINESTRING (598424.8629290387 2396263.843787776, 598239.9516887289 2396461.728977109)",14.614531600194713,40.15068001090843,oahu0012_0072,11,4,-14.373904375160954,19.107094669942,33.480999045102955,1,"[-0.22979423  0.76050478  1.2831482   1.5418586   1.1275845   0.7894973
 -0.1982038  -0.75624913 -0.92313162 -0.82231635 -1.30645735 -1.26644091]",-0.4563732282543092,2,3.08,2,6.08
72,oahu0012_0073,usa_HI_Oahu0012,0,"LINESTRING (598447.2313863565 2396280.6720382664, 598256.2564511308 2396475.3236915986)",14.078875093469335,41.960573181292176,oahu0012_0073,12,4,-15.38499561930237,15.60300630059217,30.98800191989454,1,"[-0.5541293   0.5056537   1.11535318  1.38882136  1.36139109  0.98357446
  0.00709769 -0.37933049 -0.68147649 -0.93159673 -1.36149032 -1.45386815]",-0.7793642026476535,9,4.25,3,7.25
73,oahu0012_0074,usa_HI_Oahu0012,0,"LINESTRING (598464.2671404106 2396303.1423590006, 598271.0327341835 2396488.8821432856)",13.317392339220147,38.36332619592625,oahu0012_0074,12,4,-16.118259472251363,15.68150710989024,31.799766582141604,1,"[-0.78135259  0.44632151  0.96766742  1.37879948  1.36134902  1.05151531
  0.1094084  -0.15959986 -0.54015158 -0.99502197 -1.26978419 -1.56915096]",-0.49285621738835095,9,4.25,3,7.25
74,oahu0012_0075,usa_HI_Oahu0012,0,"LINESTRING (598479.2460757317 2396327.353064436, 598284.4695223556 2396503.038863634)",13.100069489604666,34.80290087014421,oahu0012_0075,12,5,-14.803877559394891,14.388792890825833,29.192670450220724,1,"[-0.96080713 -0.02030844  1.05681268  1.18535757  1.42355641  1.08879715
  0.19288047  0.19705043 -0.3061278  -0.94354506 -1.31940915 -1.59425712]",-0.4282595923918865,9,4.25,3,7.25
75,oahu0012_0076,usa_HI_Oahu0012,0,"LINESTRING (598496.6030532629 2396349.3015877563, 598297.1502131565 2396518.199461043)",13.060343402875148,36.08694318457268,oahu0012_0076,12,5,-16.28793242731782,13.90189779284879,30.18983022016661,1,"[-1.30865487 -0.27543679  0.97562522  0.85321222  1.31451223  1.19215198
  0.53591848  0.41984144 -0.10849724 -0.66166605 -1.18875385 -1.74825279]",-0.4515281706228232,1,5.52,4,8.52
76,oahu0012_0077,usa_HI_Oahu0012,0,"LINESTRING (598513.5784290981 2396371.544348131, 598309.5948138733 2396534.2840646417)",12.133384003493678,35.61965131198115,oahu0012_0077,12,5,-16.16502741334742,12.156396114173909,28.32142352752133,1,"[-1.38613916 -0.37177929  0.42780231  0.63898293  1.41662507  1.08296848
  0.82219642  0.50066853  0.35479984 -0.4270995  -1.1719899  -1.88703574]",-0.6014997779974964,8,5.63,5,8.629999999999999
77,oahu0012_0078,usa_HI_Oahu0012,0,"LINESTRING (598529.9800736117 2396394.118295821, 598322.049729844 2396550.884120388)",11.393534172489375,35.04750249556614,oahu0012_0078,12,5,-15.033317761491539,10.696695978426508,25.730013739918046,1,"[-1.35514377 -0.78041023 -0.16253676  0.52609882  1.30780826  1.24431061
  1.11673886  0.5231783   0.54707753 -0.23316736 -0.93054802 -1.80340623]",-0.8177874059610002,8,5.63,5,8.629999999999999
78,oahu0012_0079,usa_HI_Oahu0012,0,"LINESTRING (598545.3956976942 2396417.3521831213, 598334.6523294556 2396567.263270414)",10.88762292160438,35.63128521008222,oahu0012_0079,12,7,-12.893754032608072,10.66357624513465,23.55733027774272,1,"[-1.45955652 -1.20462009 -0.23341068  0.19408727  1.02214136  1.12142121
  1.32687564  0.92528248  0.59523148  0.04721527 -0.76393327 -1.57073417]",-1.1089615262465666,3,7.79,7,10.79
79,oahu0012_0080,usa_HI_Oahu0012,0,"LINESTRING (598559.6579647327 2396441.6351012383, 598347.2842382848 2396582.641716518)",11.000926337509556,35.60760041571372,oahu0012_0080,12,7,-13.363623918618586,9.44585360972519,22.809477528343777,1,"[-1.34262113 -1.29593461 -0.35458982  0.09095622  0.92975347  0.81841171
  1.25326963  1.08683612  0.86746333  0.32529457 -0.73663372 -1.64220578]",-1.1633677469262325,3,7.79,7,10.79
80,oahu0012_0081,usa_HI_Oahu0012,0,"LINESTRING (598573.4389355865 2396466.2469984354, 598358.4255020041 2396597.250057689)",10.985133702578885,35.63752949262795,oahu0012_0081,2,9,-10.892660610352486,11.925771871866353,22.81843248221884,1,"[-1.14553277 -1.42897826 -0.79304142  0.04567508  0.53068026  0.47235524
  1.11611895  1.12045189  1.48545321  0.67800395 -0.74312756 -1.33805857]",-1.1669495663397962,5,8.4,9,11.4
81,oahu0012_0082,usa_HI_Oahu0012,0,"LINESTRING (598587.427330838 2396490.4579147394, 598366.5625203897 2396613.064806647)",11.42563685897005,38.18484226145653,oahu0012_0082,12,8,-11.61649588383651,13.326847828543649,24.94334371238016,1,"[-1.18496966 -1.221365   -0.59474252 -0.21718509  0.26522162  0.27900481
  0.92336055  1.55937115  1.50086321  0.79278397 -0.75134892 -1.35099413]",-1.1589287067775766,5,8.4,9,11.4
82,oahu0012_0083,usa_HI_Oahu0012,0,"LINESTRING (598600.329142028 2396514.6891843737, 598372.4944659274 2396632.014046067)",11.29419357166749,41.60124960527513,oahu0012_0083,12,8,-11.925398448196752,15.279644299796256,27.20504274799301,1,"[-1.04748135 -1.01711657 -0.40018921 -0.50663409  0.25932513  0.10247684
  1.0325837   1.72239583  1.40568762  0.72945828 -0.79938768 -1.48111848]",-1.2746555799606898,5,8.4,9,11.4
83,oahu0012_0084,usa_HI_Oahu0012,0,"LINESTRING (598610.6973439931 2396538.7116330564, 598377.8352648307 2396655.101230311)",11.725066834204512,45.52264111182761,oahu0012_0084,12,8,-11.306432149729524,20.58825572308271,31.894687872812234,1,"[-1.09282657 -1.03095344 -0.22300522 -0.32521354 -0.10180356  0.2653224
  1.14923703  1.93521363  1.3375986   0.30840166 -0.90127945 -1.32069154]",-1.1622921584770622,3,7.79,7,10.79
84,oahu0012_0085,usa_HI_Oahu0012,0,"LINESTRING (598619.2873536897 2396561.076649257, 598383.7805450503 2396683.4810782126)",12.773767545835257,50.65176473541783,oahu0012_0085,2,8,-11.408083987573754,20.371111729730178,31.77919571730393,1,"[-1.06114753 -1.14478163 -0.37525034 -0.49046692  0.28145797  0.57825704
  1.4977706   1.7102376   1.02763619  0.21198864 -1.11133274 -1.12436887]",-1.4774473506265646,3,7.79,7,10.79
85,oahu0012_0086,usa_HI_Oahu0012,0,"LINESTRING (598628.4377510655 2396579.8160798554, 598392.8457890883 2396718.042507597)",12.819161590915169,54.672680369485235,oahu0012_0086,12,7,-13.36918163249679,18.76981602064484,32.13899765314163,1,"[-1.01456307 -0.85336573 -0.4272176  -0.31653559  0.21411132  1.04406929
  1.64723846  1.64033348  0.56349352 -0.00855627 -1.19692191 -1.29208591]",-1.7578125181223268,3,7.79,7,10.79
86,oahu0012_0087,usa_HI_Oahu0012,0,"LINESTRING (598636.6476549492 2396595.423880948, 598408.8582558458 2396757.9549021875)",14.012379654212506,56.388276010574444,oahu0012_0087,12,7,-15.990742474960015,21.0787714155299,37.069513890489915,1,"[-1.16438202 -0.92426173 -0.2263474  -0.18388884  0.45243796  1.04449141
  1.67425056  1.25546104  0.78999051 -0.1137935  -1.26582515 -1.33813283]",-1.378692456015262,3,7.79,7,10.79
87,oahu0012_0088,usa_HI_Oahu0012,0,"LINESTRING (598644.4308039721 2396608.9123146283, 598436.1373562636 2396797.1588672716)",13.806442791049495,54.92584151178373,oahu0012_0088,12,7,-16.07555695560638,19.83860780621343,35.91416476181981,1,"[-1.243115   -0.76945199 -0.42973786 -0.27856025  0.55909134  0.84421461
  1.76533566  1.37298564  0.74277883 -0.12924102 -1.07184765 -1.36245231]",-1.3770148500733945,3,7.79,7,10.79
88,oahu0012_0089,usa_HI_Oahu0012,0,"LINESTRING (598654.5125517917 2396621.1762469416, 598472.6848027057 2396826.8154427926)",12.150634058899797,51.023858894742226,oahu0012_0089,1,7,-12.86161283076273,14.254967423116735,27.116580253879466,1,"[-1.3114405  -1.06551871 -0.32078371 -0.20461525  0.64367091  0.95269262
  1.58977044  1.42706265  0.57894066  0.05046979 -1.03208674 -1.30816216]",-1.9675745747072142,3,7.79,7,10.79
89,oahu0012_0090,usa_HI_Oahu0012,0,"LINESTRING (598669.789229804 2396631.8136553965, 598509.5780304981 2396846.6569987903)",11.684444933239376,47.3876452597035,oahu0012_0090,12,7,-13.048659227548537,13.810923972579992,26.85958320012853,1,"[-1.31966123 -1.01469227 -0.28151159 -0.06595198  0.68739071  0.84009403
  1.5899467   1.20550909  0.92606595 -0.08844281 -1.08391247 -1.39483413]",-1.75687096621746,3,7.79,7,10.79
90,oahu0012_0091,usa_HI_Oahu0012,0,"LINESTRING (598688.7589355081 2396642.6235082624, 598542.1117914629 2396861.8230516147)",11.404269020052732,44.294677639905046,oahu0012_0091,12,7,-13.358738324743506,13.277886823035132,26.636625147778638,1,"[-1.18929422 -0.80680457 -0.30394948 -0.1295274   0.42041007  0.86864971
  1.6155929   1.37051971  0.94139891 -0.16677121 -1.13851848 -1.48170593]",-1.5483721456480304,3,7.79,7,10.79
91,oahu0012_0092,usa_HI_Oahu0012,0,"LINESTRING (598710.0647069027 2396653.5590174785, 598570.5088424069 2396874.797015102)",11.265645575775444,43.186083315751574,oahu0012_0092,12,8,-12.344516118655513,11.894013321699347,24.23852944035486,1,"[-1.29094754 -0.55835877 -0.44086032 -0.3439898   0.3884866   1.11688395
  1.34575395  1.50877744  0.95463428 -0.1666682  -1.00714536 -1.50656623]",-1.6818879795170996,3,7.79,7,10.79
92,oahu0012_0093,usa_HI_Oahu0012,0,"LINESTRING (598732.432017471 2396665.2437099274, 598595.7816099945 2396886.8908691616)",11.202821623848017,43.02977713856468,oahu0012_0093,12,8,-13.383850264240468,12.362579991297459,25.746430255537927,1,"[-1.45221991 -0.60405649 -0.19818153 -0.02038845  0.28203803  0.76292073
  1.2489293   1.54992593  1.02681478  0.07197085 -0.98401153 -1.68374171]",-1.5427673012515717,3,7.79,7,10.79
93,oahu0012_0094,usa_HI_Oahu0012,0,"LINESTRING (598755.3014289589 2396677.569268358, 598618.7647090271 2396898.8781355876)",11.087679145303628,44.79680956812147,oahu0012_0094,1,8,-12.91072721265062,10.368283594611576,23.279010807262196,1,"[-1.5706933  -0.8962612  -0.23848381 -0.15253128  0.72261481  0.56622242
  1.09507732  1.43489841  1.21374022  0.23549111 -0.9644767  -1.44559801]",-1.9406945744794117,3,7.79,7,10.79
94,oahu0012_0095,usa_HI_Oahu0012,0,"LINESTRING (598777.5011151743 2396691.7478244877, 598640.2269035253 2396911.344571865)",10.959858554668415,44.672185395670155,oahu0012_0095,1,8,-11.2822127379943,8.891137924162479,20.17335066215678,1,"[-1.66180069 -1.20044882 -0.27198777 -0.05264075  0.76176416  0.94637087
  0.74015854  1.51832242  0.86951168  0.50613029 -0.90960841 -1.24577153]",-2.235323988107306,3,7.79,7,10.79
95,oahu0012_0096,usa_HI_Oahu0012,0,"LINESTRING (598799.2627145385 2396706.9437226304, 598660.9779682293 2396924.3461730476)",11.189478408023746,43.61845356047807,oahu0012_0096,2,5,-12.949812477959895,4.3260620982851385,17.275874576245034,1,"[-1.36064265 -2.05770188  0.34071647  0.18624757  0.99154494  0.83148516
  0.63464583  0.87961735  0.7043675   0.64432372 -0.4550807  -1.33952329]",-2.354227607726855,8,5.63,5,8.629999999999999
96,oahu0012_0097,usa_HI_Oahu0012,0,"LINESTRING (598823.5267426794 2396718.240150411, 598681.4818425219 2396937.587898218)",11.005484711570823,47.910065789566836,oahu0012_0097,1,3,-9.810339702348204,5.067762704427913,14.878102406776117,1,"[-1.80053856 -1.54485801  1.20715738 -0.01666711  0.94233991  1.08409113
  0.3962666  -0.01918838  0.64376991  0.6707329  -0.23048923 -1.33261653]",-3.001409228987611,8,5.63,5,8.629999999999999
97,oahu0012_0098,usa_HI_Oahu0012,0,"LINESTRING (598841.2564507483 2396739.508000766, 598701.834123306 2396951.079460365)",10.94769346947362,42.64320516603953,oahu0012_0098,12,3,-4.824819356866293,4.9123706466454,9.737190003511692,0,"[0, 0, 0, 0, 0, 0, 0, 0, 0, 0, 0, 0]",-3.005748677041649,4,inf,10,
98,oahu0012_0099,usa_HI_Oahu0012,0,"LINESTRING (598858.5616977238 2396761.116214055, 598722.0828385993 2396964.9637840125)",10.486292906102273,36.13999607367504,oahu0012_0099,8,3,-5.947636530914426,7.280257652114258,13.227894183028685,1,"[-0.7321334  -0.04888498  2.01522129  0.71151002  0.78244288  0.84780253
 -0.85339744 -1.82143537 -0.65814066 -0.1242466   0.66922262 -0.78796089]",-2.184957267149495,2,3.08,2,6.08
99,oahu0012_0100,usa_HI_Oahu0012,0,"LINESTRING (598876.4155007966 2396781.5659035454, 598742.3348060483 2396979.4105758406)",10.018210877249855,30.494698769890398,oahu0012_0100,8,3,-4.872594177402563,5.685489876232367,10.55808405363493,1,"[-0.01212492 -0.00191393  1.82415205  0.97026337  1.31240881  0.85985125
 -1.06185208 -1.52795647 -0.96682644 -0.66146956 -0.65440862 -0.08012345]",-1.990037438873353,2,3.08,2,6.08
100,oahu0012_0101,usa_HI_Oahu0012,0,"LINESTRING (598896.1299808589 2396799.0130086932, 598762.8410441059 2396994.410152503)",9.319988451500924,28.170788980382632,oahu0012_0101,11,3,-5.515190966317245,6.245356902164355,11.7605478684816,1,"[ 0.18290288  0.52821521  1.87305979  0.5606102   1.21480777  0.71287832
 -0.30647591 -0.84747081 -1.45177219 -0.64211234 -1.57722715 -0.24741579]",-1.760757665880827,2,3.08,2,6.08
101,oahu0012_0102,usa_HI_Oahu0012,0,"LINESTRING (598917.362998797 2396814.072513897, 598783.8837334978 2397009.482429003)",8.78571582895514,26.691094858273892,oahu0012_0102,11,3,-4.704945186277241,6.200189452636334,10.905134638913575,1,"[ 0.00261912  0.57491367  2.01842057  0.55465519  1.05786716  0.89094319
 -0.13046048 -0.85934432 -1.15020452 -0.93086433 -1.44582297 -0.58272229]",-1.7967756443173846,2,3.08,2,6.08
102,oahu0012_0103,usa_HI_Oahu0012,0,"LINESTRING (598943.2225153389 2396822.3694089544, 598805.3911037428 2397024.1053116797)",8.911557093486113,33.54229340581556,oahu0012_0103,9,6,-5.415760986946278,5.879351618483074,11.295112605429352,1,"[ 0.20837263  0.39286256  1.31688886  0.65584868  0.95329245  1.66918474
  0.05088657 -1.07571291 -1.46557893 -1.00974944 -1.1456286  -0.55066661]",-2.496441482336207,2,3.08,2,6.08
103,oahu0012_0104,usa_HI_Oahu0012,0,"LINESTRING (598967.2869059815 2396833.4206941463, 598826.9222168996 2397038.143831865)",9.151992431597092,36.96594784964356,oahu0012_0104,9,6,-6.218402161329017,4.211689924763332,10.43009208609235,1,"[ 0.62837614  0.93038874  1.10712701  1.03879778  0.77064462  1.16756957
 -0.38053168 -1.26847882 -1.64528718 -0.84517599 -1.04522059 -0.45820958]",-2.899462162133858,2,3.08,2,6.08
104,oahu0012_0105,usa_HI_Oahu0012,0,"LINESTRING (598988.7771184301 2396848.454012408, 598848.0112529685 2397051.825698226)",10.469743511694055,35.101212206142236,oahu0012_0105,8,3,-10.02917390174418,8.409550517922597,18.438724419666777,1,"[ 0.82293794  1.37235465  1.43732561  0.70629886  0.66945283 -0.05635858
 -0.71917866 -1.67155535 -1.48246558 -0.49645204 -0.79030608  0.20794641]",-1.5914895878647355,2,3.08,2,6.08
105,oahu0012_0106,usa_HI_Oahu0012,0,"LINESTRING (599010.5044998908 2396863.3440263, 598868.4389554637 2397065.5505772512)",11.823165392196671,33.59571075876314,oahu0012_0106,8,3,-14.44466705054788,9.564684318208961,24.00935136875684,1,"[ 1.10566816  1.21332573  1.22755865  0.95539577  0.41778283 -0.42881744
 -0.87999153 -1.80023069 -1.3465972  -0.44584177 -0.50900088  0.49074836]",-0.8108115781187778,2,3.08,2,6.08
106,oahu0012_0107,usa_HI_Oahu0012,0,"LINESTRING (599034.4844129354 2396875.1902422593, 598888.3165774267 2397079.6505709547)",11.919264129527916,35.46532303134215,oahu0012_0107,8,2,-13.148164302897413,9.426205082537102,22.574369385434515,1,"[ 1.21633947  1.2510798   0.99010406  1.07882734  0.35564209 -0.52895589
 -0.95729355 -1.6535602  -1.3247515  -0.74609152 -0.28327826  0.60193816]",-1.0815226096024273,2,3.08,2,6.08
107,oahu0012_0108,usa_HI_Oahu0012,0,"LINESTRING (599055.5786811283 2396891.11565591, 598907.9617994784 2397094.1961802775)",11.167538054252951,34.389841977524725,oahu0012_0108,8,4,-11.72089867993936,8.925809478364272,20.646708158303632,1,"[ 1.24492291  1.24857537  1.17403631  1.27688846  0.21437386 -0.62951455
 -1.02226456 -1.60642469 -1.14979299 -0.54780415 -0.39461425  0.19161827]",-1.2306323696821677,2,3.08,2,6.08
108,oahu0012_0109,usa_HI_Oahu0012,0,"LINESTRING (599078.8199144682 2396904.0888160486, 598927.6253916164 2397109.1076585837)",9.895701070578443,38.89774774433597,oahu0012_0109,8,4,-7.4219915736837905,8.930039332888931,16.352030906572722,1,"[ 1.13900417  0.82810584  1.16145848  1.73698559  0.35916979 -0.45567149
 -1.05582365 -1.43641227 -1.19909665 -0.69230352 -0.46171787  0.07630157]",-2.2783344683678246,2,3.08,2,6.08
109,oahu0012_0110,usa_HI_Oahu0012,0,"LINESTRING (599101.656162783 2396917.5497149066, 598947.429650977 2397124.235305298)",8.71467111099609,43.04358796096039,oahu0012_0110,8,3,-4.430651870580789,6.950158445589697,11.380810316170486,1,"[ 1.02262639  0.59376728  1.68607216  1.46244458  0.66753622  0.05672029
 -0.88540775 -1.16371131 -0.86458231 -0.97868982 -0.96104833 -0.63572737]",-3.6332728156359346,2,3.08,2,6.08
110,oahu0012_0111,usa_HI_Oahu0012,0,"LINESTRING (599146.106149153 2396902.513833136, 598967.3913022417 2397139.3488862254)",7.676540784987593,83.0842757227146,oahu0012_0111,12,3,-4.1296428840635855,4.415790430577829,8.545433314641414,1,"[ 0.38536653 -0.13965329  1.38603373  1.3313712   1.16205022  0.76596508
  0.41757104 -0.828566   -0.70113008 -1.01778206 -1.36123301 -1.39999336]",-9.709951981736738,9,4.25,3,7.25
111,oahu0012_0112,usa_HI_Oahu0012,0,"LINESTRING (599154.3124426953 2396935.461998203, 598987.4140461066 2397154.1331779077)",7.48908738789584,62.29296072714238,oahu0012_0112,12,7,-6.223199191652121,3.104946130640851,9.328145322292972,1,"[-0.24897976 -0.29107934  0.94446522  0.52278346  1.06991551  1.03920093
  1.15085381 -0.10010533  0.21930452 -0.66632138 -1.7431886  -1.89684905]",-7.072265639529489,1,5.52,4,8.52
112,oahu0012_0113,usa_HI_Oahu0012,0,"LINESTRING (599170.1837088903 2396958.420782613, 599007.244865336 2397168.296614715)",8.783422669700345,52.50031351265112,oahu0012_0113,12,7,-7.708674257345816,5.035575584054953,12.74424984140077,1,"[-0.84050454 -1.06813513  0.59333671  0.269462    0.74695325  1.04623266
  1.23578937  1.03969835  0.42136438 -0.21838533 -1.47304769 -1.75276402]",-4.526261022186088,8,5.63,5,8.629999999999999
113,oahu0012_0114,usa_HI_Oahu0012,0,"LINESTRING (599191.6577016483 2396974.577944851, 599026.4821121374 2397181.714512153)",9.22896813905299,50.45031058369374,oahu0012_0114,12,8,-10.8330384697469,6.764168723224294,17.597207192971194,1,"[-0.99120953 -1.22814039  0.23173891 -0.11073635  0.61860739  1.01887716
  1.2088486   1.21450064  0.85389186  0.03191366 -1.03712947 -1.81116249]",-3.559780778926137,3,7.79,7,10.79
114,oahu0012_0115,usa_HI_Oahu0012,0,"LINESTRING (599216.9841085467 2396986.7347794697, 599044.7234738416 2397194.3868445)",10.114464352807675,53.288962211849736,oahu0012_0115,12,8,-11.436132657442414,8.447255411366989,19.883388068809403,1,"[-1.09689413 -1.1511748  -0.26545658 -0.29262238  0.47410971  1.19526297
  1.03949057  1.36399017  1.09300832  0.10444979 -0.74246299 -1.72170065]",-3.302752669622814,3,7.79,7,10.79
115,oahu0012_0116,usa_HI_Oahu0012,0,"LINESTRING (599240.0027302601 2397002.7547027776, 599061.7064224409 2397206.2659199596)",9.80228801034299,52.34856483443677,oahu0012_0116,12,9,-10.99669776092172,7.123076867503919,18.11977462842564,1,"[-1.0632094  -1.17099321 -0.29091352 -0.63715643  0.52365203  1.02075078
  1.15856508  1.22423687  1.24760697  0.27797412 -0.60047653 -1.69003676]",-3.4919184347464856,3,7.79,7,10.79
116,oahu0012_0117,usa_HI_Oahu0012,0,"LINESTRING (599260.9949894989 2397022.124650306, 599077.3196040087 2397216.983299561)",10.168580161876758,48.142346591533034,oahu0012_0117,12,9,-12.060574474929695,6.5677182340276445,18.62829270895734,1,"[-1.05614209 -1.11621892 -0.55655198 -0.33636667  0.52575174  0.95883084
  1.09191951  1.04759533  1.24958398  0.58616798 -0.50512309 -1.88944662]",-2.9024754107980058,3,7.79,7,10.79
117,oahu0012_0118,usa_HI_Oahu0012,0,"LINESTRING (599280.9061478477 2397043.413847122, 599091.0067893749 2397226.48965518)",10.294196644923552,45.936291609015406,oahu0012_0118,12,9,-11.347326459385819,6.961497435356833,18.308823894742652,1,"[-1.29470065 -1.07913024 -0.22684278 -0.26447481  0.42245772  0.98748333
  0.96775805  0.88514252  1.41572779  0.57305939 -0.49185922 -1.89462109]",-2.683790553767678,3,7.79,7,10.79
118,oahu0012_0119,usa_HI_Oahu0012,0,"LINESTRING (599301.4743212617 2397065.0670327055, 599102.4910835405 2397235.341530034)",10.483275919977237,47.337411669420554,oahu0012_0119,12,9,-12.032721366933181,5.851523080394323,17.884244447327504,1,"[-1.14556809 -1.04056901 -0.2151864  -0.35778123  0.67923799  0.83734644
  0.93352982  0.92693319  1.25584094  0.7969792  -0.71951557 -1.95124729]",-2.809538492253765,3,7.79,7,10.79
119,oahu0012_0120,usa_HI_Oahu0012,0,"LINESTRING (599320.778096445 2397088.2378102876, 599110.9639298675 2397244.9818644617)",10.475206276017722,49.50973653137135,oahu0012_0120,12,9,-13.21227922788394,6.57739575660305,19.78967498448699,1,"[-1.1720996  -0.91088142 -0.01324539 -0.22273214  0.70639898  0.73009963
  1.09925055  0.98829063  1.18139102  0.60413595 -1.10991877 -1.88068943]",-2.8371815087714727,3,7.79,7,10.79
120,oahu0012_0121,usa_HI_Oahu0012,0,"LINESTRING (599333.2193306182 2397115.2119972724, 599115.6585243774 2397258.241854432)",10.381506428500535,46.94439245849469,oahu0012_0121,12,9,-14.157910414494339,7.284162187693333,21.44207260218767,1,"[-1.37361275 -0.80842476 -0.1924001  -0.23209951  0.67770573  1.04203197
  1.03617569  1.1037113   1.12700431  0.31928253 -0.84155145 -1.85782296]",-2.456514382758079,3,7.79,7,10.79
121,oahu0012_0122,usa_HI_Oahu0012,0,"LINESTRING (599334.7842579231 2397146.3065441144, 599118.7199864379 2397277.082663639)",10.253570527616326,36.00944527129333,oahu0012_0122,12,8,-12.730735386289314,9.59146300609693,22.322198392386245,1,"[-1.39405815 -0.95924528 -0.207833   -0.00254889  0.71140179  0.96757829
  0.99445007  1.31069084  1.02660049  0.24350538 -1.02015747 -1.67038407]",-1.334876162605281,3,7.79,7,10.79
122,oahu0012_0123,usa_HI_Oahu0012,0,"LINESTRING (599340.7641942136 2397172.262866486, 599125.0403563993 2397300.407827605)",9.315767786417638,30.098459914021984,oahu0012_0123,12,8,-10.641725748596038,8.425459484038065,19.067185232634102,1,"[-1.31353082 -1.00333505 -0.16452278  0.04933987  0.38713738  1.09549467
  1.15929027  1.34027991  1.00277334  0.15032539 -1.16965488 -1.5335973 ]",-1.1841508863575847,3,7.79,7,10.79
123,oahu0012_0124,usa_HI_Oahu0012,0,"LINESTRING (599351.4741072139 2397195.158256495, 599139.2159232004 2397322.192112805)",8.13062450533814,25.663263801447183,oahu0012_0124,12,8,-8.712982573810628,6.738365639913965,15.451348213724593,1,"[-1.21507535 -0.96172867 -0.11776584  0.1820608   0.44598464  0.81590889
  1.27948854  1.44734071  0.97783543 -0.05440086 -1.20358146 -1.59606683]",-1.2559816999319036,3,7.79,7,10.79
124,oahu0012_0125,usa_HI_Oahu0012,0,"LINESTRING (599365.9264058078 2397216.52428567, 599156.863550941 2397337.9396605715)",6.955540811336628,22.780372152408535,oahu0012_0125,12,7,-7.520510208688167,5.914924874249181,13.435435082937348,1,"[-1.2877402  -0.76196229 -0.0728445   0.14008464  0.40713234  0.88784213
  1.5812038   0.93850883  1.08159178 -0.09055291 -1.06686038 -1.75640323]",-1.34352415188768,3,7.79,7,10.79
125,oahu0012_0126,usa_HI_Oahu0012,0,"LINESTRING (599380.881481698 2397239.006699488, 599170.5277767864 2397350.2370502464)",7.124261245511843,23.75433896821138,oahu0012_0126,12,7,-6.62121983465002,4.12241934753604,10.74363918218606,1,"[-1.3563884  -0.5798795   0.01739893  0.21417133  0.36350934  0.8850555
  1.32975958  1.32291611  0.82273986 -0.08570301 -1.04444082 -1.88913891]",-1.8262524825604658,3,7.79,7,10.79
126,oahu0012_0127,usa_HI_Oahu0012,0,"LINESTRING (599395.5345742239 2397263.1234190655, 599179.5905615771 2397361.807912171)",7.209445321015069,26.260913811177478,oahu0012_0127,12,8,-5.665624333217625,4.931603564160639,10.597227897378264,1,"[-1.29368481 -0.87971474 -0.22650197  0.05974024  0.18607555  0.87334146
  1.14208681  1.48640366  1.16055611  0.22185867 -1.18689409 -1.54326689]",-2.1726617258807104,3,7.79,7,10.79
127,oahu0012_0128,usa_HI_Oahu0012,0,"LINESTRING (599406.3146708724 2397289.526962409, 599185.3950200077 2397373.5642214497)",7.087599036580523,26.90577072482726,oahu0012_0128,12,8,-5.638109012779079,5.324199650758931,10.96230866353801,1,"[-1.24759779 -0.5842046  -0.4636199   0.06262987 -0.11306781  0.72481801
  1.31853842  1.56718774  1.35423222 -0.13196956 -0.92194585 -1.56500075]",-2.249487023603034,3,7.79,7,10.79
128,oahu0012_0129,usa_HI_Oahu0012,0,"LINESTRING (599414.1990725149 2397316.9738032203, 599189.000297219 2397386.285425355)",6.729483527472782,26.35857480811888,oahu0012_0129,12,9,-5.3830097441152915,4.719489734186812,10.102499478302104,1,"[-1.48965622 -0.91127164 -0.4638115   0.02016982 -0.00347318  0.68160576
  1.32169474  1.1861077   1.48165396  0.33738695 -0.59345521 -1.56695118]",-2.4156497691765138,3,7.79,7,10.79
129,oahu0012_0130,usa_HI_Oahu0012,0,"LINESTRING (599419.8325451498 2397344.7356163133, 599191.5171332882 2397400.2276526187)",6.603061140726343,25.87106389530095,oahu0012_0130,12,9,-4.54954441838856,4.498265890654004,9.047810309042564,1,"[-1.46245356 -0.99824497 -0.46365584 -0.08926554 -0.21649553  0.62499579
  1.43584495  0.80881545  1.682524    0.55685836 -0.39987186 -1.47905123]",-2.5477961248148935,3,7.79,7,10.79
130,oahu0012_0131,usa_HI_Oahu0012,0,"LINESTRING (599424.5755005223 2397372.460035141, 599193.766242823 2397415.2843861347)",6.5966135048826295,25.58098219421874,oahu0012_0131,12,9,-4.193501556088076,4.919292298292692,9.112793854380769,1,"[-1.17026829 -1.14251433 -0.65560322 -0.30430326 -0.17023951  0.43665899
  1.22431584  1.04405692  1.84370581  0.66187828 -0.33869805 -1.42898917]",-2.496460998912348,5,8.4,9,11.4
131,oahu0012_0132,usa_HI_Oahu0012,0,"LINESTRING (599428.0220113305 2397400.036184128, 599194.9252342682 2397431.47528916)",6.192563386334279,27.02979252998044,oahu0012_0132,12,9,-3.8483008322335266,2.2660525077653517,6.114353339998878,1,"[-1.0882997  -1.02072651  0.13474033 -0.36398827  0.1280501   0.94153215
  1.33166295  0.91452958  1.40521266  0.34180493 -0.97011403 -1.7544042 ]",-3.377509100050176,3,7.79,7,10.79
132,oahu0012_0133,usa_HI_Oahu0012,0,"LINESTRING (599430.2507787835 2397427.3257180178, 599194.3448905589 2397449.500436309)",6.050775660560267,31.259758701966355,oahu0012_0133,12,7,-3.133813093215405,3.321051792279418,6.454864885494823,1,"[-1.25604493 -1.02383507  0.23912711 -0.03288274  0.73572762  0.53422493
  1.82656194  0.82791091  0.7546368  -0.01266416 -0.77842951 -1.8143329 ]",-4.099456864374103,3,7.79,7,10.79
133,oahu0012_0134,usa_HI_Oahu0012,0,"LINESTRING (599430.4282278753 2397454.259426884, 599192.4552343375 2397470.1046419637)",6.4896349615298545,33.29270011102852,oahu0012_0134,12,7,-3.612442820187127,2.8011863052942623,6.413629125481389,1,"[-0.90937673 -1.35781603  0.03478366  0.48378466  0.85017013  1.32594287
  1.43053824  0.20272552  0.10620026  0.5618845  -0.8768775  -1.85195957]",-4.1418463665344145,8,5.63,5,8.629999999999999
134,oahu0012_0135,usa_HI_Oahu0012,0,"LINESTRING (599430.0028564825 2397480.461494786, 599189.7580399269 2397493.842133316)",7.363858512349906,37.70099567243672,oahu0012_0135,12,4,-4.39656380760524,3.194859510387019,7.591423317992259,1,"[-1.21820151 -1.0273729   0.4883837   1.24220086  0.84792472  1.13936625
  1.14781713  0.22420699 -0.02184002  0.0292695  -1.08939745 -1.76235728]",-4.088830917099749,8,5.63,5,8.629999999999999
135,oahu0012_0136,usa_HI_Oahu0012,0,"LINESTRING (599429.8284753333 2397505.7833269173, 599186.8381701678 2397521.1778151384)",7.952676876468101,39.53639680948213,oahu0012_0136,12,6,-5.445805884093229,5.1726479169783595,10.618453801071588,1,"[-1.16152455 -0.50436206  0.52062619  0.40240263  0.30194985  1.71944953
  1.56058891  0.2472233  -0.18866024 -0.47530373 -0.42896413 -1.99342571]",-3.6362527306973167,1,5.52,4,8.52
136,oahu0012_0137,usa_HI_Oahu0012,0,"LINESTRING (599424.6793065781 2397530.30139315, 599183.6525639081 2397552.7544841417)",8.204495037671515,37.50671608823922,oahu0012_0137,12,6,-6.1441850016700315,6.519418577283908,12.66360357895394,1,"[-1.06969989 -0.65243     0.86633212  0.52531237  0.80548751  1.91180128
  0.64324439  0.22911495  0.07603011 -0.69154158 -0.74951225 -1.89413901]",-3.027987998678333,1,5.52,4,8.52
137,oahu0012_0138,usa_HI_Oahu0012,0,"LINESTRING (599426.0936004408 2397553.085253228, 599182.4708394525 2397589.1651371745)",8.40085613352212,41.305436529292265,oahu0012_0138,12,5,-7.415755183871944,4.553216277588078,11.968971461460022,1,"[-1.27723772 -0.4526298   0.62328578  0.43162722  1.33155768  0.98845259
  1.10628045  0.55640697  0.09050473 -0.31700993 -1.06639686 -2.0148411 ]",-3.4920804024687797,8,5.63,5,8.629999999999999
138,oahu0012_0139,usa_HI_Oahu0012,0,"LINESTRING (599425.9030513053 2397575.6580816647, 599187.5936844762 2397628.568439216)",8.564489261135638,36.36052245637011,oahu0012_0139,12,6,-8.555706394039923,6.105715478056517,14.66142187209644,1,"[-1.54312902 -0.64277367  0.47362792  0.77428925  1.01623334  1.37728339
  0.90098491  0.0125706   0.49901304 -0.03477809 -0.98301544 -1.85030622]",-2.5336129128844758,8,5.63,5,8.629999999999999
139,oahu0012_0140,usa_HI_Oahu0012,0,"LINESTRING (599425.2258056315 2397599.112828537, 599200.4457602401 2397666.0802515014)",7.81219647909427,23.794382005830727,oahu0012_0140,12,6,-7.2639126939459455,4.418151527187099,11.682064221133045,1,"[-1.81273068 -0.65130512  0.16403334  0.59823247  0.87294408  1.23723175
  0.8200493  -0.0073451   0.78014344  0.58008212 -0.71493101 -1.86640459]",-1.5504369119633252,8,5.63,5,8.629999999999999
140,oahu0012_0141,usa_HI_Oahu0012,0,"LINESTRING (599434.7307520628 2397620.758854062, 599216.554872307 2397699.2787194294)",8.043365867427513,21.718549471901174,oahu0012_0141,12,5,-8.832692880561355,5.021096732435854,13.85378961299721,1,"[-1.43220047 -0.85039239 -0.27601509  0.63625143  1.21490052  1.08447809
  1.05454622  0.39641514  0.29077242  0.56905073 -0.71033161 -1.97747499]",-0.9777946183889468,8,5.63,5,8.629999999999999
141,oahu0012_0142,usa_HI_Oahu0012,0,"LINESTRING (599447.7572428457 2397641.786396591, 599230.6709288177 2397730.586376078)",8.245612299264753,27.832855564065056,oahu0012_0142,12,7,-9.015755826198227,5.320292444331386,14.336048270529613,1,"[-1.54086643 -0.66718876  0.0119415   0.91678994  0.75086868  0.94009685
  1.27276717  0.24607615  0.34155726  0.56494375 -0.80538624 -2.03159987]",-1.6368471865623528,8,5.63,5,8.629999999999999
142,oahu0012_0143,usa_HI_Oahu0012,0,"LINESTRING (599463.2257412738 2397661.299138325, 599242.7217519335 2397762.9412968657)",8.294967974866905,33.033977901014715,oahu0012_0143,12,7,-7.980143235199089,5.858521427482769,13.838664662681857,1,"[-1.69138993 -0.46875484 -0.02575877  0.46387724  0.69486489  1.1996731
  1.37738359  0.55913773  0.4300258   0.21159311 -0.84664209 -1.90400982]",-2.314091301677491,8,5.63,5,8.629999999999999
143,oahu0012_0144,usa_HI_Oahu0012,0,"LINESTRING (599473.7028000184 2397681.8713313565, 599255.8683744331 2397797.386270296)",8.542407756427625,29.815354038726653,oahu0012_0144,12,7,-8.194232708416033,7.322936888024898,15.517169596440931,1,"[-1.59600189 -0.69212015  0.07050708  0.6997249   0.9524549   0.92002811
  1.59028013  0.30645322  0.31697989  0.14361367 -0.96590926 -1.74601063]",-1.6737885675765403,8,5.63,5,8.629999999999999
144,oahu0012_0145,usa_HI_Oahu0012,0,"LINESTRING (599488.0899637507 2397699.0936579783, 599275.2869665117 2397829.4243545984)",7.931550239584936,28.74483129865033,oahu0012_0145,1,7,-8.607878805565699,6.51409481076365,15.121973616329349,1,"[-1.77684794 -1.00721097  0.27514077  0.48844812  0.9237219   1.04347647
  1.40766287  0.30597557  0.49040828  0.30273661 -0.9485447  -1.50496697]",-1.7175529714647402,8,5.63,5,8.629999999999999
145,oahu0012_0146,usa_HI_Oahu0012,0,"LINESTRING (599501.9967287173 2397717.268258559, 599298.4733282089 2397856.7125088405)",7.1283671109850255,28.353180423418205,oahu0012_0146,1,6,-7.52783417219303,6.127512569412524,13.655346741605554,1,"[-1.67772669 -1.11900755  0.04476363  0.64403182  1.0866619   1.36485057
  1.09669605  0.26852794  0.60531945  0.02455646 -0.95017694 -1.38849665]",-2.061879453313067,8,5.63,5,8.629999999999999
146,oahu0012_0147,usa_HI_Oahu0012,0,"LINESTRING (599514.1818290286 2397738.0709042293, 599319.1414294675 2397883.400621859)",7.547060435186823,27.853858916772392,oahu0012_0147,1,7,-6.998482683556569,5.693262047796376,12.691744731352944,1,"[-1.59443887 -0.90797105  0.00170893  0.91045729  1.06739038  1.32818248
  1.33413875 -0.09246302  0.46639549 -0.29615668 -0.69075044 -1.52649324]",-2.0090092448085874,8,5.63,5,8.629999999999999
147,oahu0012_0148,usa_HI_Oahu0012,0,"LINESTRING (599526.3381353682 2397758.6411402775, 599337.9409581287 2397912.52052388)",7.630090996182522,31.13994868967424,oahu0012_0148,1,7,-6.29934553920415,6.399128367293656,12.698473906497806,1,"[-1.60651379 -0.5665254  -0.02320705  1.07470589  0.88313628  1.40610846
  1.41776843 -0.53455015  0.36506818 -0.11737934 -0.92470714 -1.37390437]",-2.4169403474222064,1,5.52,4,8.52
148,oahu0012_0149,usa_HI_Oahu0012,0,"LINESTRING (599541.4611247637 2397773.9533757363, 599357.7210539866 2397946.2287232755)",8.833504041940524,40.87356532705415,oahu0012_0149,1,4,-7.224795126503295,6.132845969307603,13.357641095810898,1,"[-1.61432931 -0.21046443  0.1146481   1.3915601   1.00382508  1.18833151
  1.13723588 -0.26581328  0.00828766 -0.11736127 -1.06455953 -1.57136052]",-3.1149500923530025,1,5.52,4,8.52
149,oahu0012_0150,usa_HI_Oahu0012,0,"LINESTRING (599553.4650337269 2397787.6855535503, 599384.0299002484 2397984.348708883)",9.919317479239139,43.37822617754031,oahu0012_0150,1,7,-7.819091121710496,9.799321991021756,17.618413112732252,1,"[-1.46090488 -0.00933841  0.40920166  0.92666023  1.35383397  1.02433077
  1.5804867  -0.42747957 -0.46651712 -0.61665232 -1.19151062 -1.12211041]",-2.596934024818003,1,5.52,4,8.52
150,oahu0012_0151,usa_HI_Oahu0012,0,"LINESTRING (599565.3551490834 2397798.3503462556, 599422.9646665278 2398017.1762022786)",8.887451496935194,44.45624236104076,oahu0012_0151,11,4,-5.919206353648061,7.4840331314907935,13.403239485138855,1,"[-0.7967223  -0.37329193  0.94330259  1.42992195  0.93219943  1.11332198
  1.32512963 -0.77842902 -0.65417117 -0.79077548 -1.22687143 -1.12361425]",-3.4940278308816,9,4.25,3,7.25
151,oahu0012_0152,usa_HI_Oahu0012,0,"LINESTRING (599580.2995918171 2397806.845095194, 599469.2214807372 2398037.96439465)",8.20386665952592,44.681800900126326,oahu0012_0152,11,4,-5.934652919708871,7.896016071306793,13.830668991015663,1,"[-0.50982809 -0.08966464  0.91164821  1.64105012  1.08329358  0.91409425
  0.95974824 -0.91294764 -0.60688922 -0.74104865 -1.41672726 -1.23272889]",-3.760559890778804,9,4.25,3,7.25
152,oahu0012_0153,usa_HI_Oahu0012,0,"LINESTRING (599598.9921546045 2397812.284357848, 599513.3069133773 2398049.913489343)",7.779937036374448,44.16643985710133,oahu0012_0153,11,7,-5.453664717955711,5.195886271145444,10.649550989101154,1,"[-0.5646852  -0.1358093   0.88319018  1.12330169  1.06981654  1.06948654
  1.36204782 -0.78300551 -0.47092218 -0.80668802 -1.70464482 -1.04208774]",-4.308118267705093,9,4.25,3,7.25
153,oahu0012_0154,usa_HI_Oahu0012,0,"LINESTRING (599619.8161672286 2397817.522283724, 599552.8406568357 2398056.5509532755)",7.529578068479085,40.01613421022168,oahu0012_0154,11,7,-6.526363576804918,4.888433776297127,11.414797353102045,1,"[-0.64753259 -0.30224971  0.89155726  0.98671515  0.89967811  1.04084315
  1.32284274  0.20589085 -0.35025743 -1.26477473 -1.86130627 -0.92140653]",-3.798531152343424,9,4.25,3,7.25
154,oahu0012_0155,usa_HI_Oahu0012,0,"LINESTRING (599642.3475488264 2397823.2044058274, 599588.1136558848 2398061.419439073)",6.103950846586455,33.729151805827016,oahu0012_0155,11,7,-4.938838675045574,3.968725310464304,8.907563985509878,1,"[-1.09979985 -0.65521763  0.89380158  0.77394835  0.84245889  0.78990582
  1.3234945   0.57230635  0.46358593 -0.96304121 -1.67319293 -1.2682498 ]",-4.066478981264773,1,5.52,4,8.52
155,oahu0012_0156,usa_HI_Oahu0012,0,"LINESTRING (599666.2114814774 2397827.7971392744, 599620.5712999492 2398066.273107006)",5.913203802280076,29.189957370572344,oahu0012_0156,11,4,-3.9799515597747686,3.0459356209107575,7.025887180685526,1,"[-1.29445623 -0.75645224  0.34794604  1.12468125  0.8703336   0.8119467
  1.11084555  0.74323054  0.74662157 -1.09265156 -1.31943807 -1.29260714]",-3.7482337715707614,1,5.52,4,8.52
156,oahu0012_0157,usa_HI_Oahu0012,0,"LINESTRING (599690.6735288515 2397831.482839374, 599651.661909971 2398071.215213748)",5.745724576767233,27.605792945848812,oahu0012_0157,11,6,-4.364765352812515,2.8858628165091176,7.250628169321633,1,"[-1.32249645 -0.56856543  0.80797083  0.93021016  1.0019752   1.07233385
  0.81293092  0.69331494  0.38481413 -1.00718365 -1.49448004 -1.31082447]",-3.5426628103325797,1,5.52,4,8.52
157,oahu0012_0158,usa_HI_Oahu0012,0,"LINESTRING (599715.3182652373 2397834.8823583233, 599682.2633177082 2398075.812528416)",5.762778988196461,27.01029981932734,oahu0012_0158,11,3,-3.99753381556212,2.7837974958819487,6.7813313114440685,1,"[-1.27066009 -0.29419451  1.10577224  1.02205399  1.03407968  0.89903776
  0.77836777  0.32369369  0.27220575 -0.78963311 -1.55215655 -1.5285666 ]",-3.510280118206338,1,5.52,4,8.52
158,oahu0012_0159,usa_HI_Oahu0012,0,"LINESTRING (599740.0846319185 2397837.812985498, 599712.526599941 2398079.190438344)",5.8625436689301305,25.294269026010696,oahu0012_0159,1,5,-4.333875288637028,3.3588209025325995,7.692696191169627,1,"[-1.59411657  0.09221198  0.7357067   1.19108548  1.29910724  1.04350551
  0.66751569  0.08973917 -0.17275041 -0.5900858  -1.19658971 -1.56532928]",-3.0023781192666528,1,5.52,4,8.52
159,oahu0012_0160,usa_HI_Oahu0012,0,"LINESTRING (599765.2555702206 2397838.982542394, 599741.8212403633 2398080.5478604184)",6.1304125339770685,24.619229827413122,oahu0012_0160,1,5,-5.163750689320697,4.032266474523894,9.19601716384459,1,"[-1.50993376 -0.33000559  0.73918378  1.18620181  1.29790046  1.23988864
  0.48996659 -0.18425788  0.14935632 -0.21745333 -1.42688132 -1.43396573]",-2.5158523309952217,1,5.52,4,8.52
160,oahu0012_0161,usa_HI_Oahu0012,0,"LINESTRING (599790.8454030452 2397838.970138317, 599768.7725554401 2398079.5265397774)",6.311706512568524,25.5368598029863,oahu0012_0161,12,4,-5.201836217609891,5.055323750014068,10.25715996762396,1,"[-1.35057915 -0.36552703  0.75435193  1.58082399  1.19065103  0.73784254
  0.50655313  0.09197034  0.15461732 -0.25355383 -1.433021   -1.61412926]",-2.4208508118899097,1,5.52,4,8.52
161,oahu0012_0162,usa_HI_Oahu0012,0,"LINESTRING (599817.0936195599 2397838.0624173586, 599791.9596263166 2398076.5822499166)",6.9144239444997515,27.015443287098822,oahu0012_0162,11,5,-5.848385361758146,4.369681115885339,10.218066477643484,1,"[-1.17944503 -0.60347779  0.77817638  0.98620295  1.31287826  0.9746476
  0.79045879  0.36194344  0.16313583 -0.41299311 -1.65885439 -1.51267291]",-2.429324112071147,1,5.52,4,8.52
162,oahu0012_0163,usa_HI_Oahu0012,0,"LINESTRING (599844.5730720003 2397836.2849117396, 599811.0563898518 2398074.0664868765)",7.662298483359876,30.298959717376093,oahu0012_0163,11,5,-6.626685228034598,4.788433895942111,11.415119123976709,1,"[-1.14447963 -0.26795071  0.62384173  0.53498788  1.50020758  0.933301
  0.88720143  0.68545388  0.02598427 -0.54064805 -1.74010997 -1.49778941]",-2.464513831510114,1,5.52,4,8.52
163,oahu0012_0164,usa_HI_Oahu0012,0,"LINESTRING (599873.717663189 2397832.8182916087, 599826.7447403908 2398073.1474493667)",8.021579147938128,36.633140130257054,oahu0012_0164,11,5,-6.815395239841095,4.604191671795299,11.419586911636394,1,"[-0.96110022  0.07728043  0.56666141  0.45161088  1.44561778  0.55125919
  1.13342096  0.72573691 -0.0426096  -0.51329084 -2.01456891 -1.42001798]",-3.143215662853812,1,5.52,4,8.52
164,oahu0012_0165,usa_HI_Oahu0012,0,"LINESTRING (599902.4428563007 2397837.13607383, 599839.8275736402 2398073.7381643243)",8.437370212294285,37.82396159355792,oahu0012_0165,11,5,-6.787289967024549,4.572042452319128,11.359332419343676,1,"[-1.09730114  0.32656626  0.80888127  0.55744435  1.32194189  0.65016479
  0.78609609  0.6490098   0.07854735 -0.57291337 -1.86797412 -1.64046318]",-3.1365968907767052,1,5.52,4,8.52
165,oahu0012_0166,usa_HI_Oahu0012,0,"LINESTRING (599930.482572442 2397845.924343207, 599851.1154753175 2398076.1477670446)",7.641829488252448,36.11074390487194,oahu0012_0166,12,5,-6.231777158365798,4.406182978305242,10.63796013667104,1,"[-1.03421003 -0.36325797  0.94665485  0.69877213  1.45991057  0.7901456
  0.7966551   0.40017759  0.10542205 -0.5055745  -1.35638658 -1.93830881]",-3.3333357944402495,1,5.52,4,8.52
166,oahu0012_0167,usa_HI_Oahu0012,0,"LINESTRING (599958.7327069079 2397854.8745527207, 599861.3834708217 2398080.4061358804)",7.340411596202525,34.01558756148819,oahu0012_0167,12,5,-5.46978925084904,4.607589508836455,10.077378759685494,1,"[-1.6015111  -0.43791635  0.10069877  0.63133012  1.72345871  0.95949448
  0.62238443  0.62093595  0.31016581 -0.10910356 -1.20178528 -1.61815197]",-3.2611534773045756,8,5.63,5,8.629999999999999
167,oahu0012_0168,usa_HI_Oahu0012,0,"LINESTRING (599986.5407800853 2397865.690664015, 599871.4523420004 2398085.828384083)",7.044083966758292,33.76707656906287,oahu0012_0168,12,5,-5.356528797376914,4.022252049634094,9.378780847011008,1,"[-1.27209813 -0.28324058  0.3113799   0.6985987   1.67927998  0.7749
  0.61608996  0.43489418  0.51669823 -0.18247682 -1.61688066 -1.67714477]",-3.4622380762555602,8,5.63,5,8.629999999999999
168,oahu0012_0169,usa_HI_Oahu0012,0,"LINESTRING (600011.7817606552 2397881.563358224, 599881.5746504209 2398091.428933396)",6.896534622942382,31.515985413808618,oahu0012_0169,12,5,-4.657262920605824,4.529556591904505,9.18681951251033,1,"[-1.38010062 -0.41277791  0.24029077  0.6661318   1.89539783  0.87299201
  0.74142995  0.14958186  0.22890895 -0.02374769 -1.42122803 -1.55687893]",-3.237737084218629,8,5.63,5,8.629999999999999
169,oahu0012_0170,usa_HI_Oahu0012,0,"LINESTRING (600036.288668504 2397898.252394662, 599891.0251117565 2398097.6786974124)",6.856946724372935,32.83449970476026,oahu0012_0170,12,5,-4.071826480650152,3.8958672180098226,7.967693698659975,1,"[-1.27748014 -0.29276028  0.42749961  0.44062629  1.88115358  0.74468773
  0.63849189 -0.00524595  0.63803188 -0.03423341 -1.5587459  -1.60202531]",-3.626512937268642,8,5.63,5,8.629999999999999
170,oahu0012_0171,usa_HI_Oahu0012,0,"LINESTRING (600057.8450464088 2397918.652529302, 599899.7633453418 2398105.3496473306)",6.448740685234566,30.328276241029773,oahu0012_0171,12,5,-4.229819829404827,3.877785990730029,8.107605820134856,1,"[-1.1783209  -0.46251806  0.43876469  0.37423881  1.7701237   0.53199138
  0.82414319  0.14170602  0.68739613  0.14704954 -1.42064662 -1.85392789]",-3.4457379363652714,8,5.63,5,8.629999999999999
171,oahu0012_0172,usa_HI_Oahu0012,0,"LINESTRING (600078.3261814569 2397939.758080483, 599908.3340946706 2398114.189325355)",6.018585389935815,28.462869138602432,oahu0012_0172,12,7,-5.137240994270641,2.600351215625608,7.737592209896249,1,"[-1.52462053 -0.13865649  0.48814719  0.11601994  1.0266076   0.89434309
  1.06894851  0.48374819  0.66064372  0.12512622 -1.0519604  -2.14834703]",-3.4435462132617856,8,5.63,5,8.629999999999999
172,oahu0012_0173,usa_HI_Oahu0012,0,"LINESTRING (600097.6091604606 2397961.6373604075, 599916.7782653221 2398124.0521120923)",6.302797415552711,28.152732208082874,oahu0012_0173,12,7,-5.95578009716883,2.8166207903275726,8.772400887496403,1,"[-1.58159305 -0.3576638   0.47467258  0.18137655  0.73545135  0.74286439
  1.1239949   0.94951585  0.52096035  0.28194503 -0.9085761  -2.16294805]",-3.074877715847853,8,5.63,5,8.629999999999999
173,oahu0012_0174,usa_HI_Oahu0012,0,"LINESTRING (600113.9299969351 2397985.429035479, 599924.5664653776 2398135.4907163014)",7.071656053909703,27.79199190827689,oahu0012_0174,12,7,-6.829900335483115,5.245784307013725,12.07568464249684,1,"[-1.25085966 -0.78396194  0.01829676 -0.22544457  0.79275494  0.93766251
  1.51536184  1.10514326  0.65562855  0.06952729 -1.0339817  -1.80012729]",-2.2224366040951584,3,7.79,7,10.79
174,oahu0012_0175,usa_HI_Oahu0012,0,"LINESTRING (600130.4776198574 2398008.316606015, 599931.704969117 2398149.377183815)",8.067091420577738,31.34366019845673,oahu0012_0175,12,7,-8.763389420297388,4.738300493467442,13.50168991376483,1,"[-1.37526965 -0.57468217  0.22543498  0.03809575  0.59898224  1.15705935
  1.1915075   1.18996143  0.59158462 -0.05829654 -1.0527506  -1.9316269 ]",-2.2116980401610618,3,7.79,7,10.79
175,oahu0012_0176,usa_HI_Oahu0012,0,"LINESTRING (600142.8438860958 2398033.469361474, 599939.0531409626 2398166.0131010218)",7.421054961183128,30.889136168897423,oahu0012_0176,1,7,-5.753738214853183,5.55929134447301,11.313029559326193,1,"[-1.53770513 -0.36277008 -0.00531335  0.10779468  0.18253203  1.10190644
  1.59702046  1.38405827  0.46896036 -0.3373959  -1.11621768 -1.48287011]",-2.637914246959066,3,7.79,7,10.79
176,oahu0012_0177,usa_HI_Oahu0012,0,"LINESTRING (600153.4659070382 2398058.862809002, 599947.6378586144 2398184.6177945505)",7.429889831813758,28.75798721787757,oahu0012_0177,12,6,-6.939476415951749,5.403338377124829,12.342814793076577,1,"[-1.5277766  -0.65529903 -0.10847775  0.22263341  0.54942262  1.34859861
  1.30667723  1.18440327  0.37049441 -0.011169   -1.01030047 -1.6692067 ]",-2.2093426411941537,3,7.79,7,10.79
177,oahu0012_0178,usa_HI_Oahu0012,0,"LINESTRING (600164.9182877803 2398083.3529819115, 599958.316613013 2398203.602926472)",7.19795357275428,25.897992516334575,oahu0012_0178,12,6,-7.178972404445783,5.023443615858723,12.202416020304506,1,"[-1.2825928  -0.57795942  0.22634505  0.34611402  0.31272456  1.44778511
  1.37535949  0.85782242  0.32664707  0.05239001 -1.25805633 -1.82657917]",-1.902704200242499,8,5.63,5,8.629999999999999
178,oahu0012_0179,usa_HI_Oahu0012,0,"LINESTRING (600175.8945274699 2398108.0410161805, 599970.0922303891 2398221.727274777)",6.792679308686944,18.405763354467858,oahu0012_0179,12,7,-6.380427989546632,3.869257546442073,10.249685535988705,1,"[-1.27470343 -0.75280158  0.20559426  0.4819569   0.77154633  1.18530304
  1.27485892  0.93190486  0.23307743  0.05710491 -1.29774948 -1.81609216]",-1.2007158659836334,8,5.63,5,8.629999999999999
179,oahu0012_0180,usa_HI_Oahu0012,0,"LINESTRING (600197.37255486 2398127.2473671534, 599980.7858968979 2398239.502398482)",7.112951664111454,25.67632420413276,oahu0012_0180,12,6,-6.4310434218011565,3.273886479916129,9.704929901717286,1,"[-1.43436428 -0.46851396  0.29814744  0.53207459  1.00907222  1.1352977
  0.81756436  0.79022689  0.48911063  0.117347   -1.420129   -1.86583359]",-2.245396152907868,8,5.63,5,8.629999999999999
180,oahu0012_0181,usa_HI_Oahu0012,0,"LINESTRING (600211.2977202901 2398150.9716723845, 599990.4216161503 2398257.2697198414)",6.997759112118611,29.641083906482375,oahu0012_0181,12,6,-7.111974402851043,3.8674722350163435,10.979446637867387,1,"[-1.18617892 -0.28435925  0.28154541  0.76158518  0.99051141  1.29687068
  1.0111086   0.45576592  0.30431025 -0.32540041 -1.26734149 -2.03841737]",-2.6668018960951447,8,5.63,5,8.629999999999999
181,oahu0012_0182,usa_HI_Oahu0012,0,"LINESTRING (600232.7954175532 2398171.3736526356, 599998.9643331012 2398275.1498001874)",7.496759636482341,43.15256003379248,oahu0012_0182,12,6,-7.276875650371142,3.9451668108425366,11.222042461213679,1,"[-1.16310896 -0.0403466   0.90892819  0.77824912  0.89141107  1.2845808
  0.57419257  0.48068574  0.19716405 -0.58326025 -1.2836549  -2.04484083]",-4.2592425422300675,1,5.52,4,8.52
182,oahu0012_0183,usa_HI_Oahu0012,0,"LINESTRING (600237.95367276 2398199.0729719275, 600005.5776825151 2398294.4229376996)",7.607131798288758,39.98416120426362,oahu0012_0183,12,5,-7.661675835257901,4.344055887011383,12.005731722269283,1,"[-1.1866595  -0.15956309  0.86576461  1.04115726  1.24708835  1.23992468
  0.63852498  0.0601128  -0.15130797 -0.82300518 -0.80013205 -1.97190489]",-3.6779209594197058,1,5.52,4,8.52
183,oahu0012_0184,usa_HI_Oahu0012,0,"LINESTRING (600232.1207187175 2398230.461268059, 600011.5829461145 2398315.650272225)",7.543835377769989,27.033285724435242,oahu0012_0184,12,6,-5.436882483401197,5.498982560463748,10.935865043864945,1,"[-1.29495452 -0.43941041  0.51540042  1.19573852  0.6758561   1.55984408
  1.23330181  0.09259647 -0.28466967 -0.74164788 -0.91780247 -1.59425244]",-2.1338510021050863,1,5.52,4,8.52
184,oahu0012_0185,usa_HI_Oahu0012,0,"LINESTRING (600237.7526148636 2398256.5265457365, 600017.9808853165 2398338.6399153294)",7.458219166355909,26.89054834547088,oahu0012_0185,1,6,-4.5431958008258135,6.228331953330601,10.771527754156415,1,"[-1.41511025 -0.44540299  0.35940015  0.97678471  0.96307483  1.7863579
  0.96559954  0.17623446 -0.1327518  -0.79266377 -1.16027188 -1.2812509 ]",-2.1612425475544494,1,5.52,4,8.52
185,oahu0012_0186,usa_HI_Oahu0012,0,"LINESTRING (600243.2021793327 2398282.139299829, 600024.4352172558 2398363.693071783)",7.3847831758815605,26.755333237403644,oahu0012_0186,12,6,-5.6510144701513525,5.137784947329868,10.78879941748122,1,"[-1.21295266 -0.40477082  0.17556091  0.77608043  1.31410008  1.55454816
  0.95706008  0.26993181 -0.11871692 -0.3823669  -1.18928331 -1.73919086]",-2.1620856617792863,1,5.52,4,8.52
186,oahu0012_0187,usa_HI_Oahu0012,0,"LINESTRING (600249.3543124943 2398306.940508562, 600031.3878639707 2398391.14852211)",6.956004880111004,27.09303483152088,oahu0012_0187,12,6,-5.491533848946446,5.293733590010088,10.785267438956534,1,"[-1.30378603 -0.56399351  0.28634423  0.76832689  1.51172237  1.54807476
  0.92867232 -0.29847036 -0.00714603 -0.25621304 -0.99418993 -1.61934167]",-2.344415749217259,1,5.52,4,8.52
187,oahu0012_0188,usa_HI_Oahu0012,0,"LINESTRING (600256.7818211485 2398330.7938408637, 600040.1365876307 2398420.753480882)",7.6115000099155985,27.010532543977536,oahu0012_0188,12,6,-5.212676856889164,3.690506043218324,8.903182900107488,1,"[-1.52534043 -0.46080489  0.58365085  0.8970526   1.24006327  1.24687466
  1.2107133  -0.04304218 -0.36742678 -0.24140456 -0.86054649 -1.67978934]",-2.3789462813218645,1,5.52,4,8.52
188,oahu0012_0189,usa_HI_Oahu0012,0,"LINESTRING (600265.673543061 2398353.79173229, 600052.1516320202 2398450.9992452115)",7.891040305850166,28.55853468518055,oahu0012_0189,12,6,-5.505931397955779,5.207949091527013,10.713880489482792,1,"[-1.29865921 -0.32833039  0.70985641  0.78201641  1.21967857  1.41179357
  1.13046444  0.14739579 -0.48511471 -0.59406551 -1.13547121 -1.55956416]",-2.261381706854076,1,5.52,4,8.52
189,oahu0012_0190,usa_HI_Oahu0012,0,"LINESTRING (600275.8818053482 2398376.1845076233, 600066.4208742303 2398481.0023649777)",7.145377636265085,28.269836635213547,oahu0012_0190,12,6,-5.294309499830032,5.97711884383973,11.271428343669761,1,"[-1.32725093 -0.39846651  0.64684752  0.34872275  1.24590784  1.47536696
  1.30158402  0.21844506 -0.11661787 -0.78503189 -1.17410344 -1.4354035 ]",-2.3789377072628617,1,5.52,4,8.52
190,oahu0012_0191,usa_HI_Oahu0012,0,"LINESTRING (600286.656296774 2398398.2746802256, 600081.6106415536 2398511.012676427)",7.3732808592206,27.48926266574065,oahu0012_0191,12,5,-5.927822320185381,7.08130749976209,13.009129819947471,1,"[-1.29477016 -0.17464018  0.44843403  0.53527068  1.60193069  1.3150862
  1.04593493  0.1357807  -0.09137541 -0.76606291 -1.32498645 -1.43060212]",-1.9638656281057245,1,5.52,4,8.52
191,oahu0012_0192,usa_HI_Oahu0012,0,"LINESTRING (600298.3594607214 2398419.563337762, 600097.6770638406 2398541.65319653)",7.112988540803441,25.25404494889408,oahu0012_0192,11,5,-6.400832467538745,7.856162868242933,14.256995335781678,1,"[-1.10194455 -0.16197961  0.40948568  0.61212009  1.67357702  1.26872638
  1.06597288  0.11688056 -0.24018591 -0.88287307 -1.4549892  -1.30479027]",-1.5460519231864587,1,5.52,4,8.52
192,oahu0012_0193,usa_HI_Oahu0012,0,"LINESTRING (600310.7728257219 2398439.7503023217, 600114.9113329162 2398573.90763733)",7.730193789304587,20.774724580672462,oahu0012_0193,12,5,-5.92550665276984,7.833462706817912,13.758969359587752,1,"[-1.15913092 -0.50676053  0.13021969  0.49457501  1.65148375  1.37088872
  1.24957001  0.15757276 -0.02066191 -0.79459751 -1.250022   -1.32313708]",-0.9075781813894024,1,5.52,4,8.52
193,oahu0012_0194,usa_HI_Oahu0012,0,"LINESTRING (600323.6186588077 2398458.511644306, 600134.9439473576 2398608.221074624)",7.446886583892822,22.549615531639418,oahu0012_0194,12,5,-6.240183664260032,7.750850095302123,13.991033759562155,1,"[-1.24308757 -0.49408939  0.02220671  0.66963254  1.58125401  1.11763879
  1.3772907   0.25998428  0.03310737 -0.61691072 -1.32162209 -1.38540464]",-1.1492832173097642,1,5.52,4,8.52
194,oahu0012_0195,usa_HI_Oahu0012,0,"LINESTRING (600337.2566053466 2398475.317445547, 600160.3626658937 2398642.761610319)",8.085975335155243,25.226298434925567,oahu0012_0195,1,6,-7.281324322317509,8.021528330420718,15.302852652738228,1,"[-1.44470327 -0.54864268  0.00562387  0.57922124  1.30187875  1.55814233
  0.86944238  0.60856789  0.24508173 -0.42165248 -1.37080175 -1.382158  ]",-1.2272416586584627,1,5.52,4,8.52
195,oahu0012_0196,usa_HI_Oahu0012,0,"LINESTRING (600353.2681318917 2398489.201766478, 600191.9725848917 2398674.88867688)",8.581713719851779,26.1496472317385,oahu0012_0196,1,6,-9.134001953049928,7.999482877143111,17.13348483019304,1,"[-1.60534944 -0.53124071  0.10961606  0.73536913  1.19629431  1.41983477
  1.09295589  0.5323848   0.07127373 -0.37891258 -1.21275614 -1.42946981]",-1.050624932953506,1,5.52,4,8.52
196,oahu0012_0197,usa_HI_Oahu0012,0,"LINESTRING (600372.454293958 2398498.506090953, 600228.1382229119 2398701.0268439488)",8.71644563441627,26.407088755802864,oahu0012_0197,12,6,-8.844697273640275,7.421473008806558,16.266170282446833,1,"[-1.51859523 -0.8902278   0.14462819  0.7219905   1.1449088   1.29175206
  0.88479042  0.77363357  0.38675403 -0.1943558  -1.2264506  -1.51882813]",-1.163423590151854,8,5.63,5,8.629999999999999
197,oahu0012_0198,usa_HI_Oahu0012,0,"LINESTRING (600392.4835166122 2398506.785094594, 600265.4187445024 2398719.651033318)",8.383185699424768,25.254456213768833,oahu0012_0198,1,5,-9.076497973692003,6.133950480080973,15.210448453772976,1,"[-1.72292445 -0.78158212 -0.00347899  0.35809964  1.2080253   1.1498921
  0.9044507   0.72851637  0.78949716 -0.00752126 -1.08932811 -1.53364633]",-1.1981134762033305,8,5.63,5,8.629999999999999
198,oahu0012_0199,usa_HI_Oahu0012,0,"LINESTRING (600413.915901711 2398514.647821612, 600300.300275163 2398733.5642920975)",8.213747732890871,25.462058619733607,oahu0012_0199,1,5,-7.604974139025497,5.567149826149169,13.172123965174666,1,"[-1.67254458 -1.01843244  0.18792283  0.50740129  1.2449926   1.23551844
  0.790308    0.53801827  0.79688994 -0.07481888 -1.15001695 -1.38523851]",-1.496263953340753,8,5.63,5,8.629999999999999
199,oahu0012_0200,usa_HI_Oahu0012,0,"LINESTRING (600436.1465754367 2398523.113530311, 600332.0546858554 2398743.9627447417)",7.132437816936958,25.159987488641082,oahu0012_0200,12,5,-7.014424178716698,5.471834658040617,12.486258836757315,1,"[-1.56712763 -0.82366847  0.45408636  0.74415126  1.34763691  1.15195149
  0.81653509  0.49963766  0.26808519 -0.11824343 -1.14620777 -1.62683666]",-1.776914005725819,8,5.63,5,8.629999999999999
200,oahu0012_0201,usa_HI_Oahu0012,0,"LINESTRING (600459.3908290014 2398531.7337199063, 600360.4142369156 2398751.63904145)",7.133652525797819,25.152813190710475,oahu0012_0201,12,5,-7.020111884498819,7.983614758433962,15.003726642932781,1,"[-1.12578209 -0.78395757  0.23378051  0.91905178  1.75887098  1.17849388
  0.81416187  0.26751492 -0.13252265 -0.41627867 -1.10183424 -1.61149871]",-1.4227054809685495,1,5.52,4,8.52
201,oahu0012_0202,usa_HI_Oahu0012,0,"LINESTRING (600482.831589842 2398542.3215525383, 600385.2587525332 2398758.869747802)",6.562361437847661,22.733954447079903,oahu0012_0202,12,5,-5.181708839427715,5.4635855082482525,10.645294347675968,1,"[-1.38219093 -0.83503583  0.45964603  0.77130842  1.52252699  1.33737924
  1.03498111  0.0015612  -0.09113989 -0.27461702 -1.06309676 -1.48132256]",-1.842120433916362,1,5.52,4,8.52
202,oahu0012_0203,usa_HI_Oahu0012,0,"LINESTRING (600506.4316163211 2398554.0375435445, 600407.409140756 2398767.852280831)",6.413545587014053,20.77297142377867,oahu0012_0203,12,5,-4.446869362303728,5.129739010997119,9.576608373300846,1,"[-1.28547048 -0.80552126  0.58575968  0.97070398  1.53271695  1.24100283
  1.08849477 -0.20167592 -0.19369603 -0.48541167 -1.09753912 -1.34936371]",-1.745736878076905,1,5.52,4,8.52
203,oahu0012_0204,usa_HI_Oahu0012,0,"LINESTRING (600529.540271802 2398566.7759631556, 600428.4719841958 2398779.3981970195)",6.398411628530918,19.99196156070103,oahu0012_0204,1,6,-3.6963774495897006,4.007797397805263,7.704174847394963,1,"[-1.24284052 -0.58270132  0.4867135   1.21671078  1.31052264  1.36140134
  1.18419827 -0.53535481 -0.34041393 -0.50736966 -1.14282781 -1.20803847]",-1.9204432954132014,1,5.52,4,8.52
204,oahu0012_0205,usa_HI_Oahu0012,0,"LINESTRING (600551.5137732364 2398580.5771413334, 600450.1029616869 2398793.6262818435)",6.658169544940232,19.688061391568844,oahu0012_0205,12,5,-4.252149064688936,5.077906028390339,9.330055093079276,1,"[-1.35731468 -0.26349126  0.50537516  0.91883587  1.5426935   1.31673561
  1.06527526 -0.2647573  -0.44731277 -0.48378544 -1.144246   -1.38800797]",-1.5556837699275723,1,5.52,4,8.52
205,oahu0012_0206,usa_HI_Oahu0012,0,"LINESTRING (600572.5559179938 2398595.223057761, 600474.2247752908 2398808.4751983215)",6.885379848981485,19.08087536023143,oahu0012_0206,1,5,-6.319594386564363,6.261808292119035,12.581402678683398,1,"[-1.5449629  -0.13459933  0.4233368   0.99170681  1.49216419  1.22224212
  0.98608235  0.05925149 -0.48292096 -0.4953538  -1.04648434 -1.47046243]",-0.9439526684224202,1,5.52,4,8.52
206,oahu0012_0207,usa_HI_Oahu0012,0,"LINESTRING (600594.1461243785 2398608.6114601037, 600501.004006509 2398821.8854521145)",7.31131433373415,16.37599698280124,oahu0012_0207,1,5,-6.945852347384383,6.345045181707539,13.290897529091922,1,"[-1.5382815  -0.14158379  0.3470333   1.13194438  1.36180762  1.11270824
  1.140501    0.10576907 -0.40615571 -0.522402   -1.21835527 -1.37298535]",-0.4219623603754495,1,5.52,4,8.52
207,oahu0012_0208,usa_HI_Oahu0012,0,"LINESTRING (600617.1240457307 2398618.922548074, 600528.8455046224 2398833.0468274974)",7.7881301321745156,15.95869014276273,oahu0012_0208,12,5,-7.973388516165079,7.328268961788148,15.301657477953228,1,"[-1.44567449 -0.47043446  0.34984752  1.04568852  1.43643436  0.92863279
  1.26758233  0.22755924 -0.23835058 -0.42189646 -1.16047602 -1.51891276]",-0.0843633392943902,1,5.52,4,8.52
208,oahu0012_0209,usa_HI_Oahu0012,0,"LINESTRING (600640.9736355735 2398627.519811404, 600556.1886338126 2398841.0466141445)",7.735064966356137,15.538435968326507,oahu0012_0209,12,5,-8.083178695090897,6.726635447137976,14.809814142228873,1,"[-1.37773506 -0.48657002  0.06584606  0.97388969  1.36385716  1.14515094
  1.26254636  0.40807088 -0.24868624 -0.40700878 -1.11569241 -1.58366858]",-0.09419724711644863,1,5.52,4,8.52
209,oahu0012_0210,usa_HI_Oahu0012,0,"LINESTRING (600664.8519274807 2398637.2828532406, 600581.4191471555 2398847.789904629)",7.298036900591263,14.58194747036826,oahu0012_0210,12,5,-6.8873837142041126,6.150918696123677,13.03830241032779,1,"[-1.34080661 -0.64283059 -0.01354256  0.79497556  1.38366127  1.31056763
  1.24883965  0.49550262 -0.18560661 -0.43165976 -1.12383056 -1.49527005]",-0.21151510756480404,1,5.52,4,8.52
210,oahu0012_0211,usa_HI_Oahu0012,0,"LINESTRING (600688.8368524916 2398647.766006135, 600604.3631137549 2398855.912262882)",7.253562284140717,13.313082366066581,oahu0012_0211,12,7,-6.283102968120183,7.951946858185115,14.235049826305298,1,"[-1.25671966 -0.59671055 -0.15831321  0.8035709   1.1169968   1.00812661
  1.82243194  0.52272372 -0.23256716 -0.566551   -0.97942262 -1.48356577]",0.12710547233523017,1,5.52,4,8.52
211,oahu0012_0212,usa_HI_Oahu0012,0,"LINESTRING (600712.2974277966 2398659.7394135534, 600626.3929466157 2398865.5511043216)",7.2842317531000385,11.904137969087994,oahu0012_0212,1,7,-5.430582549608827,8.246886813378659,13.677469362987486,1,"[-1.33632534 -0.51466298 -0.15640064  0.65946297  1.18797542  1.02738433
  1.94670556  0.45337595 -0.46342724 -0.63986351 -0.90623781 -1.25798669]",0.24344796459074677,1,5.52,4,8.52
212,oahu0012_0213,usa_HI_Oahu0012,0,"LINESTRING (600736.1869168375 2398670.635669924, 600648.6150374206 2398875.287669088)",6.145831022986661,12.174314138284279,oahu0012_0213,1,7,-4.9018270157841695,7.2740466800971895,12.175873695881359,1,"[-1.39166413 -0.42234526 -0.26427015  0.65315892  1.25732546  1.05835467
  1.8454296   0.57998043 -0.63660701 -0.58970118 -0.9773317  -1.11232966]",0.0002537586196637797,1,5.52,4,8.52
213,oahu0012_0214,usa_HI_Oahu0012,0,"LINESTRING (600760.3941664329 2398680.81625674, 600670.8654529534 2398884.3984979447)",5.828336342453296,11.100639436089521,oahu0012_0214,12,7,-3.4572970280740782,5.62452785891216,9.081824886986238,1,"[-1.27446584 -0.33372594 -0.23803773  0.53907237  1.19389501  1.26854252
  1.81363369  0.51218136 -0.6280207  -0.67823174 -0.85126353 -1.32357948]",-0.3463792119199339,1,5.52,4,8.52
214,oahu0012_0215,usa_HI_Oahu0012,0,"LINESTRING (600785.0523527601 2398690.2059666123, 600692.5425612839 2398893.114552007)",5.445105845998469,10.469454159789159,oahu0012_0215,12,7,-2.59583263320415,4.754933036432828,7.350765669636978,1,"[-0.7024888  -0.70098434 -0.10697706  0.44681242  1.0865505   1.57122624
  1.9832586  -0.16583038 -0.56963947 -0.62431218 -1.00701728 -1.21059824]",-0.5727507560654785,1,5.52,4,8.52
215,oahu0012_0216,usa_HI_Oahu0012,0,"LINESTRING (600809.6354738659 2398700.0633716267, 600713.3299280036 2398900.76681747)",5.398555095614715,9.36477335860206,oahu0012_0216,2,7,-1.649092459415094,3.4624390902822864,5.11153154969738,1,"[-0.13488211 -1.07622758 -0.95343635  0.19565171  0.78621868  1.54512064
  1.93350841 -0.99771318 -0.72260816 -0.15943215  0.65867689 -1.07487681]",-0.7878481804065718,10,6.0,6,9.0
216,oahu0012_0217,usa_HI_Oahu0012,0,"LINESTRING (600834.1123635907 2398710.525236022, 600732.5177156385 2398906.7959308196)",5.6047214104501855,9.184083372545325,oahu0012_0217,2,6,-2.585845416726637,3.026558578517017,5.612403995243654,1,"[ 0.51693766 -1.63569103 -0.79940258  0.39282888  0.19100241  1.64462226
  1.10363615 -1.08600131 -1.02200326 -0.30694242  1.3623469  -0.36133367]",-0.6372626069588685,10,6.0,6,9.0
217,oahu0012_0218,usa_HI_Oahu0012,0,"LINESTRING (600859.6231401331 2398719.91409643, 600749.1120776102 2398913.164708615)",6.382412552105664,8.063255456489491,oahu0012_0218,12,11,-1.6633972181461334,3.3766391195375443,5.040036337683677,0,"[0, 0, 0, 0, 0, 0, 0, 0, 0, 0, 0, 0]",-0.4736796774142098,4,inf,10,
218,oahu0012_0219,usa_HI_Oahu0012,0,"LINESTRING (600884.4703124461 2398731.4457091605, 600763.417021345 2398921.922798571)",5.54206533950345,8.870063363606992,oahu0012_0219,9,6,-1.8307174819396668,2.561913608043149,4.392631089982816,0,"[0, 0, 0, 0, 0, 0, 0, 0, 0, 0, 0, 0]",-0.8078995824371386,4,inf,10,
219,oahu0012_0220,usa_HI_Oahu0012,0,"LINESTRING (600907.5061570753 2398745.8954523876, 600776.8267848779 2398933.4619886563)",5.223478522601728,10.365646798312483,oahu0012_0220,11,5,-1.7434306802998911,2.5578193628050796,4.301250043104971,0,"[0, 0, 0, 0, 0, 0, 0, 0, 0, 0, 0, 0]",-1.1609881669786088,4,inf,10,
220,oahu0012_0221,usa_HI_Oahu0012,0,"LINESTRING (600930.3694731055 2398760.511512587, 600791.2428903539 2398946.1921007102)",5.871527859367647,11.936719342553594,oahu0012_0221,1,5,-4.842460471738075,3.86313684738922,8.705597319127296,1,"[-1.60845521 -0.40983459  0.44509252  1.01376511  1.3975196   1.13611023
  1.09476802  0.36275391 -0.34822291 -0.70696888 -1.17934437 -1.19718343]",-0.5503034475551793,1,5.52,4,8.52
221,oahu0012_0222,usa_HI_Oahu0012,0,"LINESTRING (600953.5276492442 2398774.7835890413, 600806.6610469403 2398959.452677001)",6.059721074128826,16.333981943055534,oahu0012_0222,1,5,-5.9901907297225385,5.716780859572612,11.70697158929515,1,"[-1.55749783 -0.47882327  0.23242545  0.945163    1.53148158  1.38090906
  0.83875381  0.22920147 -0.04831934 -0.78660463 -0.86618802 -1.42050129]",-0.7635682067141323,1,5.52,4,8.52
222,oahu0012_0223,usa_HI_Oahu0012,0,"LINESTRING (600975.154981159 2398790.961700711, 600822.3613577173 2398973.6177462433)",7.35316705922751,20.206074448325335,oahu0012_0223,12,6,-7.703304559030672,7.155827784715521,14.859132343746193,1,"[-1.43185346 -0.48831109  0.12219911  0.85868082  1.28746794  1.46327366
  1.01408487  0.41521442  0.02260908 -0.64560861 -1.06812836 -1.54962838]",-0.7271617877726917,1,5.52,4,8.52
223,oahu0012_0224,usa_HI_Oahu0012,0,"LINESTRING (600995.7339842073 2398808.286201115, 600838.4784285004 2398988.277544701)",8.5699765633745,22.499652580851997,oahu0012_0224,12,6,-8.644161363003626,7.204790574390827,15.848951937394453,1,"[-1.26132592 -0.8159467   0.17244873  0.81968279  1.20582613  1.36379932
  1.11746496  0.53282558  0.25281169 -0.76261767 -1.08407382 -1.54089509]",-0.7760465380828037,1,5.52,4,8.52
224,oahu0012_0225,usa_HI_Oahu0012,0,"LINESTRING (601015.2655184572 2398826.614912875, 600854.5862842565 2399003.763000204)",8.716254379750449,23.5868601139629,oahu0012_0225,12,5,-9.034625935664513,7.470485295756761,16.505111231421274,1,"[-1.3946938  -0.6416322   0.15458266  0.64954729  1.43083959  1.28097883
  0.8536109   0.66611791  0.29974678 -0.5395418  -1.10753924 -1.65201692]",-0.8124761593688571,8,5.63,5,8.629999999999999
225,oahu0012_0226,usa_HI_Oahu0012,0,"LINESTRING (601034.5780963065 2398844.9588625766, 600870.8476639106 2399020.0927203908)",8.670801886739353,24.437883756242403,oahu0012_0226,12,5,-7.844237064713344,8.337183587672119,16.181420652385462,1,"[-1.2208642  -1.07203738  0.16008019  0.75502802  1.62041124  1.13379135
  0.70444788  0.72905927  0.33577232 -0.5560735  -1.13585845 -1.45375673]",-0.95221447931868,8,5.63,5,8.629999999999999
226,oahu0012_0227,usa_HI_Oahu0012,0,"LINESTRING (601050.5160270161 2398866.6165063917, 600887.5310624944 2399036.8941680575)",7.579258505353362,23.053180463022898,oahu0012_0227,12,6,-9.489836547235804,5.851123272165783,15.340959819401586,1,"[-1.24750617 -0.83845487  0.34802956  0.83833018  1.11747266  1.15383961
  0.93578591  0.73711297  0.35472948 -0.40619761 -1.22509364 -1.76804808]",-1.0175428952811196,8,5.63,5,8.629999999999999
227,oahu0012_0228,usa_HI_Oahu0012,0,"LINESTRING (601065.5176050912 2398888.698576984, 600903.873662748 2399055.3842264595)",7.644071184364504,19.97451209248859,oahu0012_0228,12,5,-9.54587723175362,6.15533209310219,15.70120932485581,1,"[-1.12209429 -0.63995182  0.11184593  0.79040948  1.15313207  1.07512167
  1.12961358  0.8492552   0.20868441 -0.418946   -1.37935492 -1.75771531]",-0.5590349258355377,8,5.63,5,8.629999999999999
228,oahu0012_0229,usa_HI_Oahu0012,0,"LINESTRING (601081.7773299622 2398908.9925922314, 600921.0165051882 2399075.5502817174)",7.743650442646533,18.763907177090736,oahu0012_0229,12,6,-8.576775534431894,6.819584987668259,15.396360522100153,1,"[-1.10374439 -0.96660558 -0.00475975  0.84882193  1.27508892  1.31776651
  1.08017704  0.61970273  0.18722591 -0.51252067 -1.08858653 -1.65256612]",-0.43487844394996517,8,5.63,5,8.629999999999999
229,oahu0012_0230,usa_HI_Oahu0012,0,"LINESTRING (601099.7316965915 2398927.2883120854, 600940.3148692104 2399095.743248146)",7.864980364284371,18.693656570121206,oahu0012_0230,12,5,-7.396931099810528,7.859411269272723,15.256342369083251,1,"[-1.19809811 -0.94316093  0.07278245  0.88050289  1.54403821  1.04064442
  1.18057171  0.60260351 -0.08063015 -0.50651462 -1.14414732 -1.44859207]",-0.43704040465849453,1,5.52,4,8.52
230,oahu0012_0231,usa_HI_Oahu0012,0,"LINESTRING (601118.8746007967 2398944.2406812627, 600961.2306625457 2399114.621373938)",8.39287069067083,20.487119212179806,oahu0012_0231,12,5,-8.269866807173667,8.235680364132904,16.50554717130657,1,"[-1.10227055 -0.71800602  0.37345305  0.71718455  1.53748052  1.33478064
  0.92946953  0.45721588 -0.07848476 -0.6547674  -1.23469179 -1.56136364]",-0.4743993071761474,1,5.52,4,8.52
231,oahu0012_0232,usa_HI_Oahu0012,0,"LINESTRING (601140.6229320214 2398958.558766192, 600982.5367789168 2399131.5789025235)",8.828830453172595,23.39940028362037,oahu0012_0232,12,6,-8.276422643775629,7.7227260394531285,15.999148683228757,1,"[-1.06077412 -0.79866092  0.52025444  0.85746677  1.10402764  1.49345248
  0.59549969  0.53116623  0.33685858 -0.4889592  -1.45210444 -1.63822714]",-0.8381916086895033,1,5.52,4,8.52
232,oahu0012_0233,usa_HI_Oahu0012,0,"LINESTRING (601166.7595038189 2398968.508318219, 601002.951134151 2399146.6952254153)",9.716892902300758,31.543205979734946,oahu0012_0233,12,6,-8.966708180047718,7.197896097043978,16.164604277091698,1,"[-0.92680831 -0.8026884   0.58013795  1.07507856  1.37112905  1.41624059
  0.27402271  0.45938531 -0.01445496 -0.38366396 -1.38491387 -1.66346468]",-1.5826665846035943,1,5.52,4,8.52
233,oahu0012_0234,usa_HI_Oahu0012,0,"LINESTRING (601190.6534464268 2398981.752495257, 601021.8458192011 2399159.928310437)",9.001806556584505,33.3096247920359,oahu0012_0234,12,6,-8.112142100408018,8.111183921245367,16.223326021653385,1,"[-1.22928882 -0.83406422  0.80583605  1.15948403  1.10194408  1.57413836
  0.31884743  0.3195196   0.04225073 -0.62170475 -1.17996297 -1.45699951]",-1.89809663904458,1,5.52,4,8.52
234,oahu0012_0235,usa_HI_Oahu0012,0,"LINESTRING (601204.2543574616 2399006.3950384124, 601038.030772701 2399173.0787113453)",7.960033569088304,22.47731836088565,oahu0012_0235,12,6,-6.861467380791453,10.453267921159993,17.314735301951444,1,"[-1.19427185 -0.74154298  0.63285679  1.02421513  1.02820281  1.81727168
  0.49647779  0.21456973  0.0353831  -0.70226148 -1.20728673 -1.403614  ]",-0.6485629757872364,1,5.52,4,8.52
235,oahu0012_0236,usa_HI_Oahu0012,0,"LINESTRING (601215.3643699331 2399032.170967899, 601050.2035866673 2399190.3611944066)",8.657373211878078,20.439956440406725,oahu0012_0236,12,6,-7.899754124475876,9.410606320549679,17.310360445025555,1,"[-1.26098421 -0.86718875  0.38951234  0.63125003  1.11686636  1.74837096
  0.86511747  0.54286534  0.01076173 -0.56327321 -1.18763715 -1.42566089]",-0.3614948690310943,1,5.52,4,8.52
236,oahu0012_0237,usa_HI_Oahu0012,0,"LINESTRING (601224.5108749567 2399057.410773029, 601061.2663410775 2399214.1120712557)",7.9208156616845615,19.115898970250317,oahu0012_0237,12,5,-8.123082889900534,7.798990743203417,15.92207363310395,1,"[-1.01614357 -0.75899035  0.54468132  0.93168414  1.40246298  1.37047169
  0.72299814  0.4308322  -0.10401383 -0.65209416 -1.19791333 -1.67397522]",-0.40321924831503003,1,5.52,4,8.52
237,oahu0012_0238,usa_HI_Oahu0012,0,"LINESTRING (601235.3267767592 2399079.2757546073, 601077.1187604223 2399243.1557400594)",6.599595925494237,15.863665861420339,oahu0012_0238,12,5,-7.786295057366787,6.708186867127399,14.494481924494185,1,"[-1.33245163 -0.71508184  0.43556924  0.83295321  1.38204233  1.07396805
  1.12414921  0.48955485 -0.00933459 -0.51238668 -1.09585906 -1.67312309]",-0.2074648133587993,1,5.52,4,8.52
238,oahu0012_0239,usa_HI_Oahu0012,0,"LINESTRING (601249.2463302647 2399097.633972959, 601101.7383267586 2399274.1276870365)",6.414434109282391,15.222316566270095,oahu0012_0239,12,5,-8.614816937518022,6.959334177876476,15.574151115394498,1,"[-1.30321943 -0.51100038  0.38413818  0.77955495  1.3934892   1.34504398
  0.96193011  0.21766483  0.17734163 -0.62692497 -1.12048804 -1.69753005]",0.054850442475550536,1,5.52,4,8.52
239,oahu0012_0240,usa_HI_Oahu0012,0,"LINESTRING (601266.5363472805 2399111.2648765473, 601134.9791683941 2399298.435233108)",7.64136554145803,15.216951877109134,oahu0012_0240,12,6,-6.3843862710258215,9.46553555103365,15.849921822059471,1,"[-1.22135852 -0.58068102  0.4687368   0.54203128  1.51023882  1.73654519
  0.75139266  0.17037693 -0.03830972 -0.94086705 -1.14710097 -1.25100439]",0.0828346637150357,1,5.52,4,8.52
240,oahu0012_0241,usa_HI_Oahu0012,0,"LINESTRING (601288.8051223257 2399116.7752752397, 601169.7932027547 2399310.428325975)",7.307167422312766,17.724076890640305,oahu0012_0241,1,5,-6.555404358727284,8.837751240335948,15.393155599063231,1,"[-1.40193979 -0.29127233  0.34100544  0.88863418  1.8529679   1.17037565
  0.67764556  0.27721453 -0.32335595 -0.70960387 -1.33304806 -1.14862326]",-0.3189910887301556,1,5.52,4,8.52
241,oahu0012_0242,usa_HI_Oahu0012,0,"LINESTRING (601313.3917798935 2399121.4305010545, 601198.9751075958 2399317.18027406)",6.77312310457826,17.293689374869153,oahu0012_0242,1,5,-6.9728763801638,8.34411260090424,15.31698898106804,1,"[-1.53840854 -0.41286233  0.38656043  0.72380531  1.89349899  0.86950834
  0.48044879  0.42469441  0.23403338 -0.26700165 -1.33845554 -1.45582157]",-0.29184474625375884,1,5.52,4,8.52
242,oahu0012_0243,usa_HI_Oahu0012,0,"LINESTRING (601339.1957465697 2399128.3479590896, 601222.120232811 2399324.8845764087)",6.257573709097339,17.22122186792959,oahu0012_0243,12,5,-6.455655129136797,5.280777486319025,11.736432615455822,1,"[-1.59398079 -0.52384259  0.44320573  0.70942943  1.41202592  0.98596916
  0.87145711  0.53899549  0.39576803 -0.39002416 -1.19864154 -1.65036179]",-0.8765041384170852,8,5.63,5,8.629999999999999
243,oahu0012_0244,usa_HI_Oahu0012,0,"LINESTRING (601365.8896178309 2399135.7586198705, 601241.3766609054 2399333.662896412)",5.3289845667909645,22.25974140141204,oahu0012_0244,12,5,-6.490709422305634,4.773200256719097,11.263909679024732,1,"[-1.47951288 -0.60153659  0.35609613  0.65513823  1.53259808  0.87607158
  0.64172863  0.70062501  0.48944119 -0.33342484 -0.91936826 -1.91785627]",-2.0634009321233284,8,5.63,5,8.629999999999999
244,oahu0012_0245,usa_HI_Oahu0012,0,"LINESTRING (601389.5906802525 2399148.852598931, 601258.150760775 2399344.867593001)",6.211501855502062,25.93834705483863,oahu0012_0245,12,5,-6.097080869714009,4.639175422847366,10.736256292561375,1,"[-1.29365657 -0.73029946  0.56685645  0.56323725  1.4287835   0.97461034
  0.52799859  0.85407659  0.52908258 -0.37129118 -1.31513274 -1.73426537]",-2.4474098399908635,8,5.63,5,8.629999999999999
245,oahu0012_0246,usa_HI_Oahu0012,0,"LINESTRING (601410.6178402243 2399165.3176931227, 601273.9726260242 2399359.5880182986)",7.256503262620883,30.159779148310353,oahu0012_0246,12,5,-6.615021562280363,5.403862784155519,12.018884346435883,1,"[-1.54636949 -0.77481116  0.46244654  0.68608593  1.44737239  0.88675714
  0.73193643  0.64235318  0.53002998 -0.23555428 -1.13880909 -1.69143756]",-2.499949927028958,8,5.63,5,8.629999999999999
